year,est_x,lwr_x,upr_x,se_x,est_y,lwr_y,upr_y,se_y,type,species
1993,649.2306318356297,634.6533468210181,663.8079168502412,7.437526979880914,6353.239773972886,6339.431538784337,6367.0480091614345,7.045147409578202,cog,Aphia minuta
1994,618.0993899956832,596.9662220912928,639.2325579000735,10.782426652268166,6378.551258618498,6354.510180533252,6402.592336703743,12.266081558068613,cog,Aphia minuta
1995,642.4397850960579,630.3851040074858,654.49446618463,6.150460510324625,6333.15448605678,6318.069183147224,6348.239788966336,7.696724546240241,cog,Aphia minuta
1996,622.2940881600878,602.7173741112138,641.8708022089618,9.988302950101447,6372.408986907298,6344.625755813725,6400.1922180008705,14.175378380788414,cog,Aphia minuta
1997,627.2759582624906,607.9560170351352,646.5958994898459,9.857294001190093,6358.9048655132165,6336.53049281793,6381.279238208503,11.415706039382597,cog,Aphia minuta
1998,634.3167347451109,621.0930349600908,647.540434530131,6.746909580648933,6378.969064616849,6362.779391178834,6395.158738054864,8.26018925129096,cog,Aphia minuta
1999,624.1150953175928,611.1432210660304,637.0869695691553,6.618424804681595,6373.612437663508,6357.3046585800075,6389.9202167470085,8.320448340956238,cog,Aphia minuta
2000,621.5405100900244,607.2549988742123,635.8260213058365,7.288660061355443,6387.263530239216,6372.639217314119,6401.887843164313,7.461521252661864,cog,Aphia minuta
2001,606.7209053903783,594.748595657202,618.6932151235546,6.108433536336577,6396.027701436853,6380.9700347053795,6411.085368168327,7.6826241962845945,cog,Aphia minuta
2002,645.730758921148,628.2903119155136,663.1712059267824,8.898350757055942,6343.561558613563,6322.352040550953,6364.771076676173,10.82138153043003,cog,Aphia minuta
2003,610.204763964573,594.7395895783645,625.6699383507814,7.8905400855300005,6408.2267282462035,6388.1655915230895,6428.2878649693175,10.235461917338014,cog,Aphia minuta
2004,633.398092569621,615.5984812005734,651.1977039386686,9.081601248517174,6340.044807707176,6317.9005665152345,6362.189048899118,11.298289849513868,cog,Aphia minuta
2005,601.2750182554248,585.9595726141046,616.5904638967451,7.814146464999641,6408.0795336721385,6386.953017990359,6429.206049353918,10.779032598773897,cog,Aphia minuta
2006,636.6788088446673,620.0363584829245,653.3212592064101,8.491202130761733,6368.951081301046,6345.477234390908,6392.424928211183,11.976672579341365,cog,Aphia minuta
2007,655.6096918769148,641.8127318926025,669.406651861227,7.039394648647061,6347.536542926423,6328.196206274264,6366.876879578582,9.867700021384602,cog,Aphia minuta
2008,611.6597085221833,597.8130430716104,625.5063739727563,7.064755046415955,6395.272024672587,6380.538135666599,6410.005913678574,7.5174284436887415,cog,Aphia minuta
2009,601.4679389754707,586.2345550578865,616.7013228930549,7.772277469251083,6403.026208322619,6386.384109329331,6419.6683073159065,8.491022857847364,cog,Aphia minuta
2010,608.7108776807208,590.2872544797928,627.1345008816489,9.399980482422798,6384.094828462078,6366.629610108072,6401.560046816085,8.910989432341761,cog,Aphia minuta
2012,622.8268150065261,609.3372268705763,636.3164031424759,6.88256939533276,6385.647330999976,6369.5221498103965,6401.772512189555,8.227284438271484,cog,Aphia minuta
2013,599.5046833995234,586.2080184018362,612.8013483972106,6.784137414039033,6410.698243956175,6397.278013272243,6424.118474640108,6.84718228997568,cog,Aphia minuta
2014,600.3120756066355,586.8708564129876,613.7532948002835,6.857890910073147,6394.938340733033,6380.543374862743,6409.333306603324,7.344505298993425,cog,Aphia minuta
2015,622.6032494446172,607.474984321897,637.7315145673374,7.71864444553575,6368.239987237799,6350.494583608369,6385.985390867229,9.053943730294733,cog,Aphia minuta
2016,601.5153082555017,585.5012168597068,617.5293996512967,8.17060493055589,6395.161174711642,6378.0588087031165,6412.263540720168,8.72585728280068,cog,Aphia minuta
2017,611.6461813459957,590.4950709238548,632.7972917681367,10.791581166275614,6377.283815689874,6353.062011128325,6401.505620251423,12.35829063830154,cog,Aphia minuta
2018,604.4162406957524,591.0929935666913,617.7394878248135,6.797699975179702,6403.927165188998,6386.872022527086,6420.982307850909,8.701763295877141,cog,Aphia minuta
2019,632.9202716842802,611.6049440338032,654.2355993347572,10.875367006031508,6365.150722320579,6338.755148060925,6391.546296580233,13.467377190529348,cog,Aphia minuta
2020,591.4864061136508,567.4539047123942,615.5189075149074,12.261705618481734,6386.279382504797,6367.302592349885,6405.256172659708,9.682213706270844,cog,Aphia minuta
2021,609.563479709478,592.6037975432312,626.5231618757248,8.653058066384196,6393.007862510755,6373.648444766843,6412.367280254668,9.877435451170346,cog,Aphia minuta
2022,639.0615287879384,620.587203808612,657.5358537672648,9.425849212051627,6364.454511570716,6345.962691903784,6382.946331237648,9.434775237092808,cog,Aphia minuta
2023,621.204996540068,604.8006392195392,637.6093538605968,8.369723857134264,6384.923229809577,6366.416531170514,6403.42992844864,9.442366688899213,cog,Aphia minuta
2024,611.2946922210308,594.8991508234097,627.6902336186519,8.365225854631529,6397.158762829198,6376.561677716531,6417.755847941865,10.50890999790489,cog,Aphia minuta
1993,588.1320109680523,571.9416089345102,604.3224130015944,8.260560990533447,6414.7251719173155,6401.958958713631,6427.491385121,6.5134937704890525,cog,Clupea harengus
1994,568.0931311570845,552.6915736083315,583.4946887058375,7.858081918973243,6406.920993766253,6392.057478507936,6421.784509024569,7.5835655019980335,cog,Clupea harengus
1995,583.6566547994089,569.7486765419252,597.5646330568926,7.0960376655836646,6412.356221485633,6403.0748733740065,6421.637569597259,4.735468704954088,cog,Clupea harengus
1996,571.7933474477504,544.4002523620701,599.1864425334307,13.976325739530708,6384.8380854606885,6361.454453722588,6408.221717198789,11.930643584549287,cog,Clupea harengus
1997,572.8948012528051,551.734184775404,594.0554177302063,10.796431283591629,6408.369681325937,6393.727178857664,6423.01218379421,7.4708018023653615,cog,Clupea harengus
1998,559.7502381581376,539.2100678899673,580.2904084263079,10.47987127834418,6384.628681995692,6373.390723583937,6395.866640407447,5.7337576100369905,cog,Clupea harengus
1999,588.7691353728005,577.7787045935496,599.7595661520514,5.607465680972747,6407.307770827067,6395.812890750837,6418.802650903296,5.864842500627543,cog,Clupea harengus
2000,593.0882567860511,578.8752442670358,607.3012693050665,7.25167025064022,6404.906657395045,6392.130016085202,6417.683298704887,6.518814330581208,cog,Clupea harengus
2001,569.340502017744,556.9992678260737,581.6817362094143,6.296663759648874,6411.61270545225,6401.415430700136,6421.809980204364,5.202786802486562,cog,Clupea harengus
2002,601.7768487794307,590.5228851180489,613.0308124408125,5.74192370377804,6396.454345426797,6385.206739934545,6407.701950919049,5.738679680326652,cog,Clupea harengus
2003,581.3213763874436,557.3053492434861,605.337403531401,12.253300230714848,6394.557783465012,6377.211124753506,6411.904442176518,8.850498707289653,cog,Clupea harengus
2004,572.402630799496,557.3959096143425,587.4093519846496,7.656631092981624,6415.659448298305,6403.739498481101,6427.579398115508,6.081718802603828,cog,Clupea harengus
2005,571.9918362402148,554.7963075731169,589.1873649073126,8.77339012488698,6409.926258717431,6394.333287038154,6425.519230396708,7.955743984212056,cog,Clupea harengus
2006,577.7197597053688,556.4498657671796,598.989653643558,10.85218611462422,6390.26290635054,6375.529368532282,6404.996444168798,7.517249262983509,cog,Clupea harengus
2007,574.1050476573452,561.2022359845372,587.0078593301531,6.583188147631111,6413.793790932024,6400.465739078703,6427.1218427853455,6.800151410153952,cog,Clupea harengus
2008,593.3281124410074,577.245574322098,609.4106505599168,8.20552736977128,6410.009821219699,6394.929358553544,6425.090283885854,7.694254988921837,cog,Clupea harengus
2009,583.5413227880921,569.4213785645071,597.6612670116771,7.204185553898569,6422.816163474839,6411.244361043233,6434.387965906446,5.904089321479295,cog,Clupea harengus
2010,586.9674669283223,561.9679711215183,611.9669627351263,12.755079176962889,6396.924315151396,6374.549389725616,6419.299240577176,11.415988049918562,cog,Clupea harengus
2012,587.1355658787398,571.4528407284714,602.8182910290083,8.001537412917665,6399.723737874975,6384.642660464993,6414.804815284957,7.694568639495228,cog,Clupea harengus
2013,605.1727076265487,585.3579631566909,624.9874520964065,10.109749274044821,6376.645489796667,6356.899315644661,6396.391663948672,10.074763775130851,cog,Clupea harengus
2014,572.9119402932968,558.6311027889125,587.1927777976811,7.286275470891165,6420.328961977731,6407.802054673623,6432.855869281838,6.391396680203078,cog,Clupea harengus
2015,576.5541509624824,561.1374439966002,591.9708579283646,7.865811355457155,6416.616647645671,6399.1267982561285,6434.106497035214,8.923556518130255,cog,Clupea harengus
2016,556.7243261106682,530.7259585212661,582.7226937000704,13.264717002186785,6395.97143872124,6379.320129700585,6412.622747741894,8.495721937748606,cog,Clupea harengus
2017,588.3008558757133,573.2150876979064,603.3866240535202,7.696961932362825,6397.47947919031,6380.834456602286,6414.124501778333,8.492514515224567,cog,Clupea harengus
2018,593.2797120044409,573.312762864794,613.2466611440877,10.187406144777997,6405.067466872025,6388.309726084131,6421.825207659918,8.550024857638299,cog,Clupea harengus
2019,579.796284871805,565.4727819238648,594.1197878197453,7.308043954339097,6413.192679896955,6399.617501828105,6426.767857965806,6.9262385308759615,cog,Clupea harengus
2020,581.5475826382371,563.3383420893448,599.7568231871295,9.290599568422973,6393.3789089908505,6375.801263619563,6410.956554362138,8.968351209480383,cog,Clupea harengus
2021,568.9642060372367,548.5424538835148,589.3859581909587,10.41945276280899,6385.446749883094,6368.115940287279,6402.777559478908,8.84241227518363,cog,Clupea harengus
2022,589.2592946532791,569.694932571412,608.8236567351462,9.982000810315062,6388.923063254927,6369.9091630053135,6407.9369635045405,9.701147775975723,cog,Clupea harengus
2023,593.8686739533531,571.849748969728,615.8875989369782,11.23435183366001,6385.260565717196,6360.6460342672335,6409.875097167159,12.558665181666,cog,Clupea harengus
2024,594.2784565554007,572.6640185167361,615.8928945940653,11.02797715119079,6394.16350247476,6375.126067012557,6413.200937936964,9.713155758151007,cog,Clupea harengus
1993,537.1183770287606,526.9823804902406,547.2543735672806,5.17152183329462,6438.824434561742,6430.071604473851,6447.577264649633,4.46581169701694,cog,Crystallogobius linearis
1994,553.7506942829693,538.9600382287001,568.5413503372386,7.546391755632287,6427.630829813738,6417.772070308589,6437.489589318888,5.030071768111216,cog,Crystallogobius linearis
1995,571.8415859594717,552.494930790012,591.1882411289314,9.870923813939275,6407.890289037893,6393.511994609456,6422.26858346633,7.33599930501339,cog,Crystallogobius linearis
1996,551.8688311722042,538.2883778595046,565.4492844849037,6.92893003127633,6434.976140084449,6424.161446672396,6445.790833496502,5.5178021113441185,cog,Crystallogobius linearis
1997,559.4222417319592,544.3204047672269,574.5240786966914,7.705160443688536,6431.809087945013,6420.154645975228,6443.463529914798,5.946253125931508,cog,Crystallogobius linearis
1998,551.6707276243976,540.2995613984914,563.0418938503038,5.801722029384475,6439.134320642182,6429.374705459888,6448.893935824475,4.979487000412366,cog,Crystallogobius linearis
1999,545.9406731077586,537.285998285013,554.5953479305042,4.415731559871804,6436.715526749715,6428.311616779377,6445.119436720052,4.287787957649743,cog,Crystallogobius linearis
2000,551.0036148891052,539.2325375203563,562.774692257854,6.005762076036925,6437.564136126722,6428.573984039161,6446.554288214283,4.586896574872716,cog,Crystallogobius linearis
2001,562.0030028300436,551.7127447119991,572.293260948088,5.250228167054421,6438.482229820401,6428.052842241812,6448.91161739899,5.321213890079039,cog,Crystallogobius linearis
2002,556.2475085049325,539.9053673709278,572.5896496389372,8.33798032153113,6438.476793160613,6429.634679525825,6447.318906795401,4.511365364125567,cog,Crystallogobius linearis
2003,550.5767518703317,541.0450212941031,560.1084824465603,4.863217207772003,6443.778939262059,6435.524113817015,6452.033764707103,4.211723026625488,cog,Crystallogobius linearis
2004,548.3970585718507,535.7177530031831,561.0763641405183,6.46915232559389,6430.3615352245,6421.491491993074,6439.231578455925,4.525615420176686,cog,Crystallogobius linearis
2005,533.3092044090305,523.6540446489098,542.9643641691512,4.926192438370975,6441.224006848674,6434.221037927152,6448.226975770197,3.57300898218573,cog,Crystallogobius linearis
2006,558.3313468184534,546.4984060587851,570.1642875781217,6.037325610575029,6441.284822686175,6433.820954441459,6448.748690930891,3.8081660191663596,cog,Crystallogobius linearis
2007,550.0552767784616,539.5902649514245,560.5202886054986,5.339389861029986,6431.03802665254,6422.527526929973,6439.548526375107,4.34217148360718,cog,Crystallogobius linearis
2008,559.3714353245642,547.0552443571187,571.6876262920098,6.283886369644597,6436.718750937765,6426.434278072628,6447.0032238029025,5.2472764531695715,cog,Crystallogobius linearis
2009,556.3537667544698,543.7295068530408,568.9780266558988,6.441067285423382,6437.434382799448,6427.847296420806,6447.02146917809,4.891460483082334,cog,Crystallogobius linearis
2010,559.3399429722155,544.5624959414689,574.117390002962,7.539652334078146,6427.983506958843,6416.629219431114,6439.3377944865715,5.793110290438887,cog,Crystallogobius linearis
2012,560.0213184301646,546.191312701534,573.8513241587951,7.056255032092373,6427.850487355112,6418.371758702893,6437.329216007331,4.836174912899386,cog,Crystallogobius linearis
2013,559.0565861719608,548.1073387728133,570.0058335711084,5.586453366242366,6442.126282564649,6433.861160023107,6450.391405106191,4.216976743826039,cog,Crystallogobius linearis
2014,558.2796759037705,544.3155326079084,572.2438191996325,7.124693823973016,6428.889003703476,6419.8819164781635,6437.896090928789,4.595537110048518,cog,Crystallogobius linearis
2015,546.2783360077626,534.1379439201617,558.4187280953636,6.194191415435585,6434.820002836062,6425.942885372113,6443.69712030001,4.529224788807581,cog,Crystallogobius linearis
2016,563.4078360695536,549.7844473885884,577.0312247505187,6.950836233943461,6426.068650238306,6415.377986779977,6436.759313696635,5.454520359892341,cog,Crystallogobius linearis
2017,549.9743409011139,539.7105837246237,560.2380980776041,5.236707030052328,6436.471454779499,6428.680046463023,6444.262863095975,3.975281371460713,cog,Crystallogobius linearis
2018,559.5505706546949,547.1619421096044,571.9391991997853,6.32084499654603,6423.793887233353,6413.803818843263,6433.783955623444,5.0970673282217644,cog,Crystallogobius linearis
2019,557.479185676956,545.3999190949128,569.5584522589993,6.163004359938714,6433.8356675391215,6425.021487407801,6442.649847670442,4.497113314757548,cog,Crystallogobius linearis
2020,556.1541063718828,539.7508622714737,572.5573504722919,8.36915587724867,6431.207732862475,6419.493298387767,6442.922167337182,5.976862109258116,cog,Crystallogobius linearis
2021,546.8273357990104,532.6618291910474,560.9928424069733,7.22743209553778,6431.59037119253,6423.978479137089,6439.202263247971,3.883689759344016,cog,Crystallogobius linearis
2022,563.8133778650731,548.4266300126308,579.2001257175154,7.850525812622605,6425.3358812950855,6415.6766273888625,6434.995135201309,4.928281326807238,cog,Crystallogobius linearis
2023,545.7927464482405,525.5324998257058,566.0529930707751,10.33705046742941,6425.030234561589,6415.404559104312,6434.655910018866,4.911149150292183,cog,Crystallogobius linearis
2024,549.3198693706192,529.6013708850235,569.038367856215,10.060643277699368,6432.917049757081,6420.013096849965,6445.821002664197,6.583770420732758,cog,Crystallogobius linearis
1993,641.1250629171756,632.0251828236179,650.2249430107332,4.64288128013392,6323.552644854892,6307.085253868244,6340.0200358415395,8.401884481827256,cog,Pholis gunnellus
1994,650.9293846436383,641.0829812695774,660.7757880176991,5.023767503754148,6292.64070230924,6278.011615319883,6307.269789298596,7.463957044490845,cog,Pholis gunnellus
1995,641.6021436488952,631.2320663212405,651.9722209765499,5.290953001918667,6316.224587130324,6297.492549450285,6334.956624810363,9.557337699975438,cog,Pholis gunnellus
1996,648.6391134716621,635.4078529917609,661.8703739515632,6.7507671489209145,6320.392961334923,6294.088552193021,6346.697370476824,13.420863520649931,cog,Pholis gunnellus
1997,625.2095677128628,616.0720873252573,634.3470481004684,4.662065456141477,6343.269901070826,6324.050020179653,6362.489781961998,9.806241871165163,cog,Pholis gunnellus
1998,652.820855494505,645.0272775774046,660.6144334116055,3.9763883308954853,6324.564140833449,6306.499409001474,6342.628872665423,9.216869276408394,cog,Pholis gunnellus
1999,640.0135240641262,632.2291000029617,647.7979481252906,3.9717179104142057,6269.411255748257,6253.936815900143,6284.88569559637,7.895267448878445,cog,Pholis gunnellus
2000,655.0804846122201,637.750207892542,672.4107613318981,8.842140394607801,6305.9393111374675,6277.7186047369805,6334.160017537954,14.398584169447963,cog,Pholis gunnellus
2001,644.7767237287268,636.9630575089235,652.5903899485301,3.9866376532612096,6321.821126674074,6303.031053110617,6340.61120023753,9.586948388679977,cog,Pholis gunnellus
2002,650.408933074309,638.226236764403,662.5916293842149,6.2157755989403745,6322.892513295415,6298.557918440814,6347.227108150015,12.415837763626577,cog,Pholis gunnellus
2003,646.9608283131618,638.4437324490789,655.4779241772446,4.345536923772406,6317.39101879019,6302.857152548608,6331.924885031773,7.4153741375981514,cog,Pholis gunnellus
2004,636.3687126787573,629.4098554882887,643.327569869226,3.550502583393991,6346.924429528414,6329.51127363556,6364.337585421268,8.88442646406074,cog,Pholis gunnellus
2005,648.6842795858132,639.9226124595533,657.4459467120731,4.4703204729121655,6293.464255207849,6278.037663164039,6308.89084725166,7.870854855238924,cog,Pholis gunnellus
2006,633.6459133355385,627.9401983397659,639.3516283313111,2.9111325722199912,6353.209872751132,6338.222466661039,6368.197278841225,7.646776271560062,cog,Pholis gunnellus
2007,645.400326245527,637.2492389931948,653.5514134978592,4.1587944047068985,6290.051702527602,6273.297287801447,6306.806117253757,8.54832785618071,cog,Pholis gunnellus
2008,640.8882213080665,629.1243890730354,652.6520535430975,6.002065511316881,6327.804848172247,6302.141962543046,6353.467733801448,13.093549591536618,cog,Pholis gunnellus
2009,645.0936738933059,637.8424409127975,652.3449068738142,3.6996766459512265,6330.4712420148835,6313.720664293194,6347.221819736573,8.546370164868314,cog,Pholis gunnellus
2010,643.2021382614255,632.585542775504,653.818733747347,5.416729883642696,6328.512670084473,6306.353664928326,6350.67167524062,11.305822622729137,cog,Pholis gunnellus
2012,659.0883910838,649.4329060451433,668.7438761224568,4.926358399857338,6310.4182002776015,6294.4669140349415,6326.3694865202615,8.138560896262195,cog,Pholis gunnellus
2013,654.7558300749569,646.593745519552,662.9179146303617,4.164405376724394,6301.86413316897,6288.230737881503,6315.497528456436,6.955941739238794,cog,Pholis gunnellus
2014,644.9928292243842,634.2119331987499,655.7737252500185,5.500558229984149,6321.525494036885,6298.572158154284,6344.478829919486,11.711100848614642,cog,Pholis gunnellus
2015,646.6946002068573,637.0955606930804,656.2936397206342,4.8975591334804784,6323.719626233555,6302.906759381591,6344.532493085519,10.619004745052912,cog,Pholis gunnellus
2016,643.3403940820721,633.511788160006,653.1690000041382,5.014687004247486,6312.271367665865,6295.566271351675,6328.976463980055,8.523164938722369,cog,Pholis gunnellus
2017,646.4277666215046,637.2087156538769,655.6468175891323,4.703683863757921,6307.147986968024,6288.651990205205,6325.6439837308435,9.43690644762518,cog,Pholis gunnellus
2018,648.8819913793309,637.9064006087506,659.8575821499112,5.599894108848082,6322.228919377431,6300.508555737795,6343.9492830170675,11.082021818239369,cog,Pholis gunnellus
2019,643.4203343632998,633.809716561737,653.0309521648627,4.9034665317169965,6318.845199045566,6303.882207420498,6333.808190670634,7.634319682960646,cog,Pholis gunnellus
2020,646.7940046940286,635.0681694068572,658.5198399811999,5.982678957196775,6322.32244512817,6301.14032608356,6343.504564172781,10.807402182740262,cog,Pholis gunnellus
2021,647.6212455344912,636.5608237449601,658.6816673240223,5.643176036281436,6311.100584549902,6288.261666241378,6333.939502858426,11.652723462611647,cog,Pholis gunnellus
2022,653.9777149177048,642.2233352145807,665.7320946208289,5.997242702335906,6304.772502675754,6287.2397210659165,6322.305284285592,8.945461114660377,cog,Pholis gunnellus
2023,646.2669235521428,636.789036168249,655.7448109360365,4.835745686478988,6332.468669697557,6311.080265311199,6353.857074083915,10.912651740066458,cog,Pholis gunnellus
2024,653.9702041160563,640.5096387820356,667.4307694500769,6.867761571230866,6309.87219424875,6287.092974361406,6332.651414136094,11.622264524768507,cog,Pholis gunnellus
1993,627.7296071486167,616.0079863855884,639.4512279116449,5.980528650264439,6359.857088209868,6343.095175533947,6376.619000885789,8.552153411050893,cog,Pomatoschistus sp
1994,636.9561617305974,623.8572833251008,650.055040136094,6.683224033104152,6340.485360463286,6326.365186512103,6354.60553441447,7.204302764010565,cog,Pomatoschistus sp
1995,649.1954458184673,640.2349536563363,658.1559379805983,4.571763681787136,6316.965184699947,6303.288599181278,6330.641770218615,6.977977976405567,cog,Pomatoschistus sp
1996,630.5646313141658,618.995119497797,642.1341431305347,5.902920618760193,6355.48743508835,6340.208179418971,6370.7666907577295,7.7956818543097475,cog,Pomatoschistus sp
1997,637.8365429062686,625.7643602964692,649.908725516068,6.159390021971437,6330.856801145538,6312.7523489829655,6348.961253308111,9.237135123593108,cog,Pomatoschistus sp
1998,633.0175623444169,624.1223129738728,641.912811714961,4.5384759315521315,6349.464269039327,6336.320160624798,6362.608377453856,6.706300992369258,cog,Pomatoschistus sp
1999,630.6361176281044,617.7872532014778,643.4849820547311,6.55566353666539,6352.166854465027,6336.562208549868,6367.771500380187,7.961700336458748,cog,Pomatoschistus sp
2000,632.0654854664023,620.023421922104,644.1075490107005,6.144022869442734,6351.335106885103,6335.960665405192,6366.709548365015,7.844246935751498,cog,Pomatoschistus sp
2001,635.5229417954043,624.6766383532329,646.3692452375758,5.533929974084061,6342.909654832437,6327.9395813573765,6357.879728307497,7.637932938126417,cog,Pomatoschistus sp
2002,634.5566971963964,622.4907014795035,646.6226929132893,6.1562333859539775,6339.214416054047,6322.6021233623715,6355.826708745723,8.47581528166407,cog,Pomatoschistus sp
2003,628.923664911024,616.6082003641939,641.2391294578542,6.283515740071226,6340.078893083049,6320.68567913414,6359.472107031957,9.89467872975212,cog,Pomatoschistus sp
2004,635.0269304004229,621.0838440541803,648.9700167466655,7.1139502849153775,6337.294487656813,6316.973414435475,6357.61556087815,10.36808501667754,cog,Pomatoschistus sp
2005,622.5136040781189,606.3960316632257,638.631176493012,8.223402339036104,6356.4717969259045,6336.522724001037,6376.420869850772,10.178285459438468,cog,Pomatoschistus sp
2006,624.5328190558449,609.8859893578549,639.179648753835,7.473009613198187,6356.06986613974,6335.137002531341,6377.002729748139,10.680228704973832,cog,Pomatoschistus sp
2007,607.4065155869782,590.6003382106802,624.2126929632763,8.574737856849916,6356.324375953928,6336.012254203204,6376.636497704652,10.363517855911576,cog,Pomatoschistus sp
2008,623.7791695075224,610.2565327059212,637.3018063091235,6.899431269281463,6360.353620560788,6341.284697731027,6379.4225433905485,9.729221036801725,cog,Pomatoschistus sp
2009,618.6157086796534,604.2807652973262,632.9506520619806,7.313881017916327,6368.233013223238,6345.781016901826,6390.685009544651,11.4553106580073,cog,Pomatoschistus sp
2010,625.585463506616,609.4128662980776,641.7580607151543,8.251476729218352,6353.440666913043,6332.495553872263,6374.385779953823,10.686478530214057,cog,Pomatoschistus sp
2012,622.6435614656201,609.2050459461922,636.082076985048,6.85651145910294,6370.9541559261525,6349.843073517162,6392.065238335143,10.771158335312228,cog,Pomatoschistus sp
2013,622.9521580739322,610.3766227353265,635.5276934125379,6.416207357788178,6360.044690389869,6343.30193379183,6376.787446987908,8.542379722333516,cog,Pomatoschistus sp
2014,618.6191147875886,606.4438757306849,630.7943538444923,6.211970808106931,6372.26530628629,6354.455585057925,6390.075027514655,9.086759434788547,cog,Pomatoschistus sp
2015,625.2040538215857,614.2032288638908,636.2048787792806,5.612768930688541,6352.409327072625,6336.989181342578,6367.829472802672,7.867565859209258,cog,Pomatoschistus sp
2016,620.9508889374257,603.0493261038655,638.8524517709859,9.133618257664631,6355.627957110681,6333.055646897625,6378.200267323737,11.516696424579088,cog,Pomatoschistus sp
2017,618.860580290902,602.2819370015383,635.4392235802658,8.458646903787,6362.086166870132,6341.320873415987,6382.851460324277,10.594732157293981,cog,Pomatoschistus sp
2018,630.468625695501,613.9450163677584,646.9922350232437,8.430567835980053,6348.834301823119,6325.808155122435,6371.860448523803,11.748249907810406,cog,Pomatoschistus sp
2019,623.9003475699644,610.8382464029563,636.9624487369725,6.664459791118744,6362.756967244207,6342.666140707301,6382.847793781113,10.25061005986826,cog,Pomatoschistus sp
2020,624.6803629623635,606.4695115743499,642.891214350377,9.291421440219553,6355.3946117621545,6329.469888299595,6381.3193352247135,13.227142777648142,cog,Pomatoschistus sp
2021,623.4780355170478,607.3990464608668,639.5570245732289,8.203716590207838,6360.149384119126,6335.741032666278,6384.557735571973,12.453469372589247,cog,Pomatoschistus sp
2022,619.2817587413482,603.0401173272269,635.5234001554695,8.286704012029471,6363.661714690425,6339.62895025242,6387.6944791284295,12.261839823370616,cog,Pomatoschistus sp
2023,628.3361278762928,610.7003357650063,645.9719199875793,8.998018458704019,6351.565829577788,6327.002314054774,6376.129345100801,12.532636169219185,cog,Pomatoschistus sp
2024,623.7887967654581,606.1719099934718,641.4056835374444,8.988372700185343,6357.8457360447655,6331.46282027387,6384.228651815661,13.46091865922054,cog,Pomatoschistus sp
1993,591.0392764044542,572.7492481871503,609.3293046217581,9.331818524000099,6377.190263705203,6356.129605555112,6398.250921855293,10.745431199866312,cog,Ammodytidae
1994,602.8055742343051,585.6472701547332,619.9638783138771,8.754397639402805,6374.87136259467,6352.949851183589,6396.792874005751,11.18465011806076,cog,Ammodytidae
1995,600.2137752925962,582.1074537883865,618.320096796806,9.23808888685208,6380.426388550493,6359.869242145193,6400.983534955793,10.488532731954411,cog,Ammodytidae
1996,608.0977002115603,585.0432703291888,631.1521300939319,11.762680367711853,6360.630797059065,6331.421064115882,6389.840530002249,14.903198820787797,cog,Ammodytidae
1997,607.6850872990153,589.5821383655419,625.7880362324887,9.236368155877935,6364.271627564345,6342.0910418670455,6386.452213261645,11.316833305232922,cog,Ammodytidae
1998,612.840724077026,592.086675241413,633.5947729126391,10.588995001601226,6354.167977118157,6328.742032422055,6379.593921814259,12.97265913897364,cog,Ammodytidae
1999,616.4041942859957,598.8694108475293,633.9389777244621,8.946482474565144,6359.468306317308,6335.389049380739,6383.547563253876,12.285560921783613,cog,Ammodytidae
2000,623.2242085240356,605.1077810631288,641.3406359849424,9.243245081953996,6346.131779556349,6319.99024096194,6372.273318150758,13.337764775582764,cog,Ammodytidae
2001,591.7163721533468,570.856831822544,612.5759124841496,10.642818182038154,6378.562916074936,6351.837715895309,6405.288116254563,13.6355567706506,cog,Ammodytidae
2002,618.5236818759585,599.03439628415,638.0129674677669,9.943695774788457,6356.274885599238,6337.529508487297,6375.0202627111785,9.56414365763939,cog,Ammodytidae
2003,611.8383183104526,594.26474835283625,629.4118882680689,8.966271878582644,6369.942919163784,6346.654718537268,6393.231119790299,11.881953347209457,cog,Ammodytidae
2004,590.7956272913435,569.5438102768985,612.0474443057885,10.84296302487019,6368.3397769115,6348.124989056665,6388.554564766335,10.31385679241365,cog,Ammodytidae
2005,617.3853771635652,596.0896598693398,638.6810944577906,10.865361538376842,6343.434946647652,6315.016995637956,6371.852897657349,14.499221023372487,cog,Ammodytidae
2006,607.6260250057728,586.6778409120459,628.5742090994997,10.688045422754442,6362.560474341639,6338.754749800386,6386.366198882892,12.146001012788657,cog,Ammodytidae
2007,583.8460308144815,561.502669626437,606.1893920025261,11.399883551068376,6381.5709896480375,6354.332537993346,6408.809441302729,13.897424580015441,cog,Ammodytidae
2008,598.4025843848927,580.4295969652164,616.3755718045691,9.1700600426564,6369.924495304821,6348.278184764381,6391.570805845261,11.044238930502587,cog,Ammodytidae
2009,598.0914316546298,577.4412311514762,618.7416321577833,10.536010184901176,6375.809796001366,6352.554866483036,6399.0647255196955,11.864977980086175,cog,Ammodytidae
2010,602.8725443134938,581.0876003837905,624.6574882431971,11.11497155128367,6370.642356973019,6342.090144340083,6399.194569605955,14.567723110298232,cog,Ammodytidae
2012,617.9312733698316,598.5302611947209,637.3322855449424,9.898657489700566,6343.515925956509,6315.892450672593,6371.139401240424,14.093868816879079,cog,Ammodytidae
2013,615.5432135675924,598.2809350130455,632.8054921221393,8.807446815711716,6352.643127558253,6333.9627683554,6371.323486761105,9.530970645481826,cog,Ammodytidae
2014,608.8627245887305,593.9409888764942,623.7844603009669,7.613270361056176,6366.085288875724,6346.670374278302,6385.500203473145,9.90575069264741,cog,Ammodytidae
2015,604.6673985866973,585.4761973029159,623.8585998704788,9.791609149534981,6366.188437835513,6341.67719421988,6390.699681451145,12.505966338654043,cog,Ammodytidae
2016,601.2350233104928,582.5793952047612,619.8906514162244,9.518352506926037,6371.847778817977,6349.770465991725,6393.925091644229,11.264142096688914,cog,Ammodytidae
2017,633.1461736085818,621.8268599291057,644.4654872880578,5.775266162420014,6330.556195906165,6315.971607061739,6345.140784750592,7.441253492139409,cog,Ammodytidae
2018,621.5476768281181,606.3205566060981,636.7747970501382,7.769081647484163,6352.436075712724,6330.902632243004,6373.969519182445,10.986652632177817,cog,Ammodytidae
2019,605.3338975355568,588.6940859080863,621.9737091630274,8.489855813026766,6375.807966186814,6353.663570856832,6397.952361516796,11.298368492816378,cog,Ammodytidae
2020,608.101539458324,588.9869437449848,627.2161351716633,9.752523956619978,6355.2915144423505,6332.384357376877,6378.198671507824,11.687539794691,cog,Ammodytidae
2021,606.6264163062651,584.6003869015311,628.6524457109991,11.237976604913408,6348.41344597848,6324.581309221835,6372.245582735125,12.15947688050908,cog,Ammodytidae
2022,596.6468410018716,576.7818950825938,616.5117869211495,10.135362729096022,6379.542396388803,6354.707198097509,6404.377594680098,12.671252373610649,cog,Ammodytidae
2023,602.9619087570936,585.3581089331025,620.5657085810848,8.981695563208122,6376.90358163024,6355.3429694416745,6398.464193818806,11.000514478139925,cog,Ammodytidae
2024,600.7262288268829,580.29171582054,621.1607418332258,10.425963521537989,6372.146612642648,6348.105354709666,6396.187870575629,12.266173318803538,cog,Ammodytidae
1993,644.5761235940405,633.6804568299619,655.471790358119,5.559115805199589,6331.155778531864,6311.342365221118,6350.96919184261,10.109070098752861,cog,Chirolophis ascanii
1994,647.8856129242091,637.7076684455847,658.0635574028336,5.192924236826151,6320.352624850792,6301.111730092966,6339.593519608618,9.816963428713668,cog,Chirolophis ascanii
1995,646.109488041244,636.1305990101253,656.0883770723628,5.091363468834612,6333.081222617828,6315.438896117558,6350.723549118097,9.001352391896093,cog,Chirolophis ascanii
1996,641.347018652998,629.169263769878,653.5247735361181,6.2132544164978025,6329.803080950329,6307.403450709202,6352.202711191456,11.428592779159423,cog,Chirolophis ascanii
1997,652.1372719247902,640.572101179126,663.7024426704544,5.900705746069213,6321.375749980789,6302.161047357168,6340.59045260441,9.803599849376885,cog,Chirolophis ascanii
1998,653.7760651462705,643.5071028873864,664.0450274051547,5.2393627331340875,6323.221307439462,6308.668804208587,6337.773810670337,7.424882980332177,cog,Chirolophis ascanii
1999,645.8271595284258,636.7867963199185,654.8675227369331,4.612514964466981,6314.677510353582,6295.373233627773,6333.981787079391,9.849301761705163,cog,Chirolophis ascanii
2000,647.8701508682251,636.0189525029054,659.7213492335447,6.046640886669568,6323.590001853578,6300.7174349594725,6346.462568747683,11.669891423781714,cog,Chirolophis ascanii
2001,647.7020175026548,637.7143259543421,657.6897090509675,5.0958546315617435,6328.174568435284,6310.974889671483,6345.3742471990845,8.77550756007251,cog,Chirolophis ascanii
2002,650.1170750517228,639.5195131349765,660.7146369684692,5.4070187005162476,6324.21677562672,6304.825654112822,6343.607897140618,9.893611141251828,cog,Chirolophis ascanii
2003,653.4660441918962,643.0679403766811,663.8641480071113,5.305252493022353,6316.727055179509,6299.930388022696,6333.523722336322,8.569885614890499,cog,Chirolophis ascanii
2004,643.9713868421996,633.4605608162344,654.4822128681649,5.362764881841354,6334.810407689402,6314.09753007631,6355.5232853024945,10.567988889833174,cog,Chirolophis ascanii
2005,654.2078745050705,641.1017698343067,667.3139791758344,6.686910970886788,6308.922732121017,6286.273680719869,6331.571783522166,11.555850811444103,cog,Chirolophis ascanii
2006,643.5949025850305,632.2750441437651,654.9147610262959,5.775544107215737,6325.642978723834,6304.662830454547,6346.623126993121,10.704353975264917,cog,Chirolophis ascanii
2007,652.3910805404354,640.664990066595,664.1171710142758,5.9828091568693305,6302.531251031128,6278.222339219014,6326.840162843241,12.402733929734923,cog,Chirolophis ascanii
2008,651.6321991752504,639.4752981389482,663.7891002115526,6.2026145032226765,6314.788653654837,6293.221903399192,6336.355403910481,11.003646202562955,cog,Chirolophis ascanii
2009,653.5751564000326,643.9085268990956,663.2417859009696,4.9320444544829085,6321.599160565513,6306.894512615196,6336.30380851583,7.502509263591231,cog,Chirolophis ascanii
2010,644.2106859281581,633.9453830103696,654.4759888459466,5.237495688063602,6332.840625716407,6311.717351593075,6353.963899839739,10.777378712031911,cog,Chirolophis ascanii
2012,650.2545205501228,640.3284319033014,660.1806091969443,5.064424002235309,6316.912743436609,6299.312330367718,6334.513156505501,8.979967595180891,cog,Chirolophis ascanii
2013,645.1210117828608,635.1403483848435,655.1016751808781,5.092268774703779,6321.535077583801,6302.429288016042,6340.640867151559,9.74803094264098,cog,Chirolophis ascanii
2014,645.9198457171725,634.7385247007776,657.1011667335674,5.704860448759123,6326.17142904332,6305.654568134534,6346.688289952106,10.467978529514049,cog,Chirolophis ascanii
2015,646.5056153244192,636.2038881215343,656.8073425273041,5.256079848478656,6310.29216927453,6289.387606022893,6331.196732526168,10.665789482118113,cog,Chirolophis ascanii
2016,646.2101414399556,634.4296729661215,657.9906099137896,6.010553544226752,6320.406834397432,6299.2915143491655,6341.522154445699,10.773320435896432,cog,Chirolophis ascanii
2017,648.9156188349551,639.432094343369,658.3991433265412,4.838621814681766,6315.207078768766,6296.4122851037855,6334.001872433747,9.589356647995483,cog,Chirolophis ascanii
2018,649.517181364098,639.0432424905657,659.9911202376302,5.34394456028237,6314.374375574044,6295.61849649942,6333.130254648669,9.569501900324894,cog,Chirolophis ascanii
2019,646.5071282978789,636.790398831205,656.2238577645528,4.957606131193307,6325.384534189604,6306.916723838944,6343.852344540264,9.422525360839392,cog,Chirolophis ascanii
2020,650.823133324122,639.6125649171058,662.0337017311381,5.719782861034019,6321.28532594407,6302.02135279558,6340.5492990925595,9.828738334194412,cog,Chirolophis ascanii
2021,645.7869894865997,635.1314099914024,656.4425689817971,5.436620049780123,6328.065002106748,6308.047556214593,6348.082447998902,10.21317026743843,cog,Chirolophis ascanii
2022,651.6783709354874,640.4749491891188,662.8817926818559,5.716136538599564,6314.963388441803,6296.860172431271,6333.066604452334,9.236504422186956,cog,Chirolophis ascanii
2023,649.3925998281862,638.4567113605234,660.3284882958491,5.579637459628716,6320.100921432672,6300.843168570444,6339.358674294901,9.825564660438488,cog,Chirolophis ascanii
2024,649.1149940105655,637.7216906502703,660.5082973708608,5.813016693247514,6314.458548406554,6292.698653196293,6336.2184436168145,11.10219135754516,cog,Chirolophis ascanii
1993,580.3219068197408,561.0270859117044,599.6167277277772,9.844477276231316,6403.429734512074,6388.538519937762,6418.320949086386,7.597698065766453,cog,Microstomus kitt
1994,580.7822388069045,564.2629723942304,597.3015052195786,8.428352022269785,6414.74114441412,6398.751309907212,6430.730978921028,8.158228739422375,cog,Microstomus kitt
1995,580.2941698562238,566.3059490514623,594.2823906609852,7.136978493022695,6410.4361072228585,6398.385719495108,6422.486494950609,6.148269979858164,cog,Microstomus kitt
1996,574.6155892039285,552.6806501822335,596.5505282256235,11.19150106569047,6404.9404683900775,6387.932860986842,6421.948075793313,8.677510167222353,cog,Microstomus kitt
1997,581.8456684627482,561.4223175176969,602.2690194077995,10.42026848766004,6399.122460253903,6381.679715914299,6416.565204593508,8.899522887762696,cog,Microstomus kitt
1998,579.3305121458264,561.011725423849,597.64929886780385,9.346491500085564,6405.324276833872,6388.357762183209,6422.2907914845355,8.656544091877556,cog,Microstomus kitt
1999,582.2235093822203,566.8391148492985,597.6079039151421,7.849325117334755,6410.531429640603,6396.861110572578,6424.201748708629,6.974780748960352,cog,Microstomus kitt
2000,579.6094289606636,559.051503570445,600.1673543508823,10.488930180542566,6402.211665950385,6386.301336995291,6418.121994905479,8.117663936986695,cog,Microstomus kitt
2001,574.8092026938542,557.0066502219936,592.6117551657148,9.083101838750578,6406.137219884383,6392.202118131715,6420.072321637051,7.10987643782525,cog,Microstomus kitt
2002,581.2570724973477,563.339532781225,599.1746122134705,9.141769878147775,6408.629942667702,6391.928670263767,6425.331215071637,8.521213928251827,cog,Microstomus kitt
2003,575.6821656731382,558.827256282206,592.53707506407045,8.599601586499347,6412.438937063538,6396.329317839762,6428.548556287315,8.219344513903081,cog,Microstomus kitt
2004,582.4966192676065,562.4647889195312,602.5284496156819,10.220509410419709,6404.042469642328,6387.493317795475,6420.59162148918,8.443599972953455,cog,Microstomus kitt
2005,576.738973692297,556.7642629079239,596.7136844766701,10.191366240365163,6406.730724722423,6389.469133193472,6423.992316251373,8.807096286007445,cog,Microstomus kitt
2006,582.2777780751229,563.6672579903906,600.8882981598553,9.495337787597004,6411.068632941792,6394.524518058044,6427.61274782554,8.44103004659591,cog,Microstomus kitt
2008,584.5230078283823,567.4144193657071,601.6315962910576,8.729032062642771,6408.228113273,6394.307712370615,6422.148514175386,7.102375866183162,cog,Microstomus kitt
2009,578.2489235921631,560.7461006335693,595.7517465507569,8.930175807644364,6412.646077301689,6396.238160624427,6429.0539939789505,8.371539888837233,cog,Microstomus kitt
2010,578.6881516736768,557.9677126415978,599.4085907057557,10.571846827553523,6404.238921882222,6386.794576641143,6421.6832671233005,8.900339689238029,cog,Microstomus kitt
2012,578.4488442328545,559.6594220466958,597.2382664190133,9.586616047216811,6398.6302282154975,6381.455998562784,6415.804457868211,8.762523081128776,cog,Microstomus kitt
2013,574.1853878233145,553.4613789599989,594.9093966866301,10.573668203489428,6404.601839243191,6388.5534963145055,6420.650182171876,8.1880805235567,cog,Microstomus kitt
2014,576.1154688165573,559.0313750070088,593.1995626261057,8.71653456099479,6408.805465123892,6393.797239176399,6423.813691071385,7.657398842976507,cog,Microstomus kitt
2015,576.4603645185335,559.2969367265125,593.6237923105546,8.757011826443708,6408.96366281771,6393.938650215408,6423.988675420012,7.665963620157027,cog,Microstomus kitt
2016,580.3336070375644,560.228989210378,600.4382248647509,10.257646561757822,6399.7917369966435,6382.822649608948,6416.760824384339,8.657856736932581,cog,Microstomus kitt
2017,589.1370264894499,571.1778178966312,607.0962350822687,9.163029899773012,6395.799136544918,6380.457224951633,6411.141048138203,7.827649749842073,cog,Microstomus kitt
2018,576.8984582746249,556.6839404907665,597.1129760584832,10.313718998567246,6405.021899727532,6391.028401070104,6419.0153983849605,7.139671324476712,cog,Microstomus kitt
2019,571.715611757706,555.6076015227459,587.8236219926662,8.218523586156739,6405.4218988057655,6394.079048641091,6416.76474897044,5.787274793897358,cog,Microstomus kitt
2020,582.8767048805219,563.0344531923497,602.718956568694,10.123783826991358,6407.544195414921,6390.570706922194,6424.517683907648,8.660102239944987,cog,Microstomus kitt
2021,567.7908549682768,550.4493223606752,585.1323875758784,8.847883300096049,6407.648258859902,6393.880070446825,6421.416447272979,7.0247150058260095,cog,Microstomus kitt
2022,579.4924246112399,560.6346993722428,598.350149850237,9.621465183924009,6404.916719361904,6389.039333639632,6420.794105084176,8.10085585628682,cog,Microstomus kitt
2023,571.0074317018236,550.5599931392111,591.4548702644362,10.432558314285053,6400.978276208344,6385.738240424061,6416.218311992628,7.775671341154717,cog,Microstomus kitt
2024,579.2710829867245,558.8631019320394,599.6790640414097,10.412426562763752,6406.052409695399,6389.386119962793,6422.718699428005,8.503365298580526,cog,Microstomus kitt
1993,589.8126972544665,569.5053477272177,610.1200467817152,10.361083003274866,6402.825127254086,6384.978094119098,6420.672160389073,9.105796471650743,cog,Syngnathus rostellatus
1994,585.0863258160086,567.3217617383176,602.8508898936997,9.063719648838259,6405.283453709279,6389.255751136979,6421.311156281578,8.1775495359734,cog,Syngnathus rostellatus
1995,588.7211397753995,567.418248520283,610.024031030516,10.86902178976294,6396.24165296933,6375.944172891286,6416.539133047374,10.356047477477908,cog,Syngnathus rostellatus
1996,587.7510392429703,566.4957758479958,609.0063026379447,10.844721414593952,6402.287361523406,6382.24268173703,6422.332041309782,10.227065366754553,cog,Syngnathus rostellatus
1997,585.5116627279231,564.7473901325135,606.2759353233326,10.594211301429766,6403.194256752738,6384.6969804637,6421.691533041775,9.43755927912045,cog,Syngnathus rostellatus
1998,592.6957643812132,575.6157481416084,609.775780620818,8.714454129937979,6406.223357238185,6389.560715748861,6422.885998727508,8.501503915763777,cog,Syngnathus rostellatus
1999,573.9143769423312,555.979867334735,591.8488865499273,9.150428145140067,6399.507924121804,6384.580770048624,6414.435078194983,7.616034881724064,cog,Syngnathus rostellatus
2000,593.2445503442459,574.665911037022,611.8231896514698,9.47907178589492,6399.978408495649,6383.808795632038,6416.14802135926,8.249954076276602,cog,Syngnathus rostellatus
2001,591.4198138273689,574.8385077668765,608.0011198878613,8.4600054854495,6405.617241647461,6388.976964838447,6422.257518456475,8.490093154910104,cog,Syngnathus rostellatus
2002,589.5897681380205,571.5892373651643,607.5902989108768,9.184113032097585,6408.925304594362,6392.903853278255,6424.94675591047,8.174360060941272,cog,Syngnathus rostellatus
2003,585.6339773489625,572.9380540926792,598.3299006052458,6.477630893438434,6420.579571966971,6409.592250757986,6431.5668931759565,5.6058791363778475,cog,Syngnathus rostellatus
2004,584.7366259350895,572.5219410930996,596.9513107770794,6.232096578476828,6406.3916162744845,6396.867369766688,6415.915862782281,4.859398735345291,cog,Syngnathus rostellatus
2005,579.2039972150706,560.5341462976405,597.8738481325006,9.525609176849928,6406.820763787446,6391.313934460978,6422.327593113913,7.911792996597486,cog,Syngnathus rostellatus
2006,581.7223954433496,563.8229397559398,599.6218511307593,9.132543163342953,6405.105270327307,6386.851332904715,6423.3592077499,9.313404514867223,cog,Syngnathus rostellatus
2007,576.5350493587466,559.2391575844157,593.8309411330775,8.824596732776074,6406.935088031077,6390.262322741144,6423.607853321009,8.50666921506997,cog,Syngnathus rostellatus
2008,582.6835047818483,567.4502280883316,597.916781475365,7.772222762088899,6406.961882789606,6394.511486940468,6419.412278638743,6.352359506269021,cog,Syngnathus rostellatus
2009,585.5474475228268,567.1772923718935,603.9176026737601,9.372700363799913,6397.873528418634,6383.044467560063,6412.702589277205,7.565986403597814,cog,Syngnathus rostellatus
2010,582.1039180131323,561.757104254196,602.4507317720687,10.381218185349047,6399.710918957895,6382.197735245291,6417.224102670499,8.935462003764114,cog,Syngnathus rostellatus
2012,587.0379334099988,572.033265856776,602.0426009632216,7.65558330233502,6419.537090733788,6400.2843598354475,6438.789821632129,9.82300238688275,cog,Syngnathus rostellatus
2013,586.0612902636723,572.5556344053539,599.5669461219907,6.890767363507348,6423.28853995594,6406.864696076202,6439.712383835678,8.379666161872292,cog,Syngnathus rostellatus
2014,579.7185073537331,565.5828043393315,593.8542103681348,7.212225901038102,6412.38261587582,6398.686567768864,6426.078663982777,6.987908050856408,cog,Syngnathus rostellatus
2015,583.6897774345824,569.1526957056379,598.2268591635269,7.417014722520985,6401.6271330689215,6388.342504134749,6414.911762003094,6.777996452465505,cog,Syngnathus rostellatus
2016,575.6749480095328,560.0962742263806,591.2536217926851,7.948449005203585,6400.44327462131,6389.136622749142,6411.749926493478,5.7688059379425525,cog,Syngnathus rostellatus
2017,591.3839282169577,570.3196495596713,612.448206874244,10.747278431358243,6399.309553971151,6380.9175406225795,6417.701567319723,9.38385271037913,cog,Syngnathus rostellatus
2018,584.2114596903687,569.7033910555482,598.7195283251891,7.402211851471882,6406.651822540466,6392.862559446312,6420.44108563462,7.035467591712057,cog,Syngnathus rostellatus
2019,587.3466907149382,570.4674181155045,604.2259633143718,8.612032023330633,6405.662488424414,6390.134639848332,6421.190337000496,7.9225173006051275,cog,Syngnathus rostellatus
2020,585.8217186066497,566.5070844657813,605.1363527475181,9.854586254247417,6400.796886226651,6384.1695511262515,6417.42422132705,8.48349012101922,cog,Syngnathus rostellatus
2021,588.0476593648473,569.1789627019916,606.9163560277029,9.62706295201827,6406.464658393524,6389.319373611791,6423.609943175256,8.747755018445691,cog,Syngnathus rostellatus
2022,593.4739320398658,574.6889677741303,612.2588963056012,9.584341556226967,6402.266562795445,6384.622540132598,6419.910585458291,9.002217796867633,cog,Syngnathus rostellatus
2023,591.9323261972281,572.3548497898134,611.5098026046428,9.988691915687909,6405.347859356724,6387.919527466757,6422.776191246691,8.892169462010253,cog,Syngnathus rostellatus
2024,586.6224575548343,568.4214533828952,604.8234617267735,9.286397258065115,6403.752108541301,6388.726337507642,6418.77787957496,7.666350582041435,cog,Syngnathus rostellatus
1994,658.5703501106476,637.0934348704237,680.0472653508715,10.957811168792423,6294.88164628646,6272.615563916453,6317.147728656467,11.36045485817031,cog,Myoxocephalus scorpius
1995,639.3122782060474,618.5049770236712,660.1195793884235,10.616165065532599,6312.755008416604,6276.001332974691,6349.5086838585175,18.752219801905166,cog,Myoxocephalus scorpius
1996,647.8047213114061,625.2967332580924,670.3127093647197,11.483878393099946,6306.021461461389,6275.497667075716,6336.5452558470615,15.573650651971583,cog,Myoxocephalus scorpius
1998,640.7091958381284,621.8695353837743,659.5488562924825,9.612248287702693,6319.948812907743,6287.296403374074,6352.601222441412,16.659698745092722,cog,Myoxocephalus scorpius
1999,646.3151833869017,631.0725838492901,661.5577829245133,7.776979402602926,6288.094192165922,6265.120573252564,6311.0678110792805,11.721449523854304,cog,Myoxocephalus scorpius
2001,646.8687457059735,623.2688258230531,670.4686655888939,12.040996706609723,6306.317406310693,6273.665818825382,6338.968993796003,16.659279324957954,cog,Myoxocephalus scorpius
2003,643.607379815123,627.3326523851334,659.8821072451125,8.303584942561468,6309.609896118548,6288.9112137367565,6330.3085785003395,10.56074629179941,cog,Myoxocephalus scorpius
2004,624.8539831951191,597.4966967885514,652.2112696016868,13.958055669572765,6335.011112616579,6299.839899612922,6370.182325620237,17.944826170829298,cog,Myoxocephalus scorpius
2005,643.8848675292904,630.6366823106803,657.1330527479006,6.759402378365207,6286.628165896474,6262.99314201732,6310.263189775627,12.058907237879575,cog,Myoxocephalus scorpius
2006,647.4306159739936,631.9068814243263,662.9543505236608,7.920418268966387,6315.928009082881,6294.319713573229,6337.536304592532,11.024843150229053,cog,Myoxocephalus scorpius
2007,655.4046094731364,637.7902756907453,673.0189432555275,8.987070130538491,6300.8532091208135,6279.3714486940835,6322.334969547544,10.960283248149324,cog,Myoxocephalus scorpius
2008,646.0830826773858,625.4848345892194,666.6813307655523,10.50950336365501,6307.512640067498,6280.194927646326,6334.8303524886705,13.937864489679928,cog,Myoxocephalus scorpius
2009,650.3393627938768,635.1001041507867,665.578621436967,7.775274833259932,6300.357662777662,6280.655862981629,6320.059462573695,10.0521233815713,cog,Myoxocephalus scorpius
2010,629.8569663614412,605.9648172928097,653.7491154300727,12.190095969665643,6326.532872228859,6293.778255360421,6359.287489097296,16.711846302688258,cog,Myoxocephalus scorpius
2012,650.3070262928035,629.2405929241618,671.3734596614452,10.748377794087595,6305.37300105999,6278.301737614252,6332.444264505729,13.812122905968122,cog,Myoxocephalus scorpius
2013,650.8601260551894,636.2952856714718,665.4249664389071,7.431177561732387,6283.90803239346,6262.3824935545445,6305.433571232376,10.982619583169093,cog,Myoxocephalus scorpius
2014,634.9279886654587,610.6063489684243,659.249628362493,12.40922786789981,6324.966001375641,6284.06733896415,6365.8646637871325,20.86704793256145,cog,Myoxocephalus scorpius
2015,644.1279842110347,622.9020830219098,665.3538854001596,10.829740422044564,6310.227838871312,6281.276302804146,6339.179374938478,14.77146330010764,cog,Myoxocephalus scorpius
2016,643.2702438417234,623.9871757868885,662.5533118965583,9.838480812370657,6310.003050529191,6284.28746597961,6335.7186350787715,13.12043728988006,cog,Myoxocephalus scorpius
2017,646.1848609588681,630.9868603331296,661.3828615846065,7.754224437601061,6316.413677318401,6293.691940092329,6339.135414544473,11.592936097447591,cog,Myoxocephalus scorpius
2018,638.7244758781619,615.7700888909593,661.6788628653645,11.711637136326958,6319.494312378087,6289.603664491381,6349.384960264792,15.25061078799385,cog,Myoxocephalus scorpius
2019,646.263974100578,632.1493629423563,660.3785852587997,7.201464552183597,6297.531677551617,6279.61973352592,6315.443621577313,9.138914881591395,cog,Myoxocephalus scorpius
2020,650.5175806465774,631.3708517623204,669.6643095308343,9.76891873283586,6303.422319164576,6280.0204956512625,6326.8241426778895,11.939925273068509,cog,Myoxocephalus scorpius
2021,647.9742926409191,627.6843247462316,668.2642605356066,10.35221466043873,6309.7003487342545,6283.450422213049,6335.95027525546,13.393065754402338,cog,Myoxocephalus scorpius
2022,645.0986109971152,627.6175977532886,662.5796242409418,8.919048197678466,6295.654781277158,6269.685243901343,6321.624318652973,13.250007439248488,cog,Myoxocephalus scorpius
2023,642.506955261176,622.9607319466226,662.0531785757295,9.972746167139585,6321.785793739727,6290.768627115193,6352.80296036426,15.825375807511103,cog,Myoxocephalus scorpius
2024,647.5808880868651,626.8270645360659,668.3347116376643,10.588880058257544,6312.78053428556,6285.582057531778,6339.9790110393415,13.87702884763187,cog,Myoxocephalus scorpius
