year,est_x,lwr_x,upr_x,se_x,est_y,lwr_y,upr_y,se_y,type,species
1993,640.9449871833693,624.8632370767886,657.0267372899501,8.20512531527698,6356.917712530104,6341.015221063663,6372.8202039965445,8.113665144807634,cog,Aphia minuta
1994,612.6665330211066,589.9979073551466,635.3351586870666,11.565837864760404,6380.463967838971,6355.028652646315,6405.899283031627,12.977440092413197,cog,Aphia minuta
1995,633.909368928197,617.8454264446951,649.9733114116988,8.196039626346295,6343.329172139972,6323.150000162419,6363.508344117525,10.295685092544423,cog,Aphia minuta
1996,617.28798114041615,595.947801829004,638.6281604518283,10.888046657867557,6375.356334183952,6345.499620843495,6405.2130475244085,15.233296925842668,cog,Aphia minuta
1997,620.3313132924076,598.297699989546,642.3649265952691,11.24184601179407,6365.720844300927,6339.075435440146,6392.366253161707,13.59484616602986,cog,Aphia minuta
1998,627.9648959972752,614.473399953212,641.4563920413384,6.883542835726761,6382.532549760046,6364.722509756648,6400.342589763444,9.086922078100232,cog,Aphia minuta
1999,620.1956838315144,607.2998947139455,633.0914729490834,6.5796051454461635,6375.15892214175,6359.208809304435,6391.109034979065,8.137962209064664,cog,Aphia minuta
2000,612.6373906905056,598.1244713523819,627.1503100286294,7.404686745572788,6392.405993324582,6376.937149450822,6407.874837198341,7.892412307458433,cog,Aphia minuta
2001,602.872657850464,590.8642906277693,614.8810250731586,6.126830552711784,6398.325315960139,6381.929278940265,6414.721352980013,8.365478727774597,cog,Aphia minuta
2002,636.4189334650661,614.7999537595613,658.0379131705708,11.030294370729543,6348.91522036432,6323.340757950698,6374.489682777941,13.048434877043297,cog,Aphia minuta
2003,604.3713023864294,585.7551160529457,622.9874887199131,9.498228783960197,6404.393264704344,6383.758950206985,6425.027579201703,10.527904930967798,cog,Aphia minuta
2004,628.2746110615428,609.0559660821965,647.4932560408892,9.805611292319943,6343.728041075027,6321.122913425588,6366.333168724466,11.533440322243528,cog,Aphia minuta
2005,597.0250054225294,581.237136189427,612.8128746556317,8.055183338895525,6407.827140662264,6385.212817588255,6430.441463736273,11.53813195160121,cog,Aphia minuta
2006,628.9984545156293,611.0765753122154,646.9203337190432,9.143983942959885,6378.06432034424,6351.605713121586,6404.5229275668935,13.499537456481844,cog,Aphia minuta
2007,656.4959624252172,641.6526685270171,671.3392563234172,7.573248291949258,6342.703529846273,6324.438868964125,6360.968190728422,9.3188757682378,cog,Aphia minuta
2008,604.8747941562948,590.7492045918531,619.0003837207365,7.207065882772637,6399.776375251223,6384.901934116459,6414.650816385986,7.589140031189994,cog,Aphia minuta
2009,595.9723999604784,579.8833208050687,612.061479115888,8.208864694615938,6405.529886721554,6389.690927395326,6421.368846047782,8.081250191923703,cog,Aphia minuta
2010,604.154724767944,584.5570832588847,623.7523662770033,9.998980421907207,6385.8650002055965,6367.093728238698,6404.636272172495,9.577355561104225,cog,Aphia minuta
2012,621.0249489780188,609.4770183195394,632.5728796364981,5.891909621588948,6385.850241878054,6371.216180667541,6400.484303088566,7.466494959062644,cog,Aphia minuta
2013,592.980861386001,580.1639749078281,605.797747864174,6.539347957039495,6415.840224309075,6402.363814716181,6429.316633901969,6.875845525323139,cog,Aphia minuta
2014,593.3845910432435,581.5699515025175,605.1992305839696,6.027988082392524,6402.269813685306,6388.7878354166905,6415.751791953921,6.878686738613151,cog,Aphia minuta
2015,619.6799842064408,604.7002892024601,634.6596792104216,7.642841971657997,6366.943628036996,6349.078582503349,6384.808673570644,9.114986639838785,cog,Aphia minuta
2016,593.414887846219,576.7798306882377,610.0499450042004,8.48743001871287,6397.4506632010225,6380.878042588144,6414.023283813901,8.455574053197351,cog,Aphia minuta
2017,609.291285162803,587.8491406107464,630.7334297148595,10.940070695782941,6376.528985512771,6351.626629676382,6401.43134134916,12.705517056851575,cog,Aphia minuta
2018,601.0233722747705,587.7511119079855,614.2956326415555,6.771685842941441,6405.696974484217,6387.998249745422,6423.395699223012,9.030127532138776,cog,Aphia minuta
2019,624.5912649466247,601.70417534813,647.4783545451195,11.677301102992285,6371.101208634944,6342.983909369866,6399.218507900022,14.345824457420584,cog,Aphia minuta
2020,579.1906509294156,553.4826044411221,604.8986974177091,13.11659126957191,6391.407164412953,6372.62371002754,6410.190618798365,9.583571194967652,cog,Aphia minuta
2021,602.6001334300189,585.865806015794,619.3344608442438,8.538079039320726,6396.776333876038,6378.117739848109,6415.434927903967,9.519865760343306,cog,Aphia minuta
2022,630.3990374969735,608.6009200211206,652.1971549728264,11.121692871804653,6366.781763361228,6344.5019150311655,6389.06161169129,11.367478436238118,cog,Aphia minuta
1993,580.9676796542584,566.4482033334176,595.4871559750992,7.408032206391813,6418.178472386677,6405.728063258238,6430.628881515116,6.352366281547077,cog,Clupea harengus
1994,562.8330012504426,547.46791094491,578.1980915559752,7.839475840745255,6409.823993133108,6395.240826625456,6424.40715964076,7.44052779677707,cog,Clupea harengus
1995,573.188205059761,559.162709287965,587.213700831557,7.155996682810191,6411.670828634075,6402.729038181561,6420.61261908659,4.562221817873115,cog,Clupea harengus
1996,569.0250361444047,542.0129987668013,596.0370735220081,13.781904969005014,6402.079341694389,6379.333445962746,6424.825237426032,11.605262092089434,cog,Clupea harengus
1997,566.2506609407137,546.85851473136,585.6428071500675,9.894133954662694,6412.042843424588,6397.840851630093,6426.244835219082,7.246047328684682,cog,Clupea harengus
1998,555.7086435056334,535.8990208404352,575.5182661708316,10.107136060383711,6390.710493745883,6377.400593219625,6404.02039427214,6.7908903588251635,cog,Clupea harengus
1999,585.7564455851059,574.5089235538891,597.0039676163227,5.738637097383328,6410.58572544037,6399.175419149787,6421.996031730953,5.82169181708781,cog,Clupea harengus
2000,585.3575631250857,570.8503050230987,599.8648212270726,7.401798306712941,6407.165646660815,6395.101440835578,6419.229852486052,6.155320159144573,cog,Clupea harengus
2001,563.4909134691245,550.3069621576414,576.6748647806077,6.726629374558168,6413.984390714529,6402.165836989633,6425.802944439424,6.029985151828599,cog,Clupea harengus
2002,598.1942958216445,586.7497963771156,609.6387952661734,5.839137624365398,6400.829968322799,6390.454011211465,6411.205925434133,5.293952946675891,cog,Clupea harengus
2003,577.5489140102173,553.0791435531273,602.0186844673074,12.484806175064657,6402.56467518732,6384.110101633368,6421.019248741272,9.415771769032123,cog,Clupea harengus
2004,566.6284075761527,550.353398227052,582.9034169252533,8.303728781485704,6417.975614477639,6406.115253963629,6429.83597499165,6.051315538225878,cog,Clupea harengus
2005,568.167620618454,552.2587735981508,584.0764676387571,8.116907833914349,6415.387280906526,6401.101754149734,6429.672807663318,7.2886679905723115,cog,Clupea harengus
2006,572.3325241523474,552.1618668913102,592.5031814133847,10.291340769596179,6395.914920397454,6381.741524612625,6410.088316182283,7.231457259738969,cog,Clupea harengus
2007,570.5689915929748,557.8469329940941,583.2910501918556,6.490965496932967,6418.025929835862,6405.428588922461,6430.623270749264,6.427332855484677,cog,Clupea harengus
2008,584.7849619582985,568.2368729486916,601.3330509679054,8.443057699088405,6413.481971461682,6399.5653923596265,6427.398550563738,7.100425932225362,cog,Clupea harengus
2009,579.3634414927044,565.7836294637358,592.943253521673,6.928602839687084,6427.124157632778,6415.709779558824,6438.5385357067325,5.823769295757307,cog,Clupea harengus
2010,579.0387060359989,553.9615449029408,604.115867169057,12.794705071554132,6405.079109780221,6383.630791309015,6426.527428251427,10.943220712415126,cog,Clupea harengus
2012,585.3282466723022,571.0082013049504,599.6482920396539,7.306279850194403,6402.807064634701,6389.073280065226,6416.540849204177,7.007161701850704,cog,Clupea harengus
2013,600.3334390725465,579.209616329673,621.45726181542,10.777658625105095,6378.453839772647,6358.876911103652,6398.030768441643,9.988412452175641,cog,Clupea harengus
2014,568.3125755379684,555.112776105931,581.5123749700059,6.734715298931928,6424.606693100592,6413.90328104396,6435.310105157223,5.461024866303099,cog,Clupea harengus
2015,571.7049658028938,557.6931845831994,585.7167470225882,7.148999333772244,6422.364568668664,6407.2629193353405,6437.466218001988,7.705064711618897,cog,Clupea harengus
2016,551.082378998757,527.1465320997105,575.0182258978035,12.212391190781798,6400.055127624548,6383.266668509046,6416.843586740049,8.565697761758456,cog,Clupea harengus
2017,584.1510411907836,570.2632693089166,598.0388130726507,7.08572810082836,6399.927710010918,6385.168735813188,6414.686684208649,7.530227246086003,cog,Clupea harengus
2018,585.0154712125409,566.5058423306605,603.5251000944213,9.443861738216638,6408.844096230343,6393.178506308732,6424.509686151954,7.992794788669187,cog,Clupea harengus
2019,576.8643345665878,564.2352384053737,589.4934307278019,6.443534810246899,6418.328050876932,6406.645346158354,6430.01075559551,5.960673160695819,cog,Clupea harengus
2020,577.9932876539773,561.6261931995642,594.3603821083904,8.350711841398448,6395.922911679458,6380.049176830472,6411.7966465284435,8.098993131606397,cog,Clupea harengus
2021,567.8355914442429,545.7815748932812,589.8896079952046,11.252256023539685,6393.545115044975,6374.4402902042475,6412.649939885703,9.747538725927898,cog,Clupea harengus
2022,583.9358401661324,566.2364245988302,601.6352557334345,9.030480002139273,6391.710805713565,6374.621423607648,6408.800187819482,8.71923272096639,cog,Clupea harengus
1993,538.7614500710669,528.0275413297041,549.4953588124296,5.476584685244447,6438.97170948713,6430.267962309644,6447.675456664617,4.440768935623785,cog,Crystallogobius linearis
1994,553.364007311485,538.62495768025,568.1030569427201,7.520061464136469,6433.074358830943,6422.898234426348,6443.250483235539,5.19199561056404,cog,Crystallogobius linearis
1995,568.8771485899736,550.1731123556343,587.5811848243128,9.543050985566214,6411.194686706598,6396.105427811855,6426.283945601341,7.6987429431177,cog,Crystallogobius linearis
1996,552.1591883950175,538.754712009994,565.563664780041,6.839144234667704,6436.55155069917,6426.067686833219,6447.03541456512,5.349008424974117,cog,Crystallogobius linearis
1997,555.9481274060373,541.3015655511342,570.5946892609404,7.472872956050901,6432.4453060509895,6420.853111812898,6444.037500289081,5.914493495558878,cog,Crystallogobius linearis
1998,549.9779498896404,537.7199701074097,562.2359296718711,6.254186239604426,6440.685165766261,6431.009493258097,6450.360838274425,4.9366583184614585,cog,Crystallogobius linearis
1999,545.6588065029621,535.3950898310179,555.9225231749062,5.236686364087818,6438.78962691991,6429.958196257085,6447.621057582735,4.505914768070737,cog,Crystallogobius linearis
2000,549.8403346211426,537.8058618150711,561.874807427214,6.14014997265143,6438.1112778252145,6429.272820832197,6446.949734818232,4.50949969628721,cog,Crystallogobius linearis
2001,558.8109616922254,547.5371713008875,570.0847520835633,5.752039568208462,6436.921163626126,6426.606241045512,6447.23608620674,5.2628123077649365,cog,Crystallogobius linearis
2002,554.6657800513293,539.6175077834766,569.714052319182,7.677831014524508,6438.872629926625,6430.491283869697,6447.253975983554,4.276275545386916,cog,Crystallogobius linearis
2003,550.4141264991156,540.0023227220387,560.8259302761925,5.312242397923593,6444.841408382381,6436.192060625092,6453.490756139669,4.413013619389715,cog,Crystallogobius linearis
2004,548.1454566416608,535.7234472643071,560.5674660190144,6.33787634637008,6432.838313054737,6423.731187927741,6441.945438181733,4.646577793689933,cog,Crystallogobius linearis
2005,534.8301875968411,523.5020488123392,546.158326381343,5.779768849762964,6442.438470971322,6434.470518811066,6450.406423131579,4.065356416294565,cog,Crystallogobius linearis
2006,554.1021500960126,541.033474087027,567.1708261049981,6.667814363972837,6441.810494205742,6433.00312331019,6450.617865101293,4.49363915103678,cog,Crystallogobius linearis
2007,552.7401281594794,540.2547462561781,565.2255100627806,6.370209861907845,6429.038693165121,6418.657230210347,6439.420156119895,5.296762102090677,cog,Crystallogobius linearis
2008,556.4123489263565,543.8956705494461,568.9290273032668,6.386177743897528,6438.01579209649,6427.785205407998,6448.246378784983,5.219783000703245,cog,Crystallogobius linearis
2009,554.9498379979622,543.147139385581,566.7525366103433,6.021895660062821,6439.62473744193,6431.12307942996,6448.1263954539,4.3376603238785885,cog,Crystallogobius linearis
2010,561.4215524958234,547.8975991861693,574.9455058054776,6.900102969406283,6430.157571393318,6418.387051689378,6441.928091097258,6.005477547947113,cog,Crystallogobius linearis
2012,558.0734521012141,543.9919414373829,572.1549627650453,7.184576234514671,6427.4796517296945,6417.872796722004,6437.086506737385,4.9015467036476,cog,Crystallogobius linearis
2013,555.394089871792,543.1510895731927,567.6370901703912,6.246543505477903,6441.8891340122855,6433.821847396045,6449.956420628526,4.116038192474224,cog,Crystallogobius linearis
2014,555.984819775062,543.1208071607464,568.8488323893775,6.563392345872338,6431.549685448084,6422.661708880216,6440.437662015953,4.534765249757493,cog,Crystallogobius linearis
2015,545.8221464508595,534.8299479259398,556.8143449757791,5.608367608601348,6436.0963039618855,6428.289260544636,6443.903347379135,3.983258610275964,cog,Crystallogobius linearis
2016,564.2517608509451,551.0891383831199,577.4143833187702,6.715747111503213,6426.655209614748,6416.126703371988,6437.183715857508,5.37178556637153,cog,Crystallogobius linearis
2017,547.7860228521973,536.9525468955346,558.61949880886,5.527385218359013,6436.4958898202085,6428.914041691461,6444.077737948956,3.8683609436463744,cog,Crystallogobius linearis
2018,559.2546838052733,546.3536739428081,572.1556936677385,6.582268839747417,6425.088705443837,6414.868291491943,6435.309119395732,5.214592733597205,cog,Crystallogobius linearis
2019,556.2374483843098,543.790575941496,568.6843208271237,6.350561816948268,6435.302381122962,6426.175124694114,6444.429637551811,4.656849054800623,cog,Crystallogobius linearis
2020,555.7909858622713,540.3203947605077,571.2615769640349,7.893303766698581,6432.622762059984,6421.762395455455,6443.483128664513,5.541105188765954,cog,Crystallogobius linearis
2021,545.5507640592833,531.3043670001852,559.7971611183815,7.268703492243709,6433.02520928342,6425.258034290606,6440.792384276234,3.9629172036222604,cog,Crystallogobius linearis
2022,560.9053527848653,545.6504546975198,576.1602508722108,7.783254288177854,6427.373355620727,6417.045353981237,6437.701357260217,5.269485419607611,cog,Crystallogobius linearis
1993,641.1066208856045,634.038622732128,648.1746190390809,3.606187771422304,6316.0531900237465,6302.765275909886,6329.341104137607,6.77967259535064,cog,Pholis gunnellus
1994,648.6367472734632,640.3419600527518,656.9315344941747,4.232112062333645,6295.393540272935,6280.424277538465,6310.362803007405,7.637519287367377,cog,Pholis gunnellus
1995,642.0501735435497,634.4547794795144,649.645567607585,3.8752722621164315,6311.639563412908,6297.044475183909,6326.234651641907,7.4466104194379295,cog,Pholis gunnellus
1996,645.5624712677421,636.5174080770586,654.6075344584257,4.614912958620587,6315.93828329892,6298.761360949141,6333.1152056487,8.763896931407242,cog,Pholis gunnellus
1997,635.1961023988919,625.5401808871021,644.8520239106816,4.926581094323369,6328.348442936302,6309.671165175253,6347.02572069735,9.52939845240633,cog,Pholis gunnellus
1998,646.5849789837398,638.3776899209023,654.7922680465773,4.187469324730247,6309.920211368668,6294.938924492872,6324.901498244464,7.643654166079926,cog,Pholis gunnellus
1999,641.3789468546319,634.404831460252,648.3530622490117,3.5582875243579957,6287.781479415669,6268.822002693545,6306.740956137794,9.6733801598776,cog,Pholis gunnellus
2000,644.9665963879995,634.5293217347174,655.4038710412816,5.325237981723142,6310.846397533016,6290.420216387482,6331.27257867855,10.421712494032327,cog,Pholis gunnellus
2001,644.4488627996051,637.9769399678007,650.9207856314094,3.3020621209644965,6314.632721882382,6301.717829440839,6327.547614323925,6.58935191840992,cog,Pholis gunnellus
2002,645.5319552425416,636.5287956276119,654.5351148574713,4.593533190377694,6315.193252410424,6298.657068684851,6331.729436135997,8.436983462965825,cog,Pholis gunnellus
2003,643.2262618816327,636.5072895965683,649.9452341666971,3.4281100765436814,6313.475062616112,6300.006203551291,6326.943921680933,6.871993144293337,cog,Pholis gunnellus
2004,637.4127114776176,629.8119520116607,645.0134709435745,3.87800976237868,6332.743166724178,6316.093785224009,6349.392548224348,8.494738490859087,cog,Pholis gunnellus
2005,647.2847309455109,640.346895572135,654.2225663188867,3.5397769694242185,6296.905597010885,6284.223796453728,6309.5873975680415,6.470425302295836,cog,Pholis gunnellus
2006,631.9244608526411,625.4927799794127,638.3561417258695,3.2815301321660595,6343.311567141472,6326.612194042,6360.0109402409435,8.520244877556303,cog,Pholis gunnellus
2007,645.8484195457539,638.9961181090675,652.7007209824403,3.4961364039015095,6295.386770882959,6278.605308873756,6312.168232892162,8.562127743965268,cog,Pholis gunnellus
2008,642.2101860532524,634.2113104701751,650.2090616363297,4.081133962752062,6319.841777107346,6303.207005055544,6336.476549159149,8.487284553703564,cog,Pholis gunnellus
2009,643.4730658258742,637.3682257821886,649.5779058695598,3.11477154266089,6320.197089254857,6307.7342540803775,6332.659924429337,6.358706217453161,cog,Pholis gunnellus
2010,642.6452197593096,634.2542609833657,651.0361785352535,4.281180083986586,6321.600053422619,6305.021359893384,6338.178746951853,8.458672536844874,cog,Pholis gunnellus
2012,653.5491328187082,643.9675469352862,663.1307187021303,4.888654056401224,6308.427663081236,6293.943900980191,6322.91142518228,7.389810330848477,cog,Pholis gunnellus
2013,653.7022420965246,647.2223097616886,660.1821744313606,3.3061486771945146,6298.516546029867,6287.298444393765,6309.734647665969,5.7236264158878924,cog,Pholis gunnellus
2014,644.8153782880612,636.2623761651583,653.368380410964,4.36385678021018,6314.547224081319,6299.846329800931,6329.2481183617065,7.500594090680439,cog,Pholis gunnellus
2015,646.1122694892902,639.2698753311953,652.954663647385,3.4910815770426606,6314.445906852713,6302.049442310512,6326.842371394914,6.32484302772016,cog,Pholis gunnellus
2016,642.6088838199189,635.0145061537044,650.2032614861334,3.8747536822707147,6312.23316362083,6299.186487215183,6325.279840026477,6.65658987030252,cog,Pholis gunnellus
2017,644.1457903852129,636.8712456158879,651.4203351545378,3.7115706343104553,6305.95394282369,6290.016824033593,6321.891061613787,8.131332471314229,cog,Pholis gunnellus
2018,645.9669899265036,637.7289093619892,654.2050704910181,4.203179563244753,6314.855708017057,6300.499082838344,6329.212333195769,7.324943362202426,cog,Pholis gunnellus
2019,643.0616368354039,635.8393298783375,650.2839437924703,3.6849181995358,6314.361677943723,6303.532042938104,6325.191312949343,5.525425513449765,cog,Pholis gunnellus
2020,645.6430192938859,637.7907663895406,653.4952721982312,4.006325098972683,6315.347449494192,6302.303177955546,6328.391721032838,6.6553628747967055,cog,Pholis gunnellus
2021,646.6791863936996,638.9738946765199,654.3844781108794,3.9313435236352183,6305.76041533612,6291.396570984853,6320.124259687387,7.328626681187602,cog,Pholis gunnellus
2022,650.5555157346569,641.5382070629125,659.5728244064012,4.600752229567312,6304.63927512174,6290.898991581441,6318.379558662039,7.010477564221096,cog,Pholis gunnellus
1993,625.1703916592461,614.8748733374011,635.465909981091,5.252911993819634,6358.103513441641,6343.8569620108065,6372.350064872475,7.268782254780784,cog,Pomatoschistus sp
1994,633.9993813982044,622.2297929853648,645.7689698110439,6.005002390695192,6340.5324744632635,6328.038024357065,6353.026924569462,6.374836581055777,cog,Pomatoschistus sp
1995,640.5013199510256,629.799345443541,651.2032944585102,5.460291409383222,6326.7070702018,6312.148047100675,6341.266093302925,7.4282095058708295,cog,Pomatoschistus sp
1996,625.7979814967389,614.1638222804089,637.4321407130689,5.9359045921755555,6354.659141444954,6338.738401878367,6370.579881011541,8.122975571065549,cog,Pomatoschistus sp
1997,631.4221562613336,619.6809289755294,643.1633835471379,5.99053216202826,6337.313085127545,6320.385169393072,6354.241000862017,8.63685040541439,cog,Pomatoschistus sp
1998,629.099833414172,620.1472224413264,638.0524443870177,4.567742592957168,6348.705255951518,6336.296283398992,6361.114228504043,6.331224782907147,cog,Pomatoschistus sp
1999,625.9707093498238,613.5691470875406,638.3722716121069,6.3274439531058,6351.86437224769,6336.804303401109,6366.924441094271,7.683849787737378,cog,Pomatoschistus sp
2000,625.3290272944404,612.7715244088615,637.8865301800192,6.407006957592513,6351.96023690286,6336.285771554681,6367.634702251039,7.9973231507401525,cog,Pomatoschistus sp
2001,629.525810977527,618.6215209260868,640.4301010289673,5.563515522454462,6347.102906167157,6332.436685796702,6361.7691265376125,7.482902995229076,cog,Pomatoschistus sp
2002,629.1947325877486,617.5939604735067,640.7955047019905,5.918870043402457,6342.727057430315,6326.437148589112,6359.016966271517,8.311330702857404,cog,Pomatoschistus sp
2003,625.0684882742318,612.6542547560749,637.4827217923886,6.333908998368737,6345.031524484277,6326.598061538436,6363.464987430118,9.405000852689808,cog,Pomatoschistus sp
2004,631.1548740770415,617.5614622975996,644.7482858564834,6.935541615389392,6339.3907162219775,6320.081716844936,6358.699715599019,9.85171132191651,cog,Pomatoschistus sp
2005,620.3200402065258,605.7466209008245,634.8934595122272,7.435554643174354,6355.052024172031,6337.433484142548,6372.670564201515,8.989216214408028,cog,Pomatoschistus sp
2006,624.8037224176136,611.4053037447403,638.2021410904869,6.836053508410525,6352.7933017546975,6333.6193491845415,6371.9672543248535,9.782808623728455,cog,Pomatoschistus sp
2007,609.3944412453089,593.3065981644977,625.4822843261202,8.208234032722059,6356.080586331924,6338.43956622268,6373.721606441168,9.000685853614868,cog,Pomatoschistus sp
2008,622.7833622118238,610.136338175225,635.4303862484227,6.452681853522313,6356.729322941558,6339.680640682122,6373.778005200994,8.698467111596592,cog,Pomatoschistus sp
2009,617.2638867193897,603.8150974004185,630.7126760383609,6.8617532898836435,6365.15112923131,6344.727685408246,6385.574573054374,10.42031587527224,cog,Pomatoschistus sp
2010,623.2330243962584,608.709057144727,637.7569916477898,7.41032353966429,6352.894652250753,6333.808326352483,6371.980978149023,9.738100316547023,cog,Pomatoschistus sp
2012,620.994111696709,609.1213379561408,632.8668854372771,6.057648933459536,6369.259860498248,6350.252772236276,6388.26694876022,9.697672208212825,cog,Pomatoschistus sp
2013,620.1520894142797,608.409538625914,631.8946402026453,5.991207430845366,6357.735766697387,6343.067545792606,6372.403987602167,7.483923694762453,cog,Pomatoschistus sp
2014,616.3816963873492,605.9434469332757,626.8199458414226,5.325735338204729,6371.580273026337,6356.498575238885,6386.661970813789,7.694885164428724,cog,Pomatoschistus sp
2015,623.346837758022,614.3189478669506,632.3747276490935,4.606150910058721,6350.367535944498,6338.535177307364,6362.199894581631,6.037028603824013,cog,Pomatoschistus sp
2016,621.2891770797632,606.1851880282779,636.3931661312486,7.706258467310464,6352.902500205441,6333.5976329632485,6372.207367447634,9.849603051110682,cog,Pomatoschistus sp
2017,618.6413282329515,603.3443626882391,633.938293777664,7.8047176710250294,6359.378511525269,6339.803339535007,6378.95368351553,9.987516171046233,cog,Pomatoschistus sp
2018,627.0402235070732,612.6352037351055,641.4452432790408,7.349634934923641,6348.054677441009,6327.926336768498,6368.183018113519,10.269750276678536,cog,Pomatoschistus sp
2019,621.9402442111392,609.6866420418243,634.1938463804541,6.251952722585614,6358.955452862132,6341.141329230584,6376.76957649368,9.089005600135033,cog,Pomatoschistus sp
2020,622.9103415230064,607.4031731504274,638.4175098955855,7.911965982486221,6353.839862712249,6332.19334953893,6375.486375885567,11.044342316524004,cog,Pomatoschistus sp
2021,621.7960351580807,607.564854196129,636.0272161200324,7.260940034717739,6357.321602090667,6336.590872474274,6378.052331707059,10.57709722214992,cog,Pomatoschistus sp
2022,618.802122277395,603.6932676061533,633.9109769486367,7.708740971986419,6358.459188539983,6337.532140083966,6379.386236996001,10.677261735974609,cog,Pomatoschistus sp
1993,589.0691176037597,569.3107384460344,608.8274967614849,10.080990933291059,6380.563745046411,6358.988047181056,6402.139442911766,11.008211393444927,cog,Ammodytidae
1994,600.8430738363148,583.1852317225888,618.5009159500408,9.00926866667387,6374.503217745247,6352.322390293344,6396.684045197149,11.316956651684464,cog,Ammodytidae
1995,596.4915526850714,576.4984267828501,616.4846785872927,10.20076188130221,6381.633097109006,6358.2659208673695,6405.000273350642,11.922247768812618,cog,Ammodytidae
1996,606.0704798901536,582.1090606380831,630.0318991422241,12.225438549419865,6361.779534341345,6331.261155182418,6392.297913500272,15.570887730413435,cog,Ammodytidae
1997,603.5535342210032,582.8178047208382,624.2892637211683,10.579648230133728,6366.401838177793,6341.391694777183,6391.411981578403,12.760511722606653,cog,Ammodytidae
1998,611.2681545943624,589.2250188168563,633.3112903718685,11.246704506500915,6352.8057815482935,6325.677633006085,6379.933930090502,13.841146447685615,cog,Ammodytidae
1999,610.1361856217258,590.2782759110645,629.994095332387,10.131772760774114,6361.42119817657,6335.242799165421,6387.599597187719,13.356571456231247,cog,Ammodytidae
2000,618.0563138860321,597.8455501814128,638.2670775906513,10.311803616821086,6344.524233292581,6316.534767595382,6372.51369898978,14.280602050841827,cog,Ammodytidae
2001,593.0040686158139,569.3305614969782,616.6775757346496,12.078541904631589,6376.675778962293,6348.4509379276215,6404.900619996965,14.400693715448748,cog,Ammodytidae
2002,613.5467064489588,591.9509955544191,635.1424173434986,11.0184223102485,6356.617021027461,6335.199382133354,6378.034659921568,10.927567579326205,cog,Ammodytidae
2003,606.5291190474034,587.1889307053882,625.8693073894185,9.867624351553465,6370.984855766939,6346.363935800041,6395.605775733838,12.561924688976449,cog,Ammodytidae
2004,592.2238345925992,569.7481844441145,614.699484741084,11.467379158887544,6370.8631689662925,6350.604036470077,6391.122301462508,10.336482025188687,cog,Ammodytidae
2005,612.0515831581356,589.4159409503887,634.6872253658825,11.549009260524123,6349.730405730476,6319.731379083733,6379.729432377219,15.305907089809697,cog,Ammodytidae
2006,603.8822025341456,581.16905444999,626.5953506183012,11.588553801658614,6366.052247987906,6339.810405587406,6392.294090388406,13.388941127231163,cog,Ammodytidae
2007,584.4624252416497,559.0474276935033,609.8774227897961,12.967073756771388,6382.346407351254,6353.922174265331,6410.7706404371775,14.50242622320098,cog,Ammodytidae
2008,592.3894906011864,572.9335351108666,611.8454460915061,9.926690308488228,6374.30717429809,6354.180199623708,6394.434148972472,10.269053326051239,cog,Ammodytidae
2009,594.2342381869001,572.7437135690444,615.7247628047559,10.964754856400527,6380.089986664954,6356.827977499583,6403.351995830326,11.868590111277413,cog,Ammodytidae
2010,601.7953576459008,578.7609899494015,624.8297253424001,11.7524443705045,6369.21195806492,6339.491444449425,6398.932471680414,15.163805993337824,cog,Ammodytidae
2012,617.1417422293156,597.1981930000009,637.0852914586303,10.175467195635715,6339.513055317157,6311.519789809002,6367.506320825311,14.282540765525354,cog,Ammodytidae
2013,614.5429409229603,597.1146213992203,631.9712604467003,8.892163152594835,6352.806828260789,6334.625675638255,6370.987980883323,9.27626873041777,cog,Ammodytidae
2014,605.1827064740206,589.8632738907536,620.5021390572876,7.81618065643283,6368.123573960905,6350.159317882328,6386.087830039482,9.165605194930382,cog,Ammodytidae
2015,601.731314679258,582.2022742347586,621.2603551237574,9.96397923560945,6366.197692441479,6342.426003201459,6389.9693816815,12.128635744089298,cog,Ammodytidae
2016,600.2036559160209,580.7176843995671,619.6896274324747,9.942004888945249,6373.111845119875,6351.218041002008,6395.0056492377425,11.170513484208426,cog,Ammodytidae
2017,629.0129508265801,615.8645673999549,642.1613342532053,6.708482161069262,6332.083345218451,6317.063705456869,6347.1029849800325,7.663222324519622,cog,Ammodytidae
2018,620.8886519352537,606.1175148311239,635.6597890393836,7.5364329246061095,6347.955309441621,6328.448276094448,6367.462342788793,9.95275091840515,cog,Ammodytidae
2019,602.8041642787122,585.5783753611531,620.0299531962712,8.788829311882173,6376.579277113322,6355.004757360461,6398.153796866183,11.007610304596462,cog,Ammodytidae
2020,608.8750093021747,591.4956677469147,626.2543508574347,8.867173933983505,6351.250977121021,6331.121286232033,6371.380668010009,10.270439175295365,cog,Ammodytidae
2021,609.3924666927247,586.5904522675432,632.1944811179062,11.633894604717666,6344.852309526912,6320.619143651538,6369.085475402286,12.364087333502919,cog,Ammodytidae
2022,592.4855993389034,571.940305550417,613.0308931273898,10.482485367356317,6384.513727230097,6359.085612264774,6409.941842195421,12.973766439534975,cog,Ammodytidae
1993,648.0030500233266,641.7770916832368,654.2290083634165,3.176567727366113,6318.847972981717,6309.037583955389,6328.6583620080455,5.0053924988986225,cog,Chirolophis ascanii
1994,647.5722807999696,641.3399079403837,653.8046536595555,3.1798405015327225,6319.090655515687,6309.396761692825,6328.784549338549,4.945955078422999,cog,Chirolophis ascanii
1995,647.155331776351,640.8773383422915,653.4333252104104,3.203116732541779,6319.201767558644,6308.934218197267,6329.469316920021,5.238641853812647,cog,Chirolophis ascanii
1996,646.8837819030203,640.6158155630366,653.1517482430041,3.1980007742105174,6321.7518411849205,6311.504163457482,6331.999518912359,5.228503078766301,cog,Chirolophis ascanii
1997,648.3527628105738,641.7647557639721,654.9407698571756,3.361289849490694,6317.72680690255,6307.43365820282,6328.019955602281,5.251702980729064,cog,Chirolophis ascanii
1998,651.6390327494439,645.190919503818,658.0871459950698,3.2899141496924535,6320.167560488508,6311.30429026566,6329.0308307113555,4.522159740056477,cog,Chirolophis ascanii
1999,647.1913487085451,641.2408211131301,653.1418763039601,3.0360392549822617,6315.373778512202,6306.0210686681885,6324.726488356216,4.7718784211275125,cog,Chirolophis ascanii
2000,648.2672468153171,641.6925849055472,654.841908725087,3.3544809810945915,6317.5061423906,6307.123146352217,6327.889138428983,5.297544301978392,cog,Chirolophis ascanii
2001,650.7123500051092,644.7569407703737,656.6677592398447,3.0385299330553917,6319.144621929338,6309.9295409996685,6328.359702859008,4.701658296967291,cog,Chirolophis ascanii
2002,647.7607295806662,641.5414369016161,653.9800222597163,3.1731668174043492,6320.445453221543,6310.397593880914,6330.493312562172,5.1265530488746665,cog,Chirolophis ascanii
2003,648.4357277676261,642.2815167536717,654.5899387815805,3.1399612760734574,6318.317031852449,6308.422504348619,6328.2115593562785,5.0483210823649936,cog,Chirolophis ascanii
2004,647.4276176340866,641.2663831862677,653.5888520819054,3.143544726544938,6321.376332628057,6311.306359042943,6331.446306213171,5.137836034001079,cog,Chirolophis ascanii
2005,650.2147798749143,643.2613667680827,657.1681929817458,3.547724938661772,6314.147821455033,6303.7783085168385,6324.517334393228,5.290665042821291,cog,Chirolophis ascanii
2006,647.6618350458433,641.2834036391558,654.0402664525308,3.2543615377627875,6320.434061619464,6310.533726004732,6330.334397234196,5.051284458706783,cog,Chirolophis ascanii
2007,649.1065595039398,642.6927011951717,655.5204178127079,3.2724368199415186,6313.713412633313,6302.711255358987,6324.715569907639,5.613448696562614,cog,Chirolophis ascanii
2008,648.9095820243707,642.4718887466347,655.3472753021067,3.2845977418542947,6316.414672033186,6306.397304658875,6326.4320394074975,5.110995637331605,cog,Chirolophis ascanii
2009,651.0575638665491,645.2188351311526,656.8962926019457,2.978997972131987,6317.359339084562,6308.261315396324,6326.4573627728,4.641934117158063,cog,Chirolophis ascanii
2010,648.9983346681447,642.9812578392168,655.0154114970726,3.06999356946856,6317.934247603837,6307.649103149263,6328.219392058411,5.247619107137666,cog,Chirolophis ascanii
2012,647.3691547930514,641.4742301288494,653.2640794572534,3.00766989123289,6318.154792415546,6308.777245172053,6327.532339659038,4.784550796576791,cog,Chirolophis ascanii
2013,648.0708676438064,642.1517542482304,653.9899810393824,3.0200113074858392,6318.2534204051135,6308.994102175004,6327.512738635223,4.724228762949706,cog,Chirolophis ascanii
2014,645.992157990963,639.583466055355,652.4008499265711,3.269800866831741,6319.029281762584,6308.888600743981,6329.169962781187,5.1739119180713855,cog,Chirolophis ascanii
2015,647.1295886618925,641.0255802319256,653.2335970918595,3.1143472421506835,6313.842634113972,6303.979171288366,6323.706096939578,5.032471465500318,cog,Chirolophis ascanii
2016,647.5672150558242,641.158295447836,653.9761346638124,3.269917028343879,6316.64027877871,6306.249469244246,6327.031088313174,5.301530852824457,cog,Chirolophis ascanii
2017,647.9496514323888,641.6750356967926,654.224267167985,3.201393385332372,6316.476384437049,6306.807283511317,6326.145485362781,4.933305408670873,cog,Chirolophis ascanii
2018,647.4077942927966,641.195580516003,653.6200080695901,3.1695550662127974,6317.4299421254855,6307.826314543149,6327.033569707822,4.899900027800581,cog,Chirolophis ascanii
2019,647.5104693836104,641.345342798231,653.6755959689898,3.145530547504532,6317.643565911345,6308.430984615036,6326.8561472076535,4.700382950388986,cog,Chirolophis ascanii
2020,649.5166639944174,643.3109115155495,655.7224164732853,3.1662584250619292,6317.16921329911,6307.730408442042,6326.608018156178,4.815805255362146,cog,Chirolophis ascanii
2021,648.632557940208,642.5317317744109,654.7333841060051,3.1127236081477196,6318.035250886005,6308.095161375342,6327.975340396668,5.071567431375648,cog,Chirolophis ascanii
2022,651.2643070502526,644.86615839936,657.6624557011452,3.264421541089756,6314.036716187882,6304.944029956708,6323.1294024190565,4.639210874738531,cog,Chirolophis ascanii
1993,635.3668311985729,628.5397389920549,642.1939234050908,3.483274315430877,6288.253219176676,6281.03628981294,6295.470148540412,3.6821744790529793,cog,Agonus cataphractus
1994,635.3668312012472,628.5397389871649,642.1939234153296,3.4832743192903255,6288.253219165616,6281.0362898060675,6295.470148525165,3.6821744769166695,cog,Agonus cataphractus
1995,635.3668311996668,628.5397389892348,642.1939234100987,3.483274317427831,6288.253219171342,6281.036289807348,6295.470148535335,3.68217447918441,cog,Agonus cataphractus
1996,635.3668311963407,628.5397389965765,642.193923396105,3.4832743119850336,6288.253219183642,6281.036289817615,6295.470148549668,3.6821744802213887,cog,Agonus cataphractus
1997,635.3668311986825,628.5397389914012,642.1939234059637,3.483274315820315,6288.253219176275,6281.036289811409,6295.470148541141,3.682174479629149,cog,Agonus cataphractus
1998,635.3668312044484,628.5397389785319,642.193923430365,3.483274325328315,6288.253219166919,6281.0362898062285,6295.470148527609,3.6821744774989993,cog,Agonus cataphractus
1999,635.366831199698,628.5397389893726,642.1939234100234,3.48327431737351,6288.253219169257,6281.0362898058365,6295.470148532678,3.682174478892024,cog,Agonus cataphractus
2001,635.3668312014934,628.5397389850606,642.1939234179262,3.483274320489579,6288.2532191694745,6281.036289806302,6295.470148532647,3.6821744787651753,cog,Agonus cataphractus
2002,635.366831201028,628.5397389859443,642.1939234161118,3.4832743198012803,6288.2532191712,6281.036289807282,6295.470148535118,3.6821744791457163,cog,Agonus cataphractus
2003,635.3668312057321,628.539738976384,642.1939234350801,3.483274327079106,6288.253219170962,6281.036289810371,6295.470148531554,3.6821744774482976,cog,Agonus cataphractus
2004,635.3668311938159,628.5397390032749,642.1939233843568,3.4832743072792023,6288.253219183224,6281.036289818447,6295.470148548002,3.682174479584173,cog,Agonus cataphractus
2005,635.3668312035027,628.5397389812384,642.1939234257669,3.4832743234648715,6288.253219160647,6281.036289800244,6295.47014852105,3.6821744773521243,cog,Agonus cataphractus
2006,635.3668311932008,628.5397390044826,642.193923381919,3.4832743063492075,6288.25321918665,6281.036289820171,6295.47014855313,3.682174480452607,cog,Agonus cataphractus
2007,635.3668312005501,628.5397389877901,642.1939234133101,3.4832743186157016,6288.253219167346,6281.036289805612,6295.470148529081,3.6821744780315857,cog,Agonus cataphractus
2008,635.3668311974913,628.5397389940584,642.1939234009241,3.483274313856781,6288.253219178789,6281.036289814302,6295.470148543275,3.68217447943573,cog,Agonus cataphractus
2009,635.3668311998571,628.5397389901266,642.1939234095876,3.483274317069991,6288.253219174461,6281.036289813369,6295.470148535554,3.68217447770394,cog,Agonus cataphractus
2010,635.3668311987989,628.5397389912155,642.1939234063823,3.4832743159745205,6288.25321917797,6281.036289813237,6295.470148542703,3.6821744795612577,cog,Agonus cataphractus
2013,635.3668312046885,628.5397389783245,642.1939234310526,3.48327432555664,6288.253219168887,6281.0362898098465,6295.470148527927,3.682174476657126,cog,Agonus cataphractus
2014,635.3668311934773,628.5397390032332,642.1939233837214,3.4832743071277545,6288.253219186177,6281.036289819543,6295.470148552812,3.682174480531719,cog,Agonus cataphractus
2015,635.3668312021562,628.5397389852088,642.1939234191035,3.483274320752119,6288.253219160443,6281.036289802728,6295.470148518159,3.682174475980994,cog,Agonus cataphractus
2016,635.3668311968918,628.5397389962737,642.1939233975098,3.483274312420661,6288.253219173347,6281.036289810154,6295.47014853654,3.6821744787759894,cog,Agonus cataphractus
2017,635.3668312011467,628.5397389862118,642.1939234160817,3.483274319725377,6288.253219174398,6281.0362898124,6295.470148536395,3.6821744781655616,cog,Agonus cataphractus
2018,635.3668311982732,628.5397389922796,642.1939234042668,3.4832743151633805,6288.253219176241,6281.0362898110825,6295.4701485414,3.6821744797788196,cog,Agonus cataphractus
2019,635.366831202628,628.5397389827752,642.1939234224807,3.4832743222344833,6288.253219173006,6281.036289812539,6295.470148533474,3.68217447738503,cog,Agonus cataphractus
2020,635.3668312029009,628.5397389816553,642.1939234241465,3.4832743229451233,6288.253219171764,6281.0362898088715,6295.470148534656,3.6821744786220734,cog,Agonus cataphractus
2021,635.3668312015302,628.5397389849977,642.1939234180627,3.483274320540414,6288.253219169015,6281.036289805949,6295.470148532081,3.6821744787110338,cog,Agonus cataphractus
2022,635.3668312005129,628.5397389880753,642.1939234129505,3.4832743184511608,6288.25321916447,6281.0362898028225,6295.470148526117,3.6821744779869645,cog,Agonus cataphractus
1993,581.0481286578605,564.1342249796722,597.9620323360488,8.62970126573904,6403.610040517949,6389.814549975779,6417.405531060118,7.038644919491656,cog,Microstomus kitt
1994,582.5150564179103,568.5099404155368,596.5201724202838,7.145598650201774,6417.796610913869,6403.941802156858,6431.6514196708795,7.068909870944467,cog,Microstomus kitt
1995,580.258812300366,568.917563207049,591.600061393683,5.786457905744846,6412.1158603099375,6401.76947951403,6422.462241105845,5.278862712538838,cog,Microstomus kitt
1996,575.760276335937,555.4815786495308,596.0389740223432,10.346464448511288,6406.165846581727,6389.391061952016,6422.940631211439,8.558720855091588,cog,Microstomus kitt
1997,582.961285137588,564.4702861906972,601.4522840844788,9.434356494683309,6399.329037424598,6382.230928371424,6416.427146477772,8.72368532689448,cog,Microstomus kitt
1998,580.2203388287516,564.0008034341329,596.4398742233702,8.275425223400172,6406.111438533929,6389.628978445861,6422.593898621996,8.409572940155766,cog,Microstomus kitt
1999,582.4669871518396,568.2906061855047,596.6433681181745,7.232980339514637,6412.064177748393,6398.8254481390895,6425.302907357697,6.754577999253878,cog,Microstomus kitt
2000,580.4092574511488,561.2040271913586,599.6144877109391,9.798766921881567,6402.62141207162,6387.2990465416,6417.943777601641,7.817677085335188,cog,Microstomus kitt
2001,574.4259687588965,556.2377435276795,592.6141939901134,9.279877270543428,6406.964238774618,6393.187524112605,6420.740953436631,7.0290652127701305,cog,Microstomus kitt
2002,583.1721014422816,567.4202810739068,598.9239218106563,8.036790723004653,6411.026667708347,6394.9757964804885,6427.077538936206,8.189370495818137,cog,Microstomus kitt
2003,577.0153247854847,561.1565176160118,592.8741319549576,8.091376828638268,6414.509693799146,6396.936770043881,6432.082617554411,8.965942177447083,cog,Microstomus kitt
2004,584.1537663912179,566.2734218255449,602.0341109568909,9.122792411855997,6404.587436177242,6388.573090813497,6420.601781540987,8.17073450842145,cog,Microstomus kitt
2005,578.2689649063198,559.7428541240241,596.7950756886154,9.45227102560418,6407.468981997614,6390.643631562556,6424.294332432672,8.584520209439397,cog,Microstomus kitt
2006,583.316904143206,566.9838696330578,599.6499386533542,8.333333999492385,6413.508445610876,6398.250409065914,6428.766482155838,7.78485557148776,cog,Microstomus kitt
2008,585.3750038003329,571.2293615388513,599.5206460618145,7.21729703865004,6410.846034562222,6397.7002162706385,6423.991852853805,6.707173394652125,cog,Microstomus kitt
2009,579.6338001784352,563.6780306910282,595.5895696658422,8.140848308062859,6414.4657309054755,6398.388068721986,6430.543393088965,8.203039601904745,cog,Microstomus kitt
2010,579.590783024761,560.6602868370641,598.5212792124579,9.658593901223842,6405.214788517706,6387.948784893972,6422.480792141441,8.809347396139193,cog,Microstomus kitt
2012,581.292125102231,565.894853506413,596.689396698049,7.855895168110073,6396.242385392141,6380.207171549629,6412.277599234653,8.181381887114469,cog,Microstomus kitt
2013,573.2305401648497,553.0648921933896,593.3961881363098,10.288784962644305,6404.556476814506,6388.8860891542345,6420.226864474777,7.995242659496726,cog,Microstomus kitt
2014,573.6945329699174,559.7970244433541,587.5920414964808,7.090695867977736,6411.796141956802,6398.7699359098715,6424.822348003732,6.64614561781708,cog,Microstomus kitt
2015,576.288822036325,562.1451737153707,590.4324703572793,7.216279703360676,6412.226343024222,6399.145169776366,6425.307516272078,6.674190623419122,cog,Microstomus kitt
2016,582.2799538726464,563.8550431935413,600.7048645517515,9.400637371114192,6396.766625158406,6380.0037590886695,6413.529491228142,8.552639845405366,cog,Microstomus kitt
2017,592.5376298523963,578.3021880508769,606.7730716539157,7.263113972402937,6391.100962336993,6377.71930780752,6404.482616866466,6.82750021685394,cog,Microstomus kitt
2018,578.3679711705531,559.0605974145656,597.6753449265407,9.850881908178748,6406.442172552332,6390.960604346066,6421.923740758597,7.898904433133568,cog,Microstomus kitt
2019,569.5362633384593,555.6689864971992,583.4035401797195,7.075271255310545,6406.036784452038,6396.211788409161,6415.8617804949145,5.012845195307007,cog,Microstomus kitt
2020,586.0399823947869,568.6414080655334,603.4385567240404,8.876986754088964,6409.840365166636,6393.139921761287,6426.540808571985,8.520790962017536,cog,Microstomus kitt
2021,564.1042973257948,549.7972155985716,578.4113790530181,7.299665626550125,6410.288959175182,6398.511153873976,6422.066764476388,6.0091947577139715,cog,Microstomus kitt
2022,580.1867417385935,563.399780413111,596.973703064076,8.564933569134878,6405.238355915635,6390.37400922662,6420.10270260465,7.5839897091291935,cog,Microstomus kitt
1993,586.3122517587026,570.0506165707521,602.573886946653,8.296905104491778,6404.0150773929245,6388.642307031121,6419.387847754728,7.843394308804542,cog,Syngnathus rostellatus
1994,581.5598125647525,566.4285173830518,596.6911077464532,7.720190422402896,6405.52198004317,6390.551279690816,6420.492680395523,7.638252779357668,cog,Syngnathus rostellatus
1995,582.7637687589776,566.4967168395327,599.0308206784224,8.299668793792776,6403.062707283891,6386.575053168842,6419.5503613989395,8.412223002617107,cog,Syngnathus rostellatus
1996,582.4320989360441,566.2164160984137,598.6477817736745,8.273459596981176,6405.243699069632,6389.250268797498,6421.237129341766,8.160063347228776,cog,Syngnathus rostellatus
1997,581.9263628874239,565.8602092568414,597.9925165180065,8.197167783342103,6405.257234398082,6389.618163513746,6420.896305282417,7.979264418986516,cog,Syngnathus rostellatus
1998,585.7374885993116,570.5358783090346,600.9390988895886,7.75606613702366,6406.652100725284,6391.785982288403,6421.518219162165,7.584893678732371,cog,Syngnathus rostellatus
1999,574.7846407672997,559.5615754233138,590.0077061112856,7.767012794144982,6402.697909411249,6388.304275479004,6417.091543343495,7.343825726279139,cog,Syngnathus rostellatus
2000,587.645101252334,571.8765663965287,603.4136361081394,8.045318679417363,6403.565917184266,6389.521367419305,6417.610466949228,7.165718286531313,cog,Syngnathus rostellatus
2001,584.9319063354122,569.5355610030484,600.328251667776,7.855422576031101,6406.21028890943,6390.907513753441,6421.51306406542,7.807681812877815,cog,Syngnathus rostellatus
2002,584.2722748901135,569.1551029430824,599.3894468371446,7.7129845580191425,6408.153047521413,6393.419872599078,6422.886222443748,7.517064108599995,cog,Syngnathus rostellatus
2003,585.2200522890747,574.1786629238823,596.2614416542672,5.633465437265939,6418.813726014477,6406.882501930275,6430.744950098679,6.087471085343339,cog,Syngnathus rostellatus
2004,581.5541123553379,571.657081857812,591.4511428528638,5.049598143431397,6408.122970177067,6399.69262599773,6416.553314356404,4.30127504680434,cog,Syngnathus rostellatus
2005,576.1884312281079,561.1587826682666,591.2180797879493,7.668328948079282,6407.129904926926,6393.808365676835,6420.451444177018,6.7968285923464355,cog,Syngnathus rostellatus
2006,580.8241517327017,566.8088267962133,594.83947666919,7.150807385768005,6407.4050364279165,6392.262746138458,6422.547326717375,7.725800274340922,cog,Syngnathus rostellatus
2007,578.002016287506,564.4245617808565,591.5794707941554,6.927400000074822,6408.354372684703,6394.084638996305,6422.6241063731,7.280610154551423,cog,Syngnathus rostellatus
2008,582.0261635421878,570.2741698127033,593.7781572716722,5.996025346477095,6407.9089860956465,6396.851876685441,6418.966095505852,5.6414860157748645,cog,Syngnathus rostellatus
2009,581.4700855110763,566.6208124613335,596.3193585608191,7.576298935527384,6400.86941302349,6387.354534320544,6414.384291726436,6.895472982947246,cog,Syngnathus rostellatus
2010,580.030896271151,564.3369847359985,595.7248078063036,8.007244857019876,6403.046115844559,6387.643414767182,6418.448816921936,7.8586653626654375,cog,Syngnathus rostellatus
2012,585.7319785190818,574.1660850573836,597.2978719807801,5.901074485515334,6418.152813948199,6402.433869794677,6433.871758101721,8.020016835774218,cog,Syngnathus rostellatus
2013,581.6511855927663,569.7168031373701,593.5855680481625,6.089082528828644,6420.950692630862,6400.885509783063,6441.015875478662,10.237526304601083,cog,Syngnathus rostellatus
2014,577.9771525262043,566.61335697555,589.3409480768587,5.797961411684358,6411.318358160736,6399.57226894698,6423.064447374492,5.993012783096045,cog,Syngnathus rostellatus
2015,579.0249228957049,568.3570407170517,589.692805074358,5.442897044435525,6401.523357481746,6390.400597256518,6412.646117706973,5.674981945057475,cog,Syngnathus rostellatus
2016,574.6742846686799,561.62127149112,587.7272978462398,6.659822976605931,6400.923103669498,6390.716540740128,6411.129666598868,5.2075257555131875,cog,Syngnathus rostellatus
2017,583.066730717733,566.7907109862401,599.3427504492258,8.304244292178872,6404.480173597524,6388.7543154386785,6420.20603175637,8.023544454331613,cog,Syngnathus rostellatus
2018,581.1084590169553,569.5032746684077,592.7136433655029,5.9211212247203315,6409.469594780328,6396.460764251615,6422.478425309042,6.637280394601937,cog,Syngnathus rostellatus
2019,583.1004170822274,569.1729909358912,597.0278432285636,7.10596024018499,6406.818130527933,6392.959573970038,6420.676687085828,7.070822049389364,cog,Syngnathus rostellatus
2020,583.5978053232478,569.2333390102834,597.9622716362122,7.3289440144153195,6400.256738890961,6386.860510014296,6413.652967767626,6.834936244917107,cog,Syngnathus rostellatus
2021,585.0076176725928,570.0459680426442,599.9692673025414,7.6336349789915605,6406.485275724831,6391.942135127327,6421.028416322335,7.420106038793695,cog,Syngnathus rostellatus
2022,589.0389311520643,573.2383424615325,604.839519842596,8.061672977240775,6405.042644618266,6389.861567599144,6420.223721637389,7.745589785765767,cog,Syngnathus rostellatus
1994,644.6682402857818,634.8299554775243,654.5065250940394,5.01962530223038,6298.59535523056,6288.454612757035,6308.736097704085,5.173943273199798,cog,Myoxocephalus scorpius
1995,643.7834357820964,634.2377317040616,653.3291398601311,4.870346676433895,6298.000888949291,6287.689957047203,6308.311820851379,5.260776209878817,cog,Myoxocephalus scorpius
1996,643.9808872276494,634.2280457628356,653.7337286924633,4.976030958600768,6299.47326415332,6289.115250086745,6309.8312782198955,5.284798163781544,cog,Myoxocephalus scorpius
1998,643.7397877999161,634.2706091555823,653.20896644425,4.831302370362709,6300.762843569694,6290.7022052200055,6310.823481919383,5.1330730712632775,cog,Myoxocephalus scorpius
1999,642.8268481878056,633.9122051109115,651.7414912646997,4.548370861511568,6294.969063978097,6284.913948787908,6305.0241791682865,5.130255080962041,cog,Myoxocephalus scorpius
2001,643.649566282778,634.0282307885506,653.2709017770054,4.908934842741635,6298.53043180453,6287.9715441609405,6309.08931944812,5.387286565914666,cog,Myoxocephalus scorpius
2003,644.0106174754725,635.0269592031285,652.9942757478165,4.5835833429624016,6300.104911397653,6290.160168859262,6310.049653936045,5.073941468738179,cog,Myoxocephalus scorpius
2004,643.4178515612031,633.9508848657358,652.8848182566703,4.830173804284897,6299.027616659874,6288.915293370632,6309.1399399491165,5.15944342294409,cog,Myoxocephalus scorpius
2005,646.7090436907309,637.9472056134193,655.4708817680425,4.4704076944392,6291.434514789872,6281.972806915759,6300.896222663985,4.827490682862399,cog,Myoxocephalus scorpius
2006,644.5245385424481,635.6033831538316,653.4456939310646,4.551693530588035,6301.016771929291,6291.213270303049,6310.820273555533,5.001878454691569,cog,Myoxocephalus scorpius
2007,643.5400249842897,633.9345847312101,653.1454652373694,4.900824876807029,6302.650540747228,6292.815079823637,6312.486001670819,5.018184518272763,cog,Myoxocephalus scorpius
2008,644.0689328394178,634.6671090391367,653.470756639699,4.796937022537939,6299.222575741556,6289.116704628263,6309.32844685485,5.156151435948441,cog,Myoxocephalus scorpius
2009,645.9262304863822,637.4964263262582,654.3560346465063,4.3009995217347345,6297.788056043391,6288.453567572041,6307.122544514742,4.762581631591158,cog,Myoxocephalus scorpius
2010,644.3537286279458,635.4029128976425,653.304544358249,4.566826636053595,6299.072912832073,6288.4926421840155,6309.65318348013,5.398196462543629,cog,Myoxocephalus scorpius
2012,644.528324476896,635.0652417775673,653.9914071762248,4.828192137188406,6298.546898990408,6288.511209666672,6308.582588314145,5.120343742485397,cog,Myoxocephalus scorpius
2013,644.3940059559992,636.0471016620222,652.7409102499762,4.25870289444926,6294.3816758601615,6284.348440508726,6304.414911211597,5.11909169279466,cog,Myoxocephalus scorpius
2014,644.1594694240063,634.5390648420407,653.7798740059718,4.908459878778449,6298.503831455101,6287.733497464289,6309.274165445913,5.495169337685437,cog,Myoxocephalus scorpius
2015,643.4337658400092,633.8992349435549,652.9682967364635,4.864645968834873,6298.484926760145,6287.947593683078,6309.022259837212,5.376289136017022,cog,Myoxocephalus scorpius
2016,643.4159866373961,634.3431721710965,652.4888011036958,4.629072032886755,6299.996571786986,6289.861682290661,6310.131461283312,5.1709570054697895,cog,Myoxocephalus scorpius
2017,644.5671053722857,635.645975201419,653.4882355431524,4.551680664152741,6303.934539629063,6294.416124576207,6313.4529546819185,4.856423448561129,cog,Myoxocephalus scorpius
2018,643.4965931510528,634.0990174089908,652.8941688931149,4.794769606068733,6298.297140544754,6287.733776125626,6308.860504963883,5.389570677038371,cog,Myoxocephalus scorpius
2019,643.7304694626957,635.1221984888675,652.338740436524,4.392055691701031,6296.111626744019,6288.030707602976,6304.192545885063,4.122993690080418,cog,Myoxocephalus scorpius
2020,644.5684898112576,635.2593325288503,653.8776470936648,4.749657318112322,6299.622581060137,6290.052024829664,6309.19313729061,4.88302657904128,cog,Myoxocephalus scorpius
2021,643.6229085472573,634.0103624981842,653.2354545963304,4.904450349545012,6298.572972322516,6288.010363266869,6309.135581378163,5.38918528042511,cog,Myoxocephalus scorpius
2022,644.212681649724,634.6927436651746,653.7326196342734,4.857200468805277,6299.780719163772,6289.838847562574,6309.72259076497,5.072476677948405,cog,Myoxocephalus scorpius
