temp_sc,chl_sc,year,year_f,yday_ct,temp_sq,temp,est,est_se,species
-3.259273048419409,0,1993,1993,0,10.622860804153145,1.9507373066967084,3.691787693343418,0.03677533724455805,Aphia minuta
-3.146769901330013,0,1993,1993,0,9.9021608119165,2.1193147907897725,3.683512770196949,0.03584435567752634,Aphia minuta
-3.034266754240618,0,1993,1993,0,9.206774735889896,2.287892274882836,3.6752378470504796,0.0349283951750325,Aphia minuta
-2.9217636071512225,0,1993,1993,0,8.536702576073324,2.4564697589759,3.6669629239040105,0.034028668739015284,Aphia minuta
-2.809260460061827,0,1993,1993,0,7.891944332466788,2.6250472430689644,3.658688000757541,0.033146498365230384,Aphia minuta
-2.6967573129724314,0,1993,1993,0,7.272500005070288,2.7936247271620283,3.6504130776110717,0.0322833232905627,Aphia minuta
-2.584254165883036,0,1993,1993,0,6.678369593883825,2.9622022112550925,3.6421381544646025,0.03144070804816485,Aphia minuta
-2.4717510187936407,0,1993,1993,0,6.1095530989074005,3.130779695348156,3.6338632313181334,0.030620349990440523,Aphia minuta
-2.359247871704245,0,1993,1993,0,5.56605052014101,3.29935717944122,3.6255883081716638,0.029824085829818596,Aphia minuta
-2.2467447246148495,0,1993,1993,0,5.047861857584656,3.4679346635342845,3.6173133850251946,0.029053896618386397,Aphia minuta
-2.1342415775254544,0,1993,1993,0,4.55498711123834,3.636512147627348,3.6090384618787255,0.028311910442772415,Aphia minuta
-2.021738430436059,0,1993,1993,0,4.087426281102059,3.8050896317204117,3.600763538732256,0.027600401957352527,Aphia minuta
-1.9092352833466633,0,1993,1993,0,3.6451793671758135,3.973667115813476,3.5924886155857867,0.026921787729931226,Aphia minuta
-1.7967321362572677,0,1993,1993,0,3.2282463694596046,4.14224459990654,3.5842136924393175,0.026278616250170108,Aphia minuta
-1.6842289891678723,0,1993,1993,0,2.836627287953433,4.3108220839996045,3.5759387692928484,0.025673551381764782,Aphia minuta
-1.571725842078477,0,1993,1993,0,2.4703221226572976,4.479399568092668,3.5676638461463788,0.025109348063235552,Aphia minuta
-1.4592226949890814,0,1993,1993,0,2.1293308735711975,4.647977052185732,3.5593889229999096,0.024588819224385054,Aphia minuta
-1.3467195478996858,0,1993,1993,0,1.8136535406951342,4.8165545362787965,3.5511139998534405,0.024114793231924007,Aphia minuta
-1.2342164008102903,0,1993,1993,0,1.523290124029107,4.98513202037186,3.542839076706971,0.023690061744697722,Aphia minuta
-1.1217132537208951,0,1993,1993,0,1.2582406235731174,5.153709504464923,3.5345641535605017,0.02331731865796142,Aphia minuta
-1.0092101066314996,0,1993,1993,0,1.0185050393271626,5.3222869885579875,3.5262892304140325,0.0229990918169919,Aphia minuta
-0.896706959542104,0,1993,1993,0,0.8040833712912445,5.490864472651052,3.5180143072675634,0.022737670296143236,Aphia minuta
-0.7842038124527089,0,1993,1993,0,0.6149756194653634,5.659441956744115,3.5097393841210938,0.022535031121921886,Aphia minuta
-0.6717006653633133,0,1993,1993,0,0.4511817838495178,5.8280194408371795,3.5014644609746246,0.022392770170660978,Aphia minuta
-0.5591975182739177,0,1993,1993,0,0.31270186444370857,5.996596924930245,3.4931895378281554,0.022312042381778564,Aphia minuta
-0.44669437118452215,0,1993,1993,0,0.19953586124793565,6.165174409023308,3.4849146146816863,0.022293516224604504,Aphia minuta
-0.3341912240951266,0,1993,1993,0,0.11168377426219911,6.333751893116371,3.4766396915352167,0.022337346466116084,Aphia minuta
-0.22168807700573145,0,1993,1993,0,0.04914560348649912,6.502329377209435,3.4683647683887475,0.02244316777369219,Aphia minuta
-0.10918492991633588,0,1993,1993,0,0.011921348920835179,6.6709068613025,3.4600898452422784,0.022610109760217115,Aphia minuta
0.00331821717305969,0,1993,1993,0,1.101056520758824e-5,6.839484345395564,3.4518149220958088,0.022836832050444688,Aphia minuta
0.11582136426245482,0,1993,1993,0,0.013414588419616246,7.008061829488628,3.4435399989493396,0.023121576155434403,Aphia minuta
0.2283245113518504,0,1993,1993,0,0.05213208248406126,7.176639313581691,3.4352650758028704,0.02346222966393157,Aphia minuta
0.34082765844124596,0,1993,1993,0,0.11616349275854262,7.345216797674754,3.4269901526564013,0.023856397648739237,Aphia minuta
0.45333080553064153,0,1993,1993,0,0.20550881924306033,7.51379428176782,3.4187152295099317,0.02430147624788779,Aphia minuta
0.5658339526200371,0,1993,1993,0,0.3201680619376144,7.682371765860885,3.4104403063634625,0.02479472399440494,Aphia minuta
0.6783370997094322,0,1993,1993,0,0.4601412208422042,7.850949249953948,3.4021653832169934,0.025333327439777207,Aphia minuta
0.7908402467988283,0,1993,1993,0,0.6254282959568316,8.01952673404701,3.3938904600705238,0.025914458733753254,Aphia minuta
0.9033433938882234,0,1993,1993,0,0.8160292872814939,8.188104218140074,3.3856155369240546,0.026535323906747666,Aphia minuta
1.0158465409776185,0,1993,1993,0,1.0319441948161923,8.35668170223314,3.3773406137775854,0.027193201527014262,Aphia minuta
1.1283496880670145,0,1993,1993,0,1.273173018560929,8.525259186326204,3.3690656906311163,0.02788547211043397,Aphia minuta
1.2408528351564097,0,1993,1993,0,1.5397157585157,8.693836670419268,3.3607907674846467,0.02860963913500051,Aphia minuta
1.3533559822458048,0,1993,1993,0,1.831572414680507,8.862414154512331,3.3525158443381775,0.029363342778510375,Aphia minuta
1.4658591293352008,0,1993,1993,0,2.148742987055353,9.030991638605395,3.3442409211917083,0.030144367598306406,Aphia minuta
1.578362276424596,0,1993,1993,0,2.4912274756402324,9.199569122698458,3.335965998045239,0.030950645352811876,Aphia minuta
1.690865423513991,0,1993,1993,0,2.8590258804351483,9.368146606791521,3.3276910748987696,0.031780254068988,Aphia minuta
1.803368570603387,0,1993,1993,0,3.2521382014401032,9.536724090884588,3.3194161517523004,0.03263141432275813,Aphia minuta
1.9158717176927822,0,1993,1993,0,3.6705644386550915,9.705301574977652,3.3111412286058313,0.033502483546712813,Aphia minuta
2.028374864782178,0,1993,1993,0,4.11430459208012,9.873879059070715,3.302866305459362,0.034391949028402036,Aphia minuta
2.1408780118715733,0,1993,1993,0,4.583358661715181,10.042456543163778,3.2945913823128925,0.035298420123665984,Aphia minuta
2.253381158960969,0,1993,1993,0,5.077726647560279,10.211034027256844,3.2863164591664233,0.0362206200880332,Aphia minuta
-3.109763476871915,0,1993,1993,0,9.6706288820865,2.1747661278574295,3.4923944467740915,0.022805509169713564,Clupea harengus
-3.0003642750704107,0,1993,1993,0,9.002185783118792,2.338692583948766,3.487131981806667,0.022147556070557625,Clupea harengus
-2.890965073268906,0,1993,1993,0,8.357679054860691,2.5026190400401034,3.481869516839242,0.021497575290745242,Clupea harengus
-2.781565871467402,0,1993,1993,0,7.737108697312207,2.6665454961314397,3.4766070518718175,0.020856312208494307,Clupea harengus
-2.6721666696658977,0,1993,1993,0,7.140474710473335,2.8304719522227764,3.4713445869043924,0.02022459607926148,Clupea harengus
-2.562767467864393,0,1993,1993,0,6.5677770943440725,2.9943984083141135,3.4660821219369677,0.019603349873797866,Clupea harengus
-2.453368266062889,0,1993,1993,0,6.019015848924425,3.1583248644054502,3.460819656969543,0.01899360097648534,Clupea harengus
-2.343969064261384,0,1993,1993,0,5.494190974214389,3.3222513204967874,3.455557192002118,0.018396492652337854,Clupea harengus
-2.23456986245988,0,1993,1993,0,4.993302470213967,3.486177776588124,3.4502947270346933,0.01781329609688388,Clupea harengus
-2.125170660658376,0,1993,1993,0,4.516350336923157,3.650104232679461,3.4450322620672686,0.0172454227503172,Clupea harengus
-2.015771458856871,0,1993,1993,0,4.063334574341958,3.814030688770798,3.439769797099844,0.01669443637602718,Clupea harengus
-1.906372257055367,0,1993,1993,0,3.634255182470374,3.9779571448621347,3.434507332132419,0.016162064164686483,Clupea harengus
-1.7969730552538625,0,1993,1993,0,3.229112161308401,4.141883600953472,3.429244867164994,0.01565020582253883,Clupea harengus
-1.687573853452358,0,1993,1993,0,2.847905510856041,4.305810057044809,3.4239824021975696,0.015160939238265399,Clupea harengus
-1.578174651650854,0,1993,1993,0,2.490635231113294,4.469736513136145,3.4187199372301444,0.014696520913436777,Clupea harengus
-1.4687754498493495,0,1993,1993,0,2.157301322080159,4.6336629692274816,3.41345747226272,0.014259378927777866,Clupea harengus
-1.359376248047845,0,1993,1993,0,1.8479037837566363,4.797589425318819,3.408195007295295,0.013852095867665237,Clupea harengus
-1.2499770462463407,0,1993,1993,0,1.5624426161427265,4.961515881410157,3.4029325423278705,0.013477378993045462,Clupea harengus
-1.1405778444448362,0,1993,1993,0,1.300917819238429,5.125442337501493,3.3976700773604454,0.013138015116125407,Clupea harengus
-1.031178642643332,0,1993,1993,0,1.0633293930437446,5.289368793592829,3.3924076123930207,0.012836808401431341,Clupea harengus
-0.9217794408418274,0,1993,1993,0,0.8496773375586719,5.4532952496841665,3.387145147425596,0.012576500735607605,Clupea harengus
-0.8123802390403232,0,1993,1993,0,0.6599616527832126,5.617221705775504,3.381882682458171,0.012359676518606018,Clupea harengus
-0.702981037238819,0,1993,1993,0,0.49418233871736583,5.78114816186684,3.3766202174907463,0.012188656554788357,Clupea harengus
-0.5935818354373144,0,1993,1993,0,0.35233939536113096,5.945074617958177,3.3713577525233216,0.012065388748430415,Clupea harengus
-0.48418263363581016,0,1993,1993,0,0.23443282271450916,6.109001074049514,3.3660952875558965,0.011991345827932709,Clupea harengus
-0.37478343183430596,0,1993,1993,0,0.14046262077749985,6.2729275301408505,3.360832822588472,0.011967441495723681,Clupea harengus
-0.2653842300328013,0,1993,1993,0,0.0704287895501028,6.4368539862321885,3.355570357621047,0.011993975538420146,Clupea harengus
-0.15598502823129712,0,1993,1993,0,0.02433132903231856,6.600780442323524,3.3503078926536225,0.012070615334482102,Clupea harengus
-0.04658582642979292,0,1993,1993,0,0.0021702392241467927,6.764706898414862,3.3450454276861974,0.01219641635743918,Clupea harengus
0.06281337537171172,0,1993,1993,0,0.00394552012558756,6.928633354506198,3.3397829627187727,0.012369878796865692,Clupea harengus
0.17221257717321592,0,1993,1993,0,0.02965717173664085,7.092559810597535,3.334520497751348,0.012589032647842596,Clupea harengus
0.28161177897472056,0,1993,1993,0,0.07930519405730686,7.2564862666888725,3.329258032783923,0.012851540633010033,Clupea harengus
0.39101098077622476,0,1993,1993,0,0.1528895870875852,7.420412722780208,3.3239955678164983,0.013154807575541765,Clupea harengus
0.500410182577729,0,1993,1993,0,0.25041035082747604,7.584339178871546,3.3187331028490736,0.013496086104175388,Clupea harengus
0.6098093843792336,0,1993,1993,0,0.3718674852769799,7.748265634962883,3.313470637881649,0.013872571138302477,Clupea harengus
0.7192085861807378,0,1993,1993,0,0.5172609904360957,7.912192091054219,3.308208172914224,0.014281478632038477,Clupea harengus
0.8286077879822424,0,1993,1993,0,0.6865908663048248,8.076118547145557,3.302945707946799,0.014720106858363573,Clupea harengus
0.9380069897837466,0,1993,1993,0,0.8798571128831658,8.240045003236892,3.2976832429793745,0.015185880679106986,Clupea harengus
1.0474061915852508,0,1993,1993,0,1.0970597301711191,8.40397145932823,3.2924207780119494,0.01567638064582094,Clupea harengus
1.156805393386755,0,1993,1993,0,1.338198718168685,8.567897915419566,3.2871583130445248,0.01618935948020877,Clupea harengus
1.2662045951882601,0,1993,1993,0,1.6032740768758658,8.731824371510903,3.2818958480771,0.016722748658050922,Clupea harengus
1.3756037969897643,0,1993,1993,0,1.8922858062926566,8.895750827602242,3.2766333831096754,0.01727465765378359,Clupea harengus
1.4850029987912685,0,1993,1993,0,2.20523390641906,9.059677283693578,3.2713709181422503,0.017843368053836302,Clupea harengus
1.5944022005927727,0,1993,1993,0,2.5421183772550764,9.223603739784915,3.2661084531748257,0.018427324331765308,Clupea harengus
1.703801402394277,0,1993,1993,0,2.9029392188007046,9.38753019587625,3.260845988207401,0.01902512267044908,Clupea harengus
1.813200604195781,0,1993,1993,0,3.2876964310559456,9.551456651967587,3.255583523239976,0.019635498855322293,Clupea harengus
1.9225998059972862,0,1993,1993,0,3.6963900140208024,9.715383108058926,3.2503210582725512,0.020257315963455102,Clupea harengus
2.0319990077987904,0,1993,1993,0,4.129019967695268,9.879309564150262,3.2450585933051266,0.02088955233755152,Clupea harengus
2.1413982096002946,0,1993,1993,0,4.5855862920793475,10.043236020241599,3.239796128337702,0.02153129015543466,Clupea harengus
2.250797411401799,0,1993,1993,0,5.066088987173038,10.207162476332934,3.234533663370277,0.02218170477501431,Clupea harengus
-3.2541029235325256,0,1993,1993,0,10.58918583694293,1.9584843490544226,3.091927871131427,0.04076524484277854,Crystallogobius linearis
-3.1417580187379475,0,1993,1993,0,9.870643448304193,2.1268247189988823,3.0920103811788406,0.040216118304004345,Crystallogobius linearis
-3.0294131139433693,0,1993,1993,0,9.177343814932062,2.295165088943342,3.0920928912262546,0.0396829181178524,Crystallogobius linearis
-2.9170682091487916,0,1993,1993,0,8.509286936826538,2.4635054588878007,3.092175401273668,0.039166294741923145,Crystallogobius linearis
-2.8047233043542135,0,1993,1993,0,7.866472813987618,2.6318458288322604,3.0922579113210817,0.03866691262346567,Crystallogobius linearis
-2.6923783995596353,0,1993,1993,0,7.248901446415303,2.80018619877672,3.0923404213684953,0.03818544820225075,Crystallogobius linearis
-2.580033494765057,0,1993,1993,0,6.656572834109594,2.9685265687211793,3.0924229314159093,0.03772258755095327,Crystallogobius linearis
-2.4676885899704795,0,1993,1993,0,6.089486977070493,3.1368669386656385,3.092505441463323,0.037279023635664175,Crystallogobius linearis
-2.3553436851759013,0,1993,1993,0,5.547643875297996,3.305207308610098,3.0925879515107364,0.03685545318503078,Crystallogobius linearis
-2.242998780381323,0,1993,1993,0,5.031043528792103,3.4735476785545574,3.09267046155815,0.03645257316399072,Crystallogobius linearis
-2.130653875586745,0,1993,1993,0,4.539685937552817,3.641888048499017,3.092752971605564,0.036071076857154,Crystallogobius linearis
-2.018308970792167,0,1993,1993,0,4.073571101580136,3.8102284184434767,3.0928354816529775,0.035711649577551574,Crystallogobius linearis
-1.905964065997589,0,1993,1993,0,3.6326990208740617,3.9785687883879364,3.092917991700391,0.0353749640285539,Crystallogobius linearis
-1.793619161203011,0,1993,1993,0,3.217069695434593,4.146909158332395,3.0930005017478046,0.035061675359994396,Crystallogobius linearis
-1.6812742564084329,0,1993,1993,0,2.826683125261729,4.315249528276855,3.0930830117952186,0.03477241597350274,Crystallogobius linearis
-1.568929351613855,0,1993,1993,0,2.4615393103554712,4.483589898221314,3.093165521842632,0.03450779014621904,Crystallogobius linearis
-1.4565844468192768,0,1993,1993,0,2.1216382507158187,4.651930268165773,3.0932480318900457,0.03426836855575692,Crystallogobius linearis
-1.3442395420246986,0,1993,1993,0,1.8069799463427716,4.820270638110233,3.0933305419374593,0.03405468280174403,Crystallogobius linearis
-1.2318946372301207,0,1993,1993,0,1.5175643972363306,4.988611008054693,3.0934130519848733,0.03386722002967066,Crystallogobius linearis
-1.1195497324355426,0,1993,1993,0,1.253391603396495,5.156951377999152,3.093495562032287,0.03370641777029064,Crystallogobius linearis
-1.0072048276409644,0,1993,1993,0,1.0144615648232649,5.325291747943612,3.0935780720797004,0.0335726591116807,Crystallogobius linearis
-0.8948599228463867,0,1993,1993,0,0.8007742815166412,5.493632117888071,3.093660582127114,0.03346626832064464,Crystallogobius linearis
-0.7825150180518086,0,1993,1993,0,0.6123297534766223,5.66197248783253,3.093743092174528,0.03338750702502604,Crystallogobius linearis
-0.6701701132572304,0,1993,1993,0,0.44912798070320903,5.83031285777699,3.0938256022219415,0.033336571058515556,Crystallogobius linearis
-0.5578252084626523,0,1993,1993,0,0.31116896319640147,5.998653227721449,3.093908112269355,0.03331358805486531,Crystallogobius linearis
-0.4454803036680741,0,1993,1993,0,0.19845270095619952,6.166993597665909,3.0939906223167686,0.03331861585953993,Crystallogobius linearis
-0.3331353988734964,0,1993,1993,0,0.11097919398260356,6.335333967610368,3.0940731323641826,0.03335164180454121,Crystallogobius linearis
-0.22079049407891826,0,1993,1993,0,0.04874844227561284,6.503674337554828,3.094155642411596,0.03341258286750322,Crystallogobius linearis
-0.10844558928434012,0,1993,1993,0,0.011760445835227784,6.6720147074992875,3.0942381524590097,0.03350128671041804,Crystallogobius linearis
0.003899315510238033,0,1993,1993,0,1.520466144838289e-5,6.840355077443747,3.0943206625064237,0.033617533567857245,Crystallogobius linearis
0.11624422030481574,0,1993,1993,0,0.013512718754274535,7.008695447388207,3.0944031725538372,0.033761038930620886,Crystallogobius linearis
0.22858912509939389,0,1993,1993,0,0.05225298811370635,7.177035817332665,3.094485682601251,0.033931456949566764,Crystallogobius linearis
0.34093402989397203,0,1993,1993,0,0.11623601273974382,7.345376187277125,3.0945681926486643,0.03412838446692461,Crystallogobius linearis
0.4532789346885502,0,1993,1993,0,0.20546179263238695,7.513716557221584,3.0946507026960783,0.03435136556937223,Crystallogobius linearis
0.5656238394831283,0,1993,1993,0,0.3199303277916357,7.682056927166045,3.094733212743492,0.034599896548914676,Crystallogobius linearis
0.677968744277706,0,1993,1993,0,0.45964161821748956,7.850397297110503,3.0948157227909054,0.03487343115420472,Crystallogobius linearis
0.7903136490722842,0,1993,1993,0,0.6245956639099496,8.018737667054962,3.094898232838319,0.035171386016121534,Crystallogobius linearis
0.9026585538668623,0,1993,1993,0,0.8147924648690152,8.187078036999422,3.094980742885733,0.03549314613667709,Crystallogobius linearis
1.0150034586614405,0,1993,1993,0,1.0302320210946865,8.355418406943881,3.0950632529331465,0.03583807033896379,Crystallogobius linearis
1.1273483634560186,0,1993,1993,0,1.2709143325869634,8.523758776888341,3.09514576298056,0.03620549658709338,Crystallogobius linearis
1.2396932682505968,0,1993,1993,0,1.536839399345846,8.6920991468328,3.0952282730279737,0.03659474709807486,Crystallogobius linearis
1.352038173045175,0,1993,1993,0,1.8280072213713343,8.86043951677726,3.0953107830753877,0.037005133181527664,Crystallogobius linearis
1.4643830778397522,0,1993,1993,0,2.144417798663426,9.028779886721718,3.095393293122801,0.03743595975729292,Crystallogobius linearis
1.5767279826343303,0,1993,1993,0,2.486071131222125,9.197120256666178,3.0954758031702148,0.03788652951476586,Crystallogobius linearis
1.6890728874289085,0,1993,1993,0,2.85296721904743,9.365460626610638,3.0955583132176283,0.03835614669063235,Crystallogobius linearis
1.8014177922234866,0,1993,1993,0,3.245106062139341,9.533800996555097,3.0956408232650423,0.038844120453292594,Crystallogobius linearis
1.9137626970180648,0,1993,1993,0,3.6624876604978573,9.702141366499557,3.095723333312456,0.03934976789236519,Crystallogobius linearis
2.026107601812643,0,1993,1993,0,4.105112014122979,9.870481736444017,3.0958058433598694,0.03987241662017288,Crystallogobius linearis
2.138452506607221,0,1993,1993,0,4.572979123014707,10.038822106388476,3.095888353407283,0.04041140699899939,Crystallogobius linearis
2.250797411401799,0,1993,1993,0,5.066088987173038,10.207162476332934,3.095970863454697,0.04096609401323768,Crystallogobius linearis
-3.259273048419409,0,1993,1993,0,10.622860804153145,1.9507373066967084,2.7939904172675263,0.05963100066746973,Pholis gunnellus
-3.1606453247582382,0,1993,1993,0,9.989678868916108,2.09852351487642,2.78262378597972,0.05824335425718528,Pholis gunnellus
-3.062017601097068,0,1993,1993,0,9.375951789428244,2.2463097230561306,2.771257154691914,0.05687713817412157,Pholis gunnellus
-2.9633898774358975,0,1993,1993,0,8.781679565689544,2.394095931235842,2.7598905234041076,0.055533934093076644,Pholis gunnellus
-2.864762153774727,0,1993,1993,0,8.206862197700012,2.541882139415553,2.7485238921163013,0.054215452428769524,Pholis gunnellus
-2.766134430113557,0,1993,1993,0,7.651499685459652,2.689668347595264,2.737157260828495,0.05292354093864176,Pholis gunnellus
-2.6675067064523863,0,1993,1993,0,7.115592028968457,2.8374545557749755,2.725790629540689,0.05166019305169055,Pholis gunnellus
-2.568878982791216,0,1993,1993,0,6.599139228226433,2.9852407639546863,2.7144239982528826,0.05042755560224699,Pholis gunnellus
-2.4702512591300456,0,1993,1993,0,6.102141283233576,3.1330269721343975,2.7030573669650764,0.049227935556180026,Pholis gunnellus
-2.371623535468875,0,1993,1993,0,5.624598193989886,3.2808131803141087,2.69169073567727,0.04806380521197883,Pholis gunnellus
-2.272995811807705,0,1993,1993,0,5.166509960495367,3.4285993884938195,2.680324104389464,0.04693780524281682,Pholis gunnellus
-2.1743680881465344,0,1993,1993,0,4.727876582750015,3.576385596673531,2.6689574731016577,0.04585274482292296,Pholis gunnellus
-2.0757403644853643,0,1993,1993,0,4.308698060753833,3.724171804853242,2.6575908418138514,0.044811597960857215,Pholis gunnellus
-1.9771126408241937,0,1993,1993,0,3.908974394506817,3.871958013032953,2.646224210526045,0.043817495056664796,Pholis gunnellus
-1.8784849171630231,0,1993,1993,0,3.52870558400897,4.019744221212664,2.634857579238239,0.04287370862780725,Pholis gunnellus
-1.7798571935018528,0,1993,1993,0,3.167891629260292,4.167530429392376,2.6234909479504327,0.04198363213431291,Pholis gunnellus
-1.6812294698406824,0,1993,1993,0,2.826532530260782,4.315316637572087,2.612124316662626,0.04115075090569353,Pholis gunnellus
-1.582601746179512,0,1993,1993,0,2.504628287010441,4.463102845751798,2.6007576853748198,0.040378604362229883,Pholis gunnellus
-1.4839740225183418,0,1993,1993,0,2.202178899509268,4.610889053931508,2.5893910540870135,0.03967073906050241,Pholis gunnellus
-1.3853462988571712,0,1993,1993,0,1.9191843677572626,4.75867526211122,2.5780244227992073,0.0390306525976364,Pholis gunnellus
-1.2867185751960009,0,1993,1993,0,1.6556446917544265,4.906461470290932,2.566657791511401,0.03846172908248169,Pholis gunnellus
-1.1880908515348305,0,1993,1993,0,1.4115598715007587,5.0542476784706425,2.555291160223595,0.03796716769864435,Pholis gunnellus
-1.08946312787366,0,1993,1993,0,1.1869299069962587,5.202033886650354,2.5439245289357886,0.03754990678185068,Pholis gunnellus
-0.9908354042124898,0,1993,1993,0,0.9817547982409282,5.349820094830064,2.5325578976479823,0.0372125467123697,Pholis gunnellus
-0.8922076805513193,0,1993,1993,0,0.796034545234765,5.497606303009776,2.521191266360176,0.036957275650957355,Pholis gunnellus
-0.7935799568901487,0,1993,1993,0,0.6297691479777703,5.645392511189487,2.50982463507237,0.036785802580442936,Pholis gunnellus
-0.6949522332289786,0,1993,1993,0,0.48295860646994465,5.793178719369198,2.4984580037845636,0.03669930212769347,Pholis gunnellus
-0.596324509567808,0,1993,1993,0,0.35560292071128674,5.94096492754891,2.4870913724967574,0.03669837515555776,Pholis gunnellus
-0.49769678590663746,0,1993,1993,0,0.24770209070179733,6.0887511357286215,2.475724741208951,0.03678302813366947,Pholis gunnellus
-0.39906906224546734,0,1993,1993,0,0.1592561164414767,6.236537343908331,2.464358109921145,0.03695267291458775,Pholis gunnellus
-0.3004413385842968,0,1993,1993,0,0.09026499793032405,6.384323552088043,2.4529914786333387,0.03720614693311609,Pholis gunnellus
-0.20181361492312666,0,1993,1993,0,0.04072873516834005,6.532109760267753,2.4416248473455324,0.037541752235486656,Pholis gunnellus
-0.1031858912619561,0,1993,1993,0,0.010647328155524228,6.679895968447465,2.430258216057726,0.03795731035569616,Pholis gunnellus
-0.004558167600785534,0,1993,1993,0,2.0776891876850953e-5,6.827682176627175,2.41889158476992,0.03845022906554055,Pholis gunnellus
0.09406955606038458,0,1993,1993,0,0.008849081377397839,6.975468384806887,2.4075249534821137,0.03901757652869238,Pholis gunnellus
0.19269727972155515,0,1993,1993,0,0.037132241612087266,7.123254592986599,2.3961583221943075,0.03965615839158052,Pholis gunnellus
0.29132500338272527,0,1993,1993,0,0.0848702575959449,7.27104080116631,2.3847916909065012,0.040362593769600656,Pholis gunnellus
0.38995272704389583,0,1993,1993,0,0.15206312932897112,7.418827009346021,2.373425059618695,0.041133386810077006,Pholis gunnellus
0.4885804507050664,0,1993,1993,0,0.2387108568111658,7.566613217525733,2.3620584283308887,0.041964991389859194,Pholis gunnellus
0.5872081743662365,0,1993,1993,0,0.3448134400425284,7.714399425705443,2.3506917970430825,0.04285386740377609,Pholis gunnellus
0.6858358980274071,0,1993,1993,0,0.4703708790230599,7.862185633885154,2.3393251657552763,0.04379652791941181,Pholis gunnellus
0.7844636216885772,0,1993,1993,0,0.6153831737527592,8.009971842064864,2.32795853446747,0.04478957715090801,Pholis gunnellus
0.8830913453497478,0,1993,1993,0,0.7798503242316275,8.157758050244576,2.316591903179664,0.04582973971281522,Pholis gunnellus
0.9817190690109183,0,1993,1993,0,0.9637723304596643,8.305544258424288,2.3052252718918576,0.04691388195574494,Pholis gunnellus
1.0803467926720889,0,1993,1993,0,1.1671491924368693,8.453330466604,2.2938586406040513,0.04803902637852559,Pholis gunnellus
1.1789745163332594,0,1993,1993,0,1.389980910163243,8.60111667478371,2.282492009316245,0.04920236018588653,Pholis gunnellus
1.2776022399944291,0,1993,1993,0,1.632267483638783,8.74890288296342,2.271125378028439,0.05040123904779201,Pholis gunnellus
1.3762299636555997,0,1993,1993,0,1.8940089128634932,8.896689091143132,2.2597587467406326,0.051633187045441654,Pholis gunnellus
1.4748576873167702,0,1993,1993,0,2.175205197837372,9.044475299322844,2.2483921154528264,0.05289589368384263,Pholis gunnellus
1.5734854109779406,0,1993,1993,0,2.4758563385604186,9.192261507502554,2.23702548416502,0.05418720873030026,Pholis gunnellus
-3.2541029235325256,0,1993,1993,0,10.58918583694293,1.9584843490544226,3.597104743405671,0.05928333060588074,Pomatoschistus sp
-3.1417052891959236,0,1993,1993,0,9.870312124161643,2.126903730242227,3.5999030615529004,0.05755491462745959,Pomatoschistus sp
-3.0293076548593216,0,1993,1993,0,9.176704867789283,2.2953231114300316,3.6027013797001297,0.05584836726004525,Pomatoschistus sp
-2.91691002052272,0,1993,1993,0,8.508364067825855,2.4637424926178357,3.605499697847359,0.05416575552175335,Pomatoschistus sp
-2.804512386186118,0,1993,1993,0,7.865289724271354,2.6321618738056403,3.6082980159945883,0.052509380444474285,Pomatoschistus sp
-2.692114751849516,0,1993,1993,0,7.247481837125782,2.800581254993445,3.6110963341418176,0.05088180436927773,Pomatoschistus sp
-2.579717117512914,0,1993,1993,0,6.654940406389138,2.9690006361812493,3.613894652289047,0.04928588048188941,Pomatoschistus sp
-2.467319483176312,0,1993,1993,0,6.087665432061424,3.1374200173690543,3.6166929704362762,0.0477247842495642,Pomatoschistus sp
-2.35492184883971,0,1993,1993,0,5.545656914142638,3.305839398556859,3.619491288583505,0.046202046126232785,Pomatoschistus sp
-2.242524214503108,0,1993,1993,0,5.0289148526327825,3.4742587797446634,3.6222896067307344,0.04472158448248852,Pomatoschistus sp
-2.1301265801665066,0,1993,1993,0,4.537439247531856,3.6426781609324674,3.6250879248779637,0.04328773716410805,Pomatoschistus sp
-2.017728945829904,0,1993,1993,0,4.071230098839856,3.8110975421202724,3.627886243025193,0.04190528936475884,Pomatoschistus sp
-1.9053313114933026,0,1993,1993,0,3.6302874065567883,3.9795169233080765,3.6306845611724223,0.04057949460614519,Pomatoschistus sp
-1.7929336771567006,0,1993,1993,0,3.2146111706826477,4.1479363044958815,3.6334828793196516,0.03931608457141794,Pomatoschistus sp
-1.6805360428200986,0,1993,1993,0,2.824201391217436,4.3163556856836856,3.636281197466881,0.03812126240504551,Pomatoschistus sp
-1.5681384084834968,0,1993,1993,0,2.4590580681611542,4.48477506687149,3.6390795156141102,0.037001673022614943,Pomatoschistus sp
-1.4557407741468948,0,1993,1993,0,2.1191812015138005,4.653194448059295,3.6418778337613396,0.03596434322188313,Pomatoschistus sp
-1.3433431398102929,0,1993,1993,0,1.8045707912753761,4.821613829247099,3.644676151908569,0.035016584329158065,Pomatoschistus sp
-1.230945505473691,0,1993,1993,0,1.5152268374458808,4.990033210434904,3.647474470055798,0.03416585123440351,Pomatoschistus sp
-1.118547871137089,0,1993,1993,0,1.251149340025314,5.158452591622708,3.6502727882030275,0.03341955446819229,Pomatoschistus sp
-1.006150236800487,0,1993,1993,0,1.0123382990136762,5.326871972810513,3.653071106350257,0.032784826809429346,Pomatoschistus sp
-0.8937526024638851,0,1993,1993,0,0.7987937144109675,5.495291353998317,3.6558694244974856,0.03226825273836204,Pomatoschistus sp
-0.7813549681272831,0,1993,1993,0,0.6105155862171876,5.663710735186122,3.658667742644715,0.03187557714677599,Pomatoschistus sp
-0.6689573337906816,0,1993,1993,0,0.44750391443233734,5.832130116373926,3.6614660607919443,0.03161141755575116,Pomatoschistus sp
-0.5565596994540796,0,1993,1993,0,0.3097586990564154,6.00054949756173,3.6642643789391736,0.031479009500280715,Pomatoschistus sp
-0.4441620651174776,0,1993,1993,0,0.1972799400894224,6.168968878749534,3.667062697086403,0.031480015504192514,Pomatoschistus sp
-0.3317644307808756,0,1993,1993,0,0.11006763753135838,6.33738825993734,3.669861015233632,0.03161442283136551,Pomatoschistus sp
-0.2193667964442736,0,1993,1993,0,0.04812179138222337,6.505807641125145,3.6726593333808615,0.031880544279658314,Pomatoschistus sp
-0.1069691621076716,0,1993,1993,0,0.011442401642017326,6.674227022312949,3.675457651528091,0.03227512190472518,Pomatoschistus sp
0.005428472228929948,0,1993,1993,0,2.946831074026368e-5,6.842646403500752,3.67825596967532,0.03279351920964283,Pomatoschistus sp
0.11782610656553194,0,1993,1993,0,0.013882991388392088,7.011065784688558,3.6810542878225494,0.033429976490154494,Pomatoschistus sp
0.23022374090213393,0,1993,1993,0,0.053002970874972896,7.179485165876362,3.6838526059697787,0.03417789888073984,Pomatoschistus sp
0.3426213752387359,0,1993,1993,0,0.1173894067704827,7.347904547064165,3.686650924117008,0.035030147494159926,Pomatoschistus sp
0.4550190095753379,0,1993,1993,0,0.20704229907492147,7.516323928251971,3.6894492422642373,0.03597930950996485,Pomatoschistus sp
0.5674166439119399,0,1993,1993,0,0.32196164778828923,7.684743309439776,3.692247560411466,0.03701793092483453,Pomatoschistus sp
0.6798142782485419,0,1993,1993,0,0.46214745291058595,7.85316269062758,3.6950458785586955,0.0381387037651848,Pomatoschistus sp
0.7922119125851435,0,1993,1993,0,0.627599714441811,8.021582071815384,3.697844196705925,0.03933460636147193,Pomatoschistus sp
0.9046095469217459,0,1993,1993,0,0.8183184323819663,8.19000145300319,3.700642514853154,0.04059900008776203,Pomatoschistus sp
1.0170071812583474,0,1993,1993,0,1.0343036067310492,8.358420834190992,3.7034408330003834,0.041925688741283426,Pomatoschistus sp
1.129404815594949,0,1993,1993,0,1.2755552374890606,8.526840215378797,3.7062391511476127,0.043308947834443924,Pomatoschistus sp
1.2418024499315514,0,1993,1993,0,1.5420733246560032,8.695259596566602,3.709037469294842,0.044743531000725874,Pomatoschistus sp
1.354200084268153,0,1993,1993,0,1.8338578682318727,8.863678977754406,3.7118357874420713,0.046224659956455874,Pomatoschistus sp
1.4665977186047554,0,1993,1993,0,2.1509088682166735,9.032098358942212,3.7146341055893006,0.04774800338818117,Pomatoschistus sp
1.578995352941357,0,1993,1993,0,2.4932263246104003,9.200517740130016,3.71743242373653,0.04930964900317453,Pomatoschistus sp
1.6913929872779594,0,1993,1993,0,2.8608102374130593,9.36893712131782,3.7202307418837592,0.05090607193513862,Pomatoschistus sp
1.803790621614561,0,1993,1993,0,3.2536606066246443,9.5373565025056255,3.7230290600309885,0.05253410180735435,Pomatoschistus sp
1.9161882559511625,0,1993,1993,0,3.671777432245158,9.705775883693429,3.725827378178218,0.0541908900400811,Pomatoschistus sp
2.028585890287765,0,1993,1993,0,4.115160714274603,9.874195264881234,3.7286256963254467,0.055873878438475855,Pomatoschistus sp
2.1409835246243665,0,1993,1993,0,4.583810452712975,10.042614646069039,3.731424014472676,0.057580769688931034,Pomatoschistus sp
2.253381158960969,0,1993,1993,0,5.077726647560279,10.211034027256844,3.7342223326199053,0.05930950009882555,Pomatoschistus sp
-2.9925691581937732,0,1993,1993,0,8.955470166572589,2.3503729789001246,3.620922892456531,0.310301942873328,Ammodytidae
-2.8866608533320632,0,1993,1993,0,8.332810882159796,2.509068589112358,3.6208165593662653,0.30898052100977974,Ammodytidae
-2.7807525484703532,0,1993,1993,0,7.732584735824364,2.6677641993245915,3.620710226275999,0.30770988218145967,Ammodytidae
-2.6748442436086433,0,1993,1993,0,7.154791727566295,2.8264598095368254,3.620603893185733,0.3064906579928998,Ammodytidae
-2.5689359387469333,0,1993,1993,0,6.5994318573855875,2.985155419749059,3.6204975600954667,0.305323464374839,Ammodytidae
-2.463027633885223,0,1993,1993,0,6.066505125282239,3.143851029961293,3.620391227005201,0.30420890022306457,Ammodytidae
-2.3571193290235133,0,1993,1993,0,5.5560115312562575,3.302546640173526,3.620284893914935,0.3031475460368093,Ammodytidae
-2.251211024161803,0,1993,1993,0,5.067951075307633,3.4612422503857605,3.6201785608246686,0.3021399625628698,Ammodytidae
-2.145302719300093,0,1993,1993,0,4.602323757436373,3.619937860597994,3.620072227734403,0.3011866894518836,Ammodytidae
-2.039394414438383,0,1993,1993,0,4.159129577642474,3.778633470810228,3.6199658946441367,0.30028824393342207,Ammodytidae
-1.9334861095766729,0,1993,1993,0,3.7383685359259378,3.9373290810224613,3.6198595615538705,0.29944511951673447,Ammodytidae
-1.827577804714963,0,1993,1993,0,3.340040632286763,4.096024691234695,3.6197532284636047,0.298657784724096,Ammodytidae
-1.721669499853253,0,1993,1993,0,2.96414586672495,4.254720301446929,3.6196468953733385,0.2979266818637726,Ammodytidae
-1.615761194991543,0,1993,1993,0,2.610684239240499,4.413415911659162,3.6195405622830723,0.2972522258496152,Ammodytidae
-1.5098528901298327,0,1993,1993,0,2.2796557498334087,4.572111521871396,3.6194342291928066,0.29663480307422424,Ammodytidae
-1.4039445852681227,0,1993,1993,0,1.9710603985036812,4.730807132083629,3.6193278961025404,0.29607477034248786,Ammodytidae
-1.2980362804064127,0,1993,1993,0,1.6848981852513154,4.889502742295863,3.619221563012274,0.29557245387209224,Ammodytidae
-1.1921279755447027,0,1993,1993,0,1.4211691100763113,5.048198352508097,3.619115229922008,0.29512814836732076,Ammodytidae
-1.0862196706829927,0,1993,1993,0,1.1798731729786691,5.206893962720331,3.619008896831742,0.294742116172115,Ammodytidae
-0.9803113658212825,0,1993,1993,0,0.9610103739583884,5.3655895729325644,3.618902563741476,0.29441458650795443,Ammodytidae
-0.8744030609595725,0,1993,1993,0,0.7645807130154699,5.524285183144798,3.61879623065121,0.2941457548016341,Ammodytidae
-0.7684947560978626,0,1993,1993,0,0.5905841901499133,5.682980793357031,3.618689897560944,0.29393578210748067,Ammodytidae
-0.6625864512361526,0,1993,1993,0,0.4390208053617184,5.841676403569265,3.618583564470678,0.2937847946279549,Ammodytidae
-0.5566781463744426,0,1993,1993,0,0.30989055865088533,6.000372013781498,3.6184772313804117,0.2936928833359484,Ammodytidae
-0.4507698415127326,0,1993,1993,0,0.20319345001741404,6.1590676239937325,3.618370898290146,0.2936601037013989,Ammodytidae
-0.3448615366510226,0,1993,1993,0,0.1189294794613046,6.317763234205967,3.6182645651998797,0.29368647552413735,Ammodytidae
-0.2389532317893126,0,1993,1993,0,0.057098646982556955,6.476458844418199,3.6181582321096135,0.2937719828741385,Ammodytidae
-0.13304492692760217,0,1993,1993,0,0.017700952581171,6.635154454630434,3.6180518990193473,0.29391657413959593,Ammodytidae
-0.02713662206589218,0,1993,1993,0,7.363962571470664e-4,6.793850064842667,3.6179455659290816,0.2941201621824829,Ammodytidae
0.07877168279581781,0,1993,1993,0,0.006204978010484939,6.952545675054901,3.6178392328388154,0.29438262460050785,Ammodytidae
0.1846799876575278,0,1993,1993,0,0.03410669784118462,7.111241285267135,3.617732899748549,0.2947038040936306,Ammodytidae
0.2905882925192378,0,1993,1993,0,0.08444155574924611,7.269936895479368,3.6176265666582834,0.29508350893259105,Ammodytidae
0.3964965973809478,0,1993,1993,0,0.1572095517346694,7.428632505691601,3.617520233568017,0.2955215135262137,Ammodytidae
0.5024049022426578,0,1993,1993,0,0.2524106857974545,7.587328115903835,3.617413900477751,0.2960175590836085,Ammodytidae
0.6083132071043678,0,1993,1993,0,0.37004495793760145,7.74602372611607,3.6173075673874853,0.2965713543667885,Ammodytidae
0.7142215119660777,0,1993,1993,0,0.5101123681551102,7.904719336328303,3.617201234297219,0.29718257652868024,Ammodytidae
0.8201298168277877,0,1993,1993,0,0.6726129164499807,8.063414946540536,3.617094901206953,0.2978508720310191,Ammodytidae
0.9260381216894977,0,1993,1993,0,0.857546602822213,8.222110556752769,3.6169885681166867,0.2985758576361997,Ammodytidae
1.0319464265512082,0,1993,1993,0,1.0649134272718082,8.380806166965003,3.616882235026421,0.2993571214667957,Ammodytidae
1.1378547314129177,0,1993,1993,0,1.294713389798763,8.539501777177238,3.6167759019361547,0.3001942241261807,Ammodytidae
1.2437630362746281,0,1993,1993,0,1.5469464904030819,8.698197387389472,3.6166695688458885,0.30108669987346387,Ammodytidae
1.3496713411363377,0,1993,1993,0,1.8216127290847604,8.856892997601705,3.6165632357556228,0.30203405784581167,Ammodytidae
1.4555796459980481,0,1993,1993,0,2.118712105843803,9.015588607813939,3.6164569026653566,0.30303578332114656,Ammodytidae
1.5614879508597586,0,1993,1993,0,2.4382446206802078,9.174284218026173,3.6163505695750904,0.30409133901420915,Ammodytidae
1.667396255721468,0,1993,1993,0,2.7802102735939713,9.332979828238406,3.6162442364848246,0.30520016639901837,Ammodytidae
1.7733045605831785,0,1993,1993,0,3.1446090645851,9.49167543845064,3.6161379033945584,0.3063616870508817,Ammodytidae
1.879212865444888,0,1993,1993,0,3.531440993653587,9.650371048662873,3.6160315703042922,0.3075753040012742,Ammodytidae
1.9851211703065985,0,1993,1993,0,3.9407060607994393,9.809066658875107,3.615925237214026,0.3088404030991252,Ammodytidae
2.091029475168308,0,1993,1993,0,4.37240426602265,9.96776226908734,3.6158189041237603,0.3101563543723134,Ammodytidae
2.196937780030018,0,1993,1993,0,4.826535609323224,10.126457879299574,3.615712571033494,0.3115225133834761,Ammodytidae
-3.259273048419409,0,1993,1993,0,10.622860804153145,1.9507373066967084,2.98165114381665,0.09927527117386253,Chirolophis ascanii
-3.1592033529158923,0,1993,1993,0,9.980565825075015,2.1006842009692503,2.974205675688315,0.09675506419183237,Chirolophis ascanii
-3.0591336574123753,0,1993,1993,0,9.358298733913216,2.250631095241793,2.9667602075599797,0.09427901547073571,Chirolophis ascanii
-2.959063961908859,0,1993,1993,0,8.756059530667752,2.4005779895143347,2.959314739431645,0.09185069624526973,Chirolophis ascanii
-2.8589942664053423,0,1993,1993,0,8.173848215338621,2.550524883786877,2.95186927130331,0.08947399272746441,Chirolophis ascanii
-2.7589245709018257,0,1993,1993,0,7.6116647879258235,2.7004717780594185,2.944423803174975,0.08715312776769325,Chirolophis ascanii
-2.658854875398309,0,1993,1993,0,7.069509248429356,2.850418672331961,2.93697833504664,0.08489268116883418,Chirolophis ascanii
-2.5587851798947923,0,1993,1993,0,6.547381596849225,3.000365566604503,2.929532866918305,0.08269760748424808,Chirolophis ascanii
-2.4587154843912757,0,1993,1993,0,6.045281833185426,3.150312460877045,2.9220873987899703,0.08057324979450785,Chirolophis ascanii
-2.3586457888877588,0,1993,1993,0,5.563209957437958,3.3002593551495876,2.9146419306616353,0.07852534757975614,Chirolophis ascanii
-2.2585760933842423,0,1993,1993,0,5.101165969606825,3.4502062494221293,2.9071964625333004,0.0765600364017601,Chirolophis ascanii
-2.1585063978807257,0,1993,1993,0,4.659149869692026,3.6001531436946714,2.8997509944049655,0.07468383671451348,Chirolophis ascanii
-2.058436702377209,0,1993,1993,0,4.23716165769356,3.750100037967213,2.89230552627663,0.07290362878626382,Chirolophis ascanii
-1.9583670068736925,0,1993,1993,0,3.8352013336114252,3.9000469322397553,2.8848600581482953,0.07122661051358935,Chirolophis ascanii
-1.8582973113701757,0,1993,1993,0,3.453268897445624,4.0499938265122974,2.8774145900199604,0.06966023493750019,Chirolophis ascanii
-1.7582276158666592,0,1993,1993,0,3.0913643491961564,4.19994072078484,2.8699691218916255,0.0682121246486638,Chirolophis ascanii
-1.6581579203631425,0,1993,1993,0,2.7494876888630215,4.349887615057382,2.8625236537632905,0.06688996111425045,Chirolophis ascanii
-1.5580882248596257,0,1993,1993,0,2.4276389164462198,4.499834509329924,2.8550781856349556,0.06570134837193974,Chirolophis ascanii
-1.4580185293561092,0,1993,1993,0,2.1258180319457516,4.649781403602466,2.8476327175066207,0.06465365255853685,Chirolophis ascanii
-1.3579488338525925,0,1993,1993,0,1.8440250353616157,4.799728297875008,2.840187249378286,0.06375382131035734,Chirolophis ascanii
-1.2578791383490757,0,1993,1993,0,1.582259926693813,4.94967519214755,2.8327417812499505,0.0630081899869367,Chirolophis ascanii
-1.1578094428455592,0,1993,1993,0,1.3405227059423441,5.0996220864200925,2.8252963131216156,0.06242228456593693,Chirolophis ascanii
-1.0577397473420427,0,1993,1993,0,1.1188133731072083,5.249568980692634,2.8178508449932806,0.062000633437696975,Chirolophis ascanii
-0.9576700518385262,0,1993,1993,0,0.9171319281884054,5.399515874965176,2.8104053768649457,0.0617466016406125,Chirolophis ascanii
-0.8576003563350092,0,1993,1993,0,0.7354783711859347,5.549462769237719,2.802959908736611,0.06166226084808498,Chirolophis ascanii
-0.7575306608314927,0,1993,1993,0,0.573852702099798,5.69940966351026,2.795514440608276,0.061748306396807506,Chirolophis ascanii
-0.6574609653279762,0,1993,1993,0,0.4322549209299943,5.849356557782802,2.788068972479941,0.06200402893437431,Chirolophis ascanii
-0.5573912698244592,0,1993,1993,0,0.31068502767652306,5.999303452055345,2.780623504351606,0.062427343340553866,Chirolophis ascanii
-0.45732157432094267,0,1993,1993,0,0.2091430223393855,6.149250346327887,2.773178036223271,0.0630148722149623,Chirolophis ascanii
-0.35725187881742615,0,1993,1993,0,0.12762890491858095,6.29919724060043,2.7657325680949363,0.06376207630888928,Chirolophis ascanii
-0.25718218331390963,0,1993,1993,0,0.06614267541410941,6.44914413487297,2.758287099966601,0.06466342058240636,Chirolophis ascanii
-0.15711248781039266,0,1993,1993,0,0.024684333825970784,6.599091029145513,2.750841631838266,0.06571256256498974,Chirolophis ascanii
-0.057042792306876144,0,1993,1993,0,0.003253880154165408,6.749037923418055,2.743396163709931,0.06690254948462106,Chirolophis ascanii
0.043026903196640376,0,1993,1993,0,0.0018513143986930618,6.8989848176905975,2.735950695581596,0.06822601195636903,Chirolophis ascanii
0.14309659870015734,0,1993,1993,0,0.02047663655955387,7.0489317119631405,2.7285052274532613,0.06967534440993466,Chirolophis ascanii
0.24316629420367386,0,1993,1993,0,0.059129846636747675,7.198878606235681,2.7210597593249264,0.07124286533442753,Chirolophis ascanii
0.3432359897071904,0,1993,1993,0,0.1178109446302745,7.348825500508224,2.7136142911965915,0.07292095333112221,Chirolophis ascanii
0.4433056852107069,0,1993,1993,0,0.19651993054013436,7.498772394780765,2.7061688230682566,0.07470215752991334,Chirolophis ascanii
0.5433753807142239,0,1993,1993,0,0.29525680436632773,7.648719289053308,2.6987233549399217,0.07657928294109471,Chirolophis ascanii
0.6434450762177404,0,1993,1993,0,0.4140215661088537,7.7986661833258495,2.6912778868115863,0.07854545272111207,Chirolophis ascanii
0.7435147717212574,0,1993,1993,0,0.5528142157677134,7.948613077598392,2.6838324186832514,0.0805941501710926,Chirolophis ascanii
0.8435844672247739,0,1993,1993,0,0.7116347533429056,8.098559971870936,2.6763869505549165,0.0827192436599898,Chirolophis ascanii
0.9436541627282904,0,1993,1993,0,0.8904831788344307,8.248506866143476,2.6689414824265816,0.08491499769066038,Chirolophis ascanii
1.043723858231807,0,1993,1993,0,1.089359492242289,8.398453760416018,2.6614960142982467,0.08717607312315069,Chirolophis ascanii
1.1437935537353234,0,1993,1993,0,1.3082636935664802,8.54840065468856,2.6540505461699118,0.0894975192325739,Chirolophis ascanii
1.24386324923884,0,1993,1993,0,1.5471957828070044,8.698347548961102,2.646605078041577,0.09187475988344633,Chirolophis ascanii
1.3439329447423565,0,1993,1993,0,1.8061557599638618,8.848294443233643,2.639159609913242,0.0943035756996566,Chirolophis ascanii
1.4440026402458739,0,1993,1993,0,2.0851436250370545,8.998241337506187,2.631714141784907,0.09678008373154455,Chirolophis ascanii
1.5440723357493904,0,1993,1993,0,2.3841593780265784,9.148188231778729,2.6242686736565717,0.09930071578630559,Chirolophis ascanii
1.6441420312529067,0,1993,1993,0,2.703203018932434,9.298135126051271,2.6168232055282368,0.10186219630218303,Chirolophis ascanii
-2.6702864254341905,0,1993,1993,0,7.130429593858106,2.8332893564488986,1.9213452964258153,0.12643951018468078,Agonus cataphractus
-2.5874862855513445,0,1993,1993,0,6.695085277916294,2.9573591236076133,1.9206742619260038,0.12314346370904303,Agonus cataphractus
-2.5046861456684986,0,1993,1993,0,6.27345268830372,3.081428890766328,1.9200032274261922,0.11990493356887123,Agonus cataphractus
-2.4218860057856526,0,1993,1993,0,5.8655318250203825,3.205498657925043,1.9193321929263807,0.11672870707511102,Agonus cataphractus
-2.3390858659028066,0,1993,1993,0,5.471322688066283,3.3295684250837576,1.9186611584265691,0.11362000940888603,Agonus cataphractus
-2.2562857260199607,0,1993,1993,0,5.0908252774414215,3.4536381922424724,1.9179901239267576,0.11058453572765158,Agonus cataphractus
-2.1734855861371147,0,1993,1993,0,4.724039593145797,3.577707959401187,1.917319089426946,0.10762848167423794,Agonus cataphractus
-2.0906854462542688,0,1993,1993,0,4.370965635179411,3.701777726559902,1.9166480549271345,0.10475857060059535,Agonus cataphractus
-2.007885306371423,0,1993,1993,0,4.031603403542262,3.8258474937186167,1.915977020427323,0.10198207529970496,Agonus cataphractus
-1.9250851664885769,0,1993,1993,0,3.7059528982343517,3.9499172608773314,1.9153059859275114,0.09930683144661341,Agonus cataphractus
-1.842285026605731,0,1993,1993,0,3.3940141192556785,4.073987028036046,1.9146349514277001,0.09674123930813636,Agonus cataphractus
-1.759484886722885,0,1993,1993,0,3.0957870666062433,4.198056795194761,1.9139639169278886,0.09429424963993696,Agonus cataphractus
-1.6766847468400392,0,1993,1993,0,2.8112717402860463,4.322126562353476,1.913292882428077,0.09197532913134925,Agonus cataphractus
-1.5938846069571933,0,1993,1993,0,2.5404681402950864,4.4461963295121905,1.9126218479282655,0.0897944004036884,Agonus cataphractus
-1.5110844670743473,0,1993,1993,0,2.2833762666333643,4.570266096670905,1.911950813428454,0.08776175157933228,Agonus cataphractus
-1.4282843271915013,0,1993,1993,0,2.0399961193008798,4.69433586382962,1.9112797789286424,0.08588791101233964,Agonus cataphractus
-1.3454841873086554,0,1993,1993,0,1.8103276982976328,4.818405630988335,1.9106087444288309,0.08418348411197614,Agonus cataphractus
-1.2626840474258094,0,1993,1993,0,1.5943710036236238,4.9424753981470495,1.9099377099290193,0.08265895146791864,Agonus cataphractus
-1.1798839075429635,0,1993,1993,0,1.3921260352788523,5.066545165305764,1.9092666754292078,0.08132443076773882,Agonus cataphractus
-1.0970837676601175,0,1993,1993,0,1.2035927932633186,5.19061493246448,1.9085956409293963,0.08018940916975496,Agonus cataphractus
-1.0142836277772715,0,1993,1993,0,1.0287712775770228,5.314684699623194,1.9079246064295847,0.07926245749198448,Agonus cataphractus
-0.9314834878944256,0,1993,1993,0,0.8676614882199645,5.438754466781909,1.9072535719297734,0.07855094215679105,Agonus cataphractus
-0.8486833480115796,0,1993,1993,0,0.720263425192144,5.562824233940623,1.9065825374299619,0.07806075442337874,Agonus cataphractus
-0.7658832081287337,0,1993,1993,0,0.5865770884935612,5.686894001099339,1.9059115029301503,0.07779607811420303,Agonus cataphractus
-0.6830830682458879,0,1993,1993,0,0.4666024781242164,5.810963768258053,1.9052404684303388,0.0777592160462793,Agonus cataphractus
-0.600282928363042,0,1993,1993,0,0.360339594084109,5.935033535416768,1.9045694339305272,0.0779504914140336,Agonus cataphractus
-0.517482788480196,0,1993,1993,0,0.2677884363732393,6.059103302575482,1.9038983994307157,0.07836823377251355,Agonus cataphractus
-0.43468264859735006,0,1993,1993,0,0.18894900499160733,6.183173069734196,1.9032273649309042,0.07900885101641439,Agonus cataphractus
-0.3518825087145041,0,1993,1993,0,0.12382129993921306,6.307242836892912,1.9025563304310926,0.07986698025229966,Agonus cataphractus
-0.26908236883165815,0,1993,1993,0,0.07240532121605651,6.4313126040516275,1.901885295931281,0.08093570319509867,Agonus cataphractus
-0.1862822289488122,0,1993,1993,0,0.03470106882213768,6.555382371210341,1.9012142614314695,0.0822068068357214,Agonus cataphractus
-0.10348208906596623,0,1993,1993,0,0.010708542757456568,6.679452138369055,1.9005432269316582,0.08367106817737384,Agonus cataphractus
-0.020681949183120274,0,1993,1993,0,4.2774302201316935e-4,6.803521905527771,1.8998721924318467,0.0853185427157338,Agonus cataphractus
0.062118190699725684,0,1993,1993,0,0.0038586696158074865,6.927591672686487,1.8992011579320351,0.08713883940991453,Agonus cataphractus
0.14491833058257164,0,1993,1993,0,0.021001322538839517,7.0516614398452,1.8985301234322236,0.08912136925369737,Agonus cataphractus
0.2277184704654176,0,1993,1993,0,0.051855701791109265,7.175731207003915,1.897859088932412,0.091255559299023,Agonus cataphractus
0.31051861034826356,0,1993,1993,0,0.09642180737261673,7.29980097416263,1.8971880544326005,0.09353102837923763,Agonus cataphractus
0.3933187502311095,0,1993,1993,0,0.15469963928336192,7.423870741321346,1.896517019932789,0.0959377243724002,Agonus cataphractus
0.4761188901139555,0,1993,1993,0,0.2266891975233448,7.5479405084800595,1.8958459854329774,0.09846602544638497,Agonus cataphractus
0.5589190299968014,0,1993,1993,0,0.3123904820925654,7.672010275638774,1.895174950933166,0.10110680935544478,Agonus cataphractus
0.6417191698796474,0,1993,1993,0,0.41180349299102376,7.796080042797489,1.8945039164333544,0.10385149565723646,Agonus cataphractus
0.7245193097624933,0,1993,1993,0,0.5249282302187198,7.920149809956205,1.893832881933543,0.10669206588977634,Agonus cataphractus
0.8073194496453393,0,1993,1993,0,0.6517646937756535,8.04421957711492,1.8931618474337315,0.10962106649174862,Agonus cataphractus
0.8901195895281853,0,1993,1993,0,0.7923128836618251,8.168289344273633,1.89249081293392,0.11263159874176071,Agonus cataphractus
0.9729197294110312,0,1993,1993,0,0.9465727998772342,8.292359111432349,1.8918197784341084,0.11571729936720024,Agonus cataphractus
1.0557198692938772,0,1993,1993,0,1.114544442421881,8.416428878591065,1.8911487439342969,0.11887231482531208,Agonus cataphractus
1.1385200091767231,0,1993,1993,0,1.2962278112957657,8.540498645749778,1.8904777094344853,0.12209127164705348,Agonus cataphractus
1.221320149059569,0,1993,1993,0,1.4916229064988882,8.664568412908492,1.8898066749346738,0.12536924469038538,Agonus cataphractus
1.3041202889424146,0,1993,1993,0,1.700729728031247,8.788638180067206,1.8891356404348623,0.12870172468719082,Agonus cataphractus
1.386920428825261,0,1993,1993,0,1.923548275892846,8.912707947225924,1.8884646059350507,0.13208458608805887,Agonus cataphractus
-2.1745809786410213,0,1993,1993,0,4.728802432667342,3.5760665963177507,3.333704268079424,0.11782461795962752,Microstomus kitt
-2.0928931637511603,0,1993,1993,0,4.380201794876341,3.6984696283347165,3.3290351180032314,0.11613889837819341,Microstomus kitt
-2.0112053488612993,0,1993,1993,0,4.0449469552883,3.8208726603516823,3.3243659679270383,0.1145065990511546,Microstomus kitt
-1.9295175339714385,0,1993,1993,0,3.7230379139032217,3.9432756923686485,3.3196968178508452,0.11293003642351666,Microstomus kitt
-1.8478297190815776,0,1993,1993,0,3.414474670721102,4.065678724385614,3.3150276677746526,0.11141157667659636,Microstomus kitt
-1.7661419041917168,0,1993,1993,0,3.1192572257419435,4.188081756402579,3.3103585176984596,0.10995362703934237,Microstomus kitt
-1.6844540893018558,0,1993,1993,0,2.8373855789657445,4.310484788419545,3.3056893676222665,0.10855862550365071,Microstomus kitt
-1.6027662744119948,0,1993,1993,0,2.568859730392506,4.432887820436511,3.301020217546074,0.10722902887730702,Microstomus kitt
-1.5210784595221338,0,1993,1993,0,2.313679680022228,4.555290852453477,3.296351067469881,0.10596729914125486,Microstomus kitt
-1.439390644632273,0,1993,1993,0,2.0718454278549108,4.677693884470442,3.2916819173936878,0.10477588811939235,Microstomus kitt
-1.357702829742412,0,1993,1993,0,1.843356973890553,4.8000969164874085,3.287012767317495,0.10365722051895873,Microstomus kitt
-1.2760150148525513,0,1993,1993,0,1.6282143181291568,4.922499948504374,3.282343617241302,0.1026136754571146,Microstomus kitt
-1.1943271999626903,0,1993,1993,0,1.42641746057072,5.04490298052134,3.277674467165109,0.10164756665318372,Microstomus kitt
-1.1126393850728293,0,1993,1993,0,1.2379664012152438,5.1673060125383055,3.2730053170889164,0.10076112153406291,Microstomus kitt
-1.0309515701829683,0,1993,1993,0,1.062861140062728,5.289709044555272,3.2683361670127233,0.09995645956957636,Microstomus kitt
-0.9492637552931076,0,1993,1993,0,0.9011016771131728,5.412112076572238,3.2636670169365307,0.09923557022136717,Microstomus kitt
-0.8675759404032466,0,1993,1993,0,0.7526880123665777,5.534515108589203,3.2589978668603377,0.09860029094900694,Microstomus kitt
-0.7858881255133856,0,1993,1993,0,0.6176201458229429,5.6569181406061695,3.2543287167841446,0.09805228576576443,Microstomus kitt
-0.7042003106235248,0,1993,1993,0,0.4958980774822689,5.779321172623135,3.249659566707952,0.09759302486933594,Microstomus kitt
-0.6225124957336639,0,1993,1993,0,0.3875218073445549,5.9017242046401,3.244990416631759,0.09722376588569229,Microstomus kitt
-0.5408246808438029,0,1993,1993,0,0.2924913354098012,6.0241272366570655,3.240321266555566,0.09694553725385387,Microstomus kitt
-0.4591368659539421,0,1993,1993,0,0.21080666167800818,6.146530268674032,3.2356521164793732,0.09675912424404334,Microstomus kitt
-0.3774490510640811,0,1993,1993,0,0.1424677861491753,6.268933300690997,3.23098296640318,0.09666505804117353,Microstomus kitt
-0.2957612361742201,0,1993,1993,0,0.08747470882330281,6.391336332707963,3.226313816326987,0.09666360824180974,Microstomus kitt
-0.21407342128435936,0,1993,1993,0,0.045827429700390804,6.5137393647249295,3.2216446662507945,0.09675477900931855,Microstomus kitt
-0.13238560639449837,0,1993,1993,0,0.017525948780439046,6.636142396741895,3.2169755161746014,0.09693830901429762,Microstomus kitt
-0.05069779150463738,0,1993,1993,0,0.002570266063447682,6.758545428758861,3.2123063660984084,0.09721367516226423,Microstomus kitt
0.03099002338522361,0,1993,1993,0,9.603815494167061e-4,6.880948460775827,3.2076372160222157,0.09758009998534733,Microstomus kitt
0.1126778382750846,0,1993,1993,0,0.012696295238346119,7.003351492792793,3.2029680659460227,0.0980365624567688,Microstomus kitt
0.19436565316494514,0,1993,1993,0,0.03777800713023575,7.125754524809759,3.1982989158698296,0.09858181188293737,Microstomus kitt
0.27605346805480613,0,1993,1993,0,0.07620551722508587,7.248157556826724,3.193629765793637,0.09921438444348261,Microstomus kitt
0.3577412829446671,0,1993,1993,0,0.12797882552289638,7.3705605888436905,3.188960615717444,0.09993262188829462,Microstomus kitt
0.4394290978345281,0,1993,1993,0,0.19309793202366726,7.492963620860657,3.184291465641251,0.10073469186448103,Microstomus kitt
0.5211169127243891,0,1993,1993,0,0.27156283672739856,7.615366652877622,3.1796223155650583,0.10161860933504456,Microstomus kitt
0.6028047276142501,0,1993,1993,0,0.36337353963409025,7.737769684894588,3.174953165488865,0.10258225856325379,Microstomus kitt
0.6844925425041111,0,1993,1993,0,0.46853004074374227,7.860172716911554,3.170284015412672,0.1036234151689737,Microstomus kitt
0.7661803573939716,0,1993,1993,0,0.5870323400563541,7.982575748928519,3.1656148653364795,0.10473976781155335,Microstomus kitt
0.8478681722838326,0,1993,1993,0,0.7188804375719269,8.104978780945485,3.1609457152602864,0.10592893911367239,Microstomus kitt
0.9295559871736936,0,1993,1993,0,0.86407433329046,8.22738181296245,3.1562765651840934,0.10718850550722078,Microstomus kitt
1.0112438020635546,0,1993,1993,0,1.0226140272119535,8.349784844979416,3.1516074151079008,0.10851601575153906,Microstomus kitt
1.0929316169534156,0,1993,1993,0,1.1944995193364074,8.472187876996383,3.1469382650317077,0.10990900794247227,Microstomus kitt
1.1746194318432766,0,1993,1993,0,1.3797308096638219,8.594590909013348,3.1422691149555146,0.11136502489472166,Microstomus kitt
1.256307246733137,0,1993,1993,0,1.5783078981941954,8.716993941030312,3.137599964879322,0.11288162783774382,Microstomus kitt
1.337995061622998,0,1993,1993,0,1.7902307849275305,8.839396973047279,3.132930814803129,0.11445640841555886,Microstomus kitt
1.419682876512859,0,1993,1993,0,2.0154994698638258,8.961800005064244,3.128261664726936,0.11608699902259904,Microstomus kitt
1.50137069140272,0,1993,1993,0,2.2541139530030816,9.08420303708121,3.1235925146507433,0.1177710815410557,Microstomus kitt
1.583058506292581,0,1993,1993,0,2.5060742343452977,9.206606069098177,3.11892336457455,0.1195063945704181,Microstomus kitt
1.664746321182442,0,1993,1993,0,2.7713803138904742,9.329009101115142,3.114254214498357,0.12129073925772037,Microstomus kitt
1.7464341360723026,0,1993,1993,0,3.0500321916386097,9.451412133132107,3.1095850644221645,0.12312198384830202,Microstomus kitt
1.8281219509621636,0,1993,1993,0,3.3420298675897073,9.573815165149075,3.1049159143459715,0.12499806708262397,Microstomus kitt
-2.246534074790476,0,1994,1994,0,5.0469153491947,3.468250306414828,4.292587551840204,0.08286153686999483,Syngnathus rostellatus
-2.1546990700200386,0,1994,1994,0,4.6427280823452195,3.6058581374524197,4.2906219092949085,0.08193203338756283,Syngnathus rostellatus
-2.0628640652496006,0,1994,1994,0,4.255408151698108,3.7434659684900122,4.288656266749612,0.08104716746118312,Syngnathus rostellatus
-1.9710290604791632,0,1994,1994,0,3.8849555572533725,3.8810737995276043,4.286690624204317,0.08020841644016267,Syngnathus rostellatus
-1.8791940557087254,0,1994,1994,0,3.5313702990110083,4.0186816305651964,4.284724981659021,0.07941724144096926,Syngnathus rostellatus
-1.7873590509382877,0,1994,1994,0,3.1946523769710167,4.156289461602789,4.282759339113726,0.07867507778353322,Syngnathus rostellatus
-1.6955240461678502,0,1994,1994,0,2.8748017911333985,4.293897292640381,4.28079369656843,0.07798332479635596,Syngnathus rostellatus
-1.6036890413974125,0,1994,1994,0,2.571818541498152,4.431505123677972,4.278828054023134,0.0773433350990248,Syngnathus rostellatus
-1.5118540366269748,0,1994,1994,0,2.285702628065278,4.569112954715565,4.276862411477839,0.07675640349888264,Syngnathus rostellatus
-1.4200190318565373,0,1994,1994,0,2.0164540508347777,4.7067207857531574,4.2748967689325434,0.07622375566595808,Syngnathus rostellatus
-1.3281840270860996,0,1994,1994,0,1.764072809806649,4.844328616790749,4.272931126387247,0.07574653677536168,Syngnathus rostellatus
-1.236349022315662,0,1994,1994,0,1.528558904980893,4.981936447828342,4.270965483841952,0.07532580032761624,Syngnathus rostellatus
-1.1445140175452244,0,1994,1994,0,1.3099123363575103,5.119544278865933,4.268999841296656,0.0749624973732049,Syngnathus rostellatus
-1.0526790127747867,0,1994,1994,0,1.1081331039364994,5.257152109903525,4.267034198751361,0.07465746637649004,Syngnathus rostellatus
-0.960844008004349,0,1994,1994,0,0.9232212077178614,5.3947599409411175,4.265068556206065,0.07441142395481275,Syngnathus rostellatus
-0.8690090032339115,0,1994,1994,0,0.7551766477015964,5.53236777197871,4.263102913660769,0.07422495672013671,Syngnathus rostellatus
-0.7771739984634738,0,1994,1994,0,0.6039994238877036,5.669975603016302,4.261137271115474,0.07409851443265651,Syngnathus rostellatus
-0.6853389936930361,0,1994,1994,0,0.4696895362761834,5.807583434053894,4.259171628570178,0.07403240464853342,Syngnathus rostellatus
-0.5935039889225986,0,1994,1994,0,0.35224698486703604,5.945191265091486,4.257205986024882,0.07402678900816195,Syngnathus rostellatus
-0.5016689841521609,0,1994,1994,0,0.25167176966026106,6.0827990961290785,4.255240343479587,0.07408168126852152,Syngnathus rostellatus
-0.40983397938172317,0,1994,1994,0,0.16796389065585868,6.220406927166671,4.253274700934291,0.07419694713517427,Syngnathus rostellatus
-0.3179989746112857,0,1994,1994,0,0.10112334785382911,6.358014758204264,4.251309058388996,0.0743723058986746,Syngnathus rostellatus
-0.22616396984084775,0,1994,1994,0,0.05115014125417189,6.495622589241856,4.2493434158437,0.07460733382911737,Syngnathus rostellatus
-0.13432896507041026,0,1994,1994,0,0.0180442708568875,6.633230420279447,4.247377773298404,0.0749014692338531,Syngnathus rostellatus
-0.042493960299972766,0,1994,1994,0,0.0018057366619756616,6.770838251317039,4.245412130753109,0.07525401903943385,Syngnathus rostellatus
0.04934104447046517,0,1994,1994,0,0.002434538669436421,6.908446082354631,4.243446488207813,0.075664166721654,Syngnathus rostellatus
0.14117604924090266,0,1994,1994,0,0.019930676879269773,7.046053913392224,4.241480845662517,0.07613098137863573,Syngnathus rostellatus
0.23301105401134015,0,1994,1994,0,0.054294151291475676,7.183661744429816,4.239515203117222,0.07665342772220471,Syngnathus rostellatus
0.3248460587817781,0,1994,1994,0,0.10552496190605443,7.321269575467409,4.237549560571926,0.07723037675260615,Syngnathus rostellatus
0.41668106355221557,0,1994,1994,0,0.17362310872300551,7.458877406505,4.235583918026631,0.07786061688063398,Syngnathus rostellatus
0.5085160683226531,0,1994,1994,0,0.2585885917423292,7.596485237542591,4.233618275481335,0.078542865268676,Syngnathus rostellatus
0.600351073093091,0,1994,1994,0,0.36042141096402586,7.734093068580184,4.231652632936039,0.07927577917681457,Syngnathus rostellatus
0.6921860778635285,0,1994,1994,0,0.4791215663880947,7.871700899617776,4.229686990390744,0.0800579671204927,Syngnathus rostellatus
0.784021082633966,0,1994,1994,0,0.6146890580145361,8.009308730655368,4.227721347845448,0.08088799967076614,Syngnathus rostellatus
0.8758560874044039,0,1994,1994,0,0.7671238858433508,8.146916561692962,4.225755705300153,0.08176441975521496,Syngnathus rostellatus
0.9676910921748414,0,1994,1994,0,0.9364260498745374,8.284524392730553,4.223790062754857,0.08268575234569289,Syngnathus rostellatus
1.0595260969452789,0,1994,1994,0,1.1225955501080964,8.422132223768143,4.221824420209561,0.08365051344693994,Syngnathus rostellatus
1.1513611017157168,0,1994,1994,0,1.3256323865440292,8.559740054805737,4.219858777664266,0.08465721832659781,Syngnathus rostellatus
1.2431961064861543,0,1994,1994,0,1.5455365591823336,8.697347885843328,4.21789313511897,0.08570438895152901,Syngnathus rostellatus
1.3350311112565918,0,1994,1994,0,1.7823080680230103,8.834955716880922,4.215927492573674,0.0867905606169809,Syngnathus rostellatus
1.4268661160270297,0,1994,1994,0,2.035946913066061,8.972563547918513,4.213961850028379,0.08791428777372796,Syngnathus rostellatus
1.5187011207974672,0,1994,1994,0,2.306453094311483,9.110171378956105,4.211996207483083,0.08907414907374092,Syngnathus rostellatus
1.6105361255679047,0,1994,1994,0,2.593826611759278,9.247779209993697,4.210030564937788,0.09026875166721504,Syngnathus rostellatus
1.7023711303383426,0,1994,1994,0,2.8980674654094463,9.385387041031288,4.2080649223924915,0.09149673479311053,Syngnathus rostellatus
1.7942061351087806,0,1994,1994,0,3.2191756552619877,9.522994872068882,4.206099279847196,0.09275677271197731,Syngnathus rostellatus
1.8860411398792176,0,1994,1994,0,3.5571511813168986,9.660602703106473,4.204133637301901,0.0940475770340692,Syngnathus rostellatus
1.9778761446496556,0,1994,1994,0,3.911994043574185,9.798210534144067,4.202167994756605,0.09536789849794372,Syngnathus rostellatus
2.0697111494200935,0,1994,1994,0,4.283704242033845,9.93581836518166,4.200202352211309,0.09671652825523752,Syngnathus rostellatus
2.1615461541905305,0,1994,1994,0,4.672281776695873,10.07342619621925,4.198236709666014,0.09809229871644036,Syngnathus rostellatus
2.253381158960969,0,1994,1994,0,5.077726647560279,10.211034027256844,4.196271067120718,0.09949408401056684,Syngnathus rostellatus
-3.08068152438323,0,1994,1994,0,9.490598654676182,2.2183432411195225,2.26944783812612,0.09108329160536609,Myoxocephalus scorpius
-2.9895059743177503,0,1994,1994,0,8.937145970481522,2.3549629289992455,2.25801280207074,0.0891272274444804,Myoxocephalus scorpius
-2.898330424252271,0,1994,1994,0,8.40031924814635,2.4915826168789676,2.24657776601536,0.08721018848579642,Myoxocephalus scorpius
-2.8071548741867915,0,1994,1994,0,7.880118487670662,2.62820230475869,2.2351427299599798,0.08533480486315151,Myoxocephalus scorpius
-2.7159793241213124,0,1994,1994,0,7.3765436890544605,2.7648219926384123,2.2237076939045997,0.08350388319025749,Myoxocephalus scorpius
-2.6248037740558328,0,1994,1994,0,6.889594852297743,2.901441680518135,2.2122726578492196,0.08172041199228133,Myoxocephalus scorpius
-2.5336282239903536,0,1994,1994,0,6.419271977400514,3.038061368397857,2.2008376217938395,0.0799875653213688,Myoxocephalus scorpius
-2.442452673924874,0,1994,1994,0,5.965575064362767,3.17468105627758,2.189402585738459,0.07830870396966286,Myoxocephalus scorpius
-2.351277123859395,0,1994,1994,0,5.528504113184508,3.311300744157302,2.177967549683079,0.07668737360408398,Myoxocephalus scorpius
-2.260101573793915,0,1994,1994,0,5.108059123865733,3.4479204320370247,2.1665325136276987,0.0751272990642711,Myoxocephalus scorpius
-2.168926023728436,0,1994,1994,0,4.704240096406444,3.584540119916747,2.1550974775723186,0.07363237399818447,Myoxocephalus scorpius
-2.0777504736629564,0,1994,1994,0,4.3170470308066395,3.72115980779647,2.1436624415169385,0.0722066449715025,Myoxocephalus scorpius
-1.986574923597477,0,1994,1994,0,3.9464799270663216,3.8577794956761924,2.1322274054615584,0.07085428919260084,Myoxocephalus scorpius
-1.8953993735319976,0,1994,1994,0,3.592538785185489,3.9943991835559145,2.1207923694061783,0.06957958506237896,Myoxocephalus scorpius
-1.8042238234665182,0,1994,1994,0,3.255223605164142,4.131018871435637,2.1093573333507982,0.06838687490617594,Myoxocephalus scorpius
-1.7130482734010388,0,1994,1994,0,2.93453438700228,4.267638559315359,2.097922297295418,0.06728051949063037,Myoxocephalus scorpius
-1.6218727233355594,0,1994,1994,0,2.6304711306999042,4.404258247195082,2.086487261240038,0.06626484428368666,Myoxocephalus scorpius
-1.53069717327008,0,1994,1994,0,2.3430338362570136,4.540877935074804,2.075052225184658,0.06534407788368736,Myoxocephalus scorpius
-1.4395216232046006,0,1994,1994,0,2.072222503673608,4.677497622954526,2.063617189129278,0.06452228361204809,Myoxocephalus scorpius
-1.3483460731391212,0,1994,1994,0,1.8180371329496885,4.814117310834249,2.0521821530738977,0.06380328590342153,Myoxocephalus scorpius
-1.2571705230736419,0,1994,1994,0,1.5804777240852543,4.950736998713972,2.0407471170185176,0.0631905937869707,Myoxocephalus scorpius
-1.1659949730081625,0,1994,1994,0,1.3595442770803055,5.087356686593694,2.0293120809631375,0.06268732436260253,Myoxocephalus scorpius
-1.0748194229426828,0,1994,1994,0,1.1552367919348419,5.223976374473416,2.0178770449077574,0.06229612965385854,Myoxocephalus scorpius
-0.9836438728772037,0,1994,1994,0,0.9675552686488644,5.360596062353139,2.0064420088523773,0.062019130479833214,Myoxocephalus scorpius
-0.8924683228117241,0,1994,1994,0,0.7964997072223717,5.497215750232861,1.995006972796997,0.061857860960550605,Myoxocephalus scorpius
-0.8012927727462449,0,1994,1994,0,0.6420701076553652,5.633835438112584,1.983571936741617,0.061813226911972934,Myoxocephalus scorpius
-0.7101172226807653,0,1994,1994,0,0.5042664699478435,5.7704551259923065,1.9721369006862368,0.061885480699783765,Myoxocephalus scorpius
-0.6189416726152861,0,1994,1994,0,0.383088794099808,5.907074813872028,1.9607018646308567,0.062074214156375554,Myoxocephalus scorpius
-0.5277661225498065,0,1994,1994,0,0.27853708011125733,6.043694501751752,1.9492668285754766,0.062378370019870275,Myoxocephalus scorpius
-0.4365905724843273,0,1994,1994,0,0.19061132798219266,6.180314189631473,1.9378317925200965,0.06279627115566766,Myoxocephalus scorpius
-0.3454150224188477,0,1994,1994,0,0.11931153771261306,6.316933877511196,1.9263967564647162,0.06332566570745574,Myoxocephalus scorpius
-0.2542394723533685,0,1994,1994,0,0.06463770930251923,6.4535535653909175,1.914961720409336,0.06396378541835014,Myoxocephalus scorpius
-0.1630639222878889,0,1994,1994,0,0.02658984275191067,6.590173253270641,1.903526684353956,0.06470741375076787,Myoxocephalus scorpius
-0.07188837222240929,0,1994,1994,0,0.005167938060787668,6.726792941150364,1.892091648298576,0.06555296015510964,Myoxocephalus scorpius
0.01928717784306988,0,1994,1994,0,3.719952291502057e-4,6.863412629030086,1.8806566122431958,0.06649653688274099,Myoxocephalus scorpius
0.1104627279085495,0,1994,1994,0,0.01220201425699824,7.000032316909809,1.8692215761878157,0.06753403505799194,Myoxocephalus scorpius
0.20163827797402867,0,1994,1994,0,0.04065799514433165,7.13665200478953,1.8577865401324356,0.06866119724084663,Myoxocephalus scorpius
0.2928138280395083,0,1994,1994,0,0.08573993789115072,7.273271692669253,1.8463515040770555,0.06987368434106518,Myoxocephalus scorpius
0.38398937810498746,0,1994,1994,0,0.14744784249745502,7.409891380548975,1.8349164680216754,0.07116713540503931,Myoxocephalus scorpius
0.47516492817046707,0,1994,1994,0,0.22578170896324512,7.546511068428698,1.823481431966295,0.07253721942313197,Myoxocephalus scorpius
0.5663404782359462,0,1994,1994,0,0.3207415372885203,7.683130756308421,1.812046395910915,0.07397967885193878,Myoxocephalus scorpius
0.6575160283014259,0,1994,1994,0,0.43232732747328145,7.819750444188144,1.8006113598555349,0.0754903649875162,Myoxocephalus scorpius
0.748691578366905,0,1994,1994,0,0.5605390795175275,7.956370132067866,1.7891763238001548,0.07706526565435844,Myoxocephalus scorpius
0.8398671284323846,0,1994,1994,0,0.7053767934212597,8.092989819947588,1.7777412877447747,0.0787005258960909,Myoxocephalus scorpius
0.9310426784978643,0,1994,1994,0,0.8668404691844774,8.22960950782731,1.7663062516893946,0.08039246248114136,Myoxocephalus scorpius
1.0222182285633434,0,1994,1994,0,1.04493010680718,8.366229195707032,1.7548712156340145,0.08213757308782735,Myoxocephalus scorpius
1.1133937786288226,0,1994,1994,0,1.2396457062893675,8.502848883586754,1.7434361795786344,0.08393254102700957,Myoxocephalus scorpius
1.2045693286943018,0,1994,1994,0,1.450987267631041,8.639468571466477,1.7320011435232543,0.08577423631405368,Myoxocephalus scorpius
1.2957448787597818,0,1994,1994,0,1.6789547908322018,8.776088259346201,1.720566107467874,0.087659713830149,Myoxocephalus scorpius
1.386920428825261,0,1994,1994,0,1.923548275892846,8.912707947225924,1.7091310714124939,0.08958620922789465,Myoxocephalus scorpius
-0.7374427313154205,0,2017,2017,0,0.5438217819699475,5.729509911423925,3.351026634460779,0.06327161257149785,Sardina pilchardus
-0.6879508502574617,0,2017,2017,0,0.4732763723699645,5.803669763904801,3.3485021734686033,0.06193204661566481,Sardina pilchardus
-0.6384589691995028,0,2017,2017,0,0.4076298553512917,5.877829616385677,3.345977712476427,0.060634301482115203,Sardina pilchardus
-0.5889670881415441,0,2017,2017,0,0.34688223091392933,5.951989468866553,3.3434532514842514,0.05938111915462021,Sardina pilchardus
-0.5394752070835853,0,2017,2017,0,0.2910334990578773,6.026149321347429,3.3409287904920757,0.05817537954752315,Sardina pilchardus
-0.4899833260256265,0,2017,2017,0,0.2400836597831354,6.100309173828305,3.3384043294999,0.05702009239341473,Sardina pilchardus
-0.4404914449676677,0,2017,2017,0,0.1940327130897038,6.174469026309181,3.3358798685077242,0.05591838485883455,Sardina pilchardus
-0.3909995639097089,0,2017,2017,0,0.15288065897758255,6.248628878790057,3.3333554075155485,0.054873484229634326,Sardina pilchardus
-0.3415076828517501,0,2017,2017,0,0.11662749744677152,6.322788731270933,3.3308309465233727,0.05388869506112691,Sardina pilchardus
-0.2920158017937913,0,2017,2017,0,0.08527322849727079,6.396948583751809,3.328306485531197,0.05296737030374763,Sardina pilchardus
-0.2425239207358325,0,2017,2017,0,0.05881785212908037,6.471108436232685,3.325782024539021,0.05211287610571438,Sardina pilchardus
-0.19303203967787375,0,2017,2017,0,0.03726136834220022,6.545268288713561,3.323257563546845,0.05132855026918988,Sardina pilchardus
-0.14354015861991487,0,2017,2017,0,0.020603777136630322,6.619428141194437,3.3207331025546694,0.050617654697506224,Sardina pilchardus
-0.0940482775619561,0,2017,2017,0,0.008845078512370737,6.693587993675313,3.3182086415624936,0.04998332260891829,Sardina pilchardus
-0.04455639650399734,0,2017,2017,0,0.0019852724694214264,6.767747846156189,3.315684180570318,0.04942850178379309,Sardina pilchardus
0.004935484553961533,0,2017,2017,0,2.4359007782392876e-5,6.841907698637065,3.313159719578142,0.04895589561805276,Sardina pilchardus
0.0544273656119203,0,2017,2017,0,0.002962338127453644,6.916067551117941,3.3106352585859664,0.04856790422236608,Sardina pilchardus
0.10391924666987906,0,2017,2017,0,0.01079920982843517,6.990227403598817,3.3081107975937907,0.048266568170444626,Sardina pilchardus
0.15341112772783794,0,2017,2017,0,0.023534974110727008,7.064387256079693,3.305586336601615,0.04805351769603801,Sardina pilchardus
0.2029030087857967,0,2017,2017,0,0.041169630974329095,7.138547108560569,3.3030618756094388,0.04792993011247465,Sardina pilchardus
0.25239488984375547,0,2017,2017,0,0.06370318041924146,7.212706961041445,3.300537414617263,0.04789649794945322,Sardina pilchardus
0.30188677090171423,0,2017,2017,0,0.0911356224454641,7.286866813522321,3.2980129536250873,0.047953409771039804,Sardina pilchardus
0.351378651959673,0,2017,2017,0,0.12346695705299701,7.361026666003197,3.2954884926329115,0.048100344896149554,Sardina pilchardus
0.400870533017632,0,2017,2017,0,0.16069718424184037,7.435186518484073,3.292964031640736,0.04833648236270231,Sardina pilchardus
0.45036241407559074,0,2017,2017,0,0.20282630401199386,7.509346370964949,3.29043957064856,0.048660523557429274,Sardina pilchardus
0.4998542951335495,0,2017,2017,0,0.24985431636345762,7.583506223445825,3.2879151096563843,0.0490707270801894,Sardina pilchardus
0.5493461761915083,0,2017,2017,0,0.30178122129623164,7.657666075926701,3.2853906486642086,0.04956495371818422,Sardina pilchardus
0.598838057249467,0,2017,2017,0,0.358607018810316,7.731825928407577,3.282866187672033,0.05014071893785589,Sardina pilchardus
0.6483299383074258,0,2017,2017,0,0.42033170890571053,7.805985780888453,3.2803417266798567,0.050795250090302564,Sardina pilchardus
0.6978218193653848,0,2017,2017,0,0.48695529158241574,7.880145633369329,3.277817265687681,0.051525545562174424,Sardina pilchardus
0.7473137004233436,0,2017,2017,0,0.5584777668404308,7.954305485850205,3.275292804695505,0.05232843334971006,Sardina pilchardus
0.7968055814813023,0,2017,2017,0,0.6348991346797563,8.028465338331081,3.2727683437033295,0.05320062693053898,Sardina pilchardus
0.8462974625392611,0,2017,2017,0,0.716219395100392,8.102625190811958,3.2702438827111537,0.0541387767905938,Sardina pilchardus
0.8957893435972198,0,2017,2017,0,0.802438548102338,8.176785043292833,3.267719421718978,0.055139516470251095,Sardina pilchardus
0.9452812246551786,0,2017,2017,0,0.8935565936855943,8.25094489577371,3.2651949607268023,0.05619950247445659,Sardina pilchardus
0.9947731057131374,0,2017,2017,0,0.9895735318501608,8.325104748254585,3.2626704997346265,0.05731544781114267,Sardina pilchardus
1.0442649867710965,0,2017,2017,0,1.0904893625960383,8.399264600735462,3.2601460387424503,0.058484149261310056,Sardina pilchardus
1.0937568678290552,0,2017,2017,0,1.1963040859232255,8.473424453216339,3.2576215777502746,0.059702508736723725,Sardina pilchardus
1.143248748887014,0,2017,2017,0,1.3070177018317228,8.547584305697214,3.255097116758099,0.06096754925130219,Sardina pilchardus
1.1927406299449728,0,2017,2017,0,1.4226302103215305,8.62174415817809,3.252572655765923,0.062276426130385414,Sardina pilchardus
1.2422325110029315,0,2017,2017,0,1.5431416113926484,8.695904010658966,3.2500481947737474,0.06362643412174494,Sardina pilchardus
1.2917243920608903,0,2017,2017,0,1.6685519050450766,8.770063863139843,3.2475237337815717,0.06501501106772307,Sardina pilchardus
1.341216273118849,0,2017,2017,0,1.798861091278815,8.844223715620718,3.244999272789396,0.06643973876254755,Sardina pilchardus
1.3907081541768078,0,2017,2017,0,1.934069170093864,8.918383568101595,3.24247481179722,0.06789834156403955,Sardina pilchardus
1.4402000352347666,0,2017,2017,0,2.074176141490223,8.99254342058247,3.2399503508050445,0.06938868326370234,Sardina pilchardus
1.4896919162927258,0,2017,2017,0,2.2191820054678937,9.066703273063347,3.2374258898128683,0.07090876265036528,Sardina pilchardus
1.5391837973506846,0,2017,2017,0,2.3690867620268734,9.140863125544222,3.2349014288206925,0.07245670813494962,Sardina pilchardus
1.5886756784086433,0,2017,2017,0,2.523890411167163,9.215022978025099,3.232376967828517,0.07403077174062632,Sardina pilchardus
1.638167559466602,0,2017,2017,0,2.6835929528887634,9.289182830505974,3.229852506836341,0.07562932270544385,Sardina pilchardus
1.6876594405245606,0,2017,2017,0,2.848194387191673,9.36334268298685,3.2273280458441653,0.07725084089424282,Sardina pilchardus
