year,est,lwr,upr,log_est,se,type,pred_dens_sum,species
1993,32.48436328313359,31.250706177466604,33.766720403632874,3.4807588438058996,0.01975386818598466,unweighted,NA,Aphia minuta
1994,29.294978383591378,27.778164359321952,30.89461734742339,3.377416115109174,0.02712593607013281,unweighted,NA,Aphia minuta
1995,35.155647941283966,32.85729717533389,37.614767142177286,3.559785286466455,0.03449626141210549,unweighted,NA,Aphia minuta
1996,31.94059554883846,29.29621795878035,34.823663772910834,3.463877788475228,0.04409232076227251,unweighted,NA,Aphia minuta
1997,30.69696177512172,28.82505232625259,32.69043370877337,3.424163684716046,0.03210202011408597,unweighted,NA,Aphia minuta
1998,35.920820985963225,34.9406311324441,36.92850811465462,3.5813170991294654,0.014115938600753272,unweighted,NA,Aphia minuta
1999,31.085861432264643,30.356638389088992,31.832601772312312,3.4367530994899607,0.01211138484038808,unweighted,NA,Aphia minuta
2000,35.63335053893677,34.63238358848298,36.66324806626931,3.5732820122141327,0.014537423254722489,unweighted,NA,Aphia minuta
2001,36.07430211694239,35.18131547660584,36.98995491199819,3.5855807591351088,0.012788820601879872,unweighted,NA,Aphia minuta
2002,34.180305093011796,33.23128878184235,35.156423331066414,3.5316496037158287,0.014366457056764871,unweighted,NA,Aphia minuta
2003,31.1846873716346,29.981818188443295,32.435815611790936,3.439927184968227,0.02006978073597564,unweighted,NA,Aphia minuta
2004,36.8291792483094,35.77410819865395,37.915367074199764,3.606290445340604,0.014829888966356246,unweighted,NA,Aphia minuta
2005,31.59638701757459,30.60668357543973,32.61809369524325,3.453042779169255,0.016237225180434488,unweighted,NA,Aphia minuta
2006,30.58050559180399,29.58661301782145,31.607785645726274,3.4203627337783673,0.016857828981617886,unweighted,NA,Aphia minuta
2007,34.44737165523242,33.82460148564397,35.08160811465416,3.539432700071082,0.009308491318650476,unweighted,NA,Aphia minuta
2008,36.11168907000928,35.04392236923073,37.21198996360102,3.5866166098810806,0.015313756045150102,unweighted,NA,Aphia minuta
2009,32.22400261207671,31.181773702560964,33.30106729168661,3.472711597596126,0.016774721340490066,unweighted,NA,Aphia minuta
2010,31.40098856653466,29.98285765944102,32.886194309939675,3.446839375429286,0.023578784508953978,unweighted,NA,Aphia minuta
2012,33.866179713370514,32.87367297479317,34.888651756612056,3.52241686783069,0.015176168627517486,unweighted,NA,Aphia minuta
2013,32.05234785020448,31.28212476909139,32.84153523118715,3.4673704365402136,0.01241022588236641,unweighted,NA,Aphia minuta
2014,35.10455302510793,34.06694855391604,36.17376065080407,3.5583308378744922,0.01530802324282554,unweighted,NA,Aphia minuta
2015,32.57261406544494,31.639625285611327,33.53311480395181,3.4834718759828984,0.014827607263128036,unweighted,NA,Aphia minuta
2016,32.57441530735407,31.577255657361786,33.60306367753036,3.4835271737279205,0.015862572072052647,unweighted,NA,Aphia minuta
2017,30.52375299695631,28.721593340977112,32.43899062138533,3.4185051673017455,0.031049522692426928,unweighted,NA,Aphia minuta
2018,31.07264811517902,30.05237515885419,32.127559162500155,3.436327950387099,0.017034115200406902,unweighted,NA,Aphia minuta
2019,33.33555750998591,31.48588771517327,35.29388799687724,3.5066246203935254,0.029125629062764325,unweighted,NA,Aphia minuta
2020,30.479409823736574,29.106741868942002,31.916812516709797,3.4170513678926837,0.023511422437938186,unweighted,NA,Aphia minuta
2021,29.782597373346043,28.494767152997213,31.128631497153314,3.39392424216798,0.022553363616346155,unweighted,NA,Aphia minuta
2022,33.292379137784955,31.919194372958312,34.72463921561354,3.505328516073988,0.021490692219623058,unweighted,NA,Aphia minuta
1993,34.096956125222874,32.799481481110284,35.445755984738184,7.665045825588679,0.019793940428975712,weighted,62.54196106273191,Aphia minuta
1994,30.004968008704992,28.46081210590643,31.63290287899313,6.750070229156764,0.026957046869775226,weighted,28.465910852205894,Aphia minuta
1995,36.95833416989505,34.5309884224542,39.5563094778204,9.137474100728612,0.03466086066155714,weighted,251.56035129281975,Aphia minuta
1996,33.56821262165684,30.80878675069517,36.57478977445729,5.7759013137006905,0.04376592300733529,weighted,9.605364528465957,Aphia minuta
1997,32.04584657934535,30.12043432790392,34.094338474912846,6.809396879315201,0.03161474435485946,weighted,28.282105672179675,Aphia minuta
1998,37.50332449140243,36.53669194681546,38.49553073810816,8.33196170663488,0.013322983425164314,weighted,110.7784348978058,Aphia minuta
1999,32.21653850941889,31.506195286170108,32.942897233436085,8.672229477698643,0.011375584923779134,weighted,181.22684587901915,Aphia minuta
2000,36.469611156531016,35.492672827514326,37.47343978212638,8.317897871172951,0.013853860078928864,weighted,112.32747942898372,Aphia minuta
2001,36.25714122631136,35.41140000757797,37.12308153937344,8.519033293471104,0.012042343135541334,weighted,138.1578583137892,Aphia minuta
2002,36.11284695575469,35.18247847995248,37.06781817525669,7.894780756696646,0.01331681876236092,weighted,74.30157009378135,Aphia minuta
2003,32.06499034352783,30.86113472504213,33.31580691672474,7.225630011619489,0.019524427692794603,weighted,42.85683833983296,Aphia minuta
2004,38.552671052499676,37.53127816204266,39.601860583192874,8.06492659745227,0.013699596615518412,weighted,82.50849121319517,Aphia minuta
2005,31.792904325199817,30.82099984806449,32.795456682589865,8.847776083657648,0.01584052554324235,weighted,218.88203970039305,Aphia minuta
2006,31.871345482895112,30.903671846406894,32.86931947564551,8.124083945593767,0.015731074043710158,weighted,105.88743545603049,Aphia minuta
2007,36.17978522972393,35.55869393574497,36.8117249085213,9.802079377109388,0.008834785955676631,weighted,499.48563220475415,Aphia minuta
2008,36.44475474610379,35.422240320158004,37.496785536396324,7.842405136558121,0.014519483577678719,weighted,69.86798907302976,Aphia minuta
2009,32.76355078549316,31.747094869245316,33.812550864724415,7.6709207495647895,0.016079591372307505,weighted,65.47079128599725,Aphia minuta
2010,32.59147746199264,31.134450392431383,34.11669034677386,7.278248565008808,0.023335066992798872,weighted,44.44256753246638,Aphia minuta
2012,35.029907528533975,34.07877778371009,36.00758305493584,8.116635926523308,0.014044829129440791,weighted,95.62494615835077,Aphia minuta
2013,32.34337915656466,31.585430597482084,33.11951603878696,8.815527196776472,0.012098885540052557,weighted,208.32885391584955,Aphia minuta
2014,35.30998732975293,34.297559258846924,36.352301218218734,8.657287213467113,0.014842955449713972,weighted,162.89753155391006,Aphia minuta
2015,33.47541901889135,32.57577154459973,34.39991212352794,7.407969988615021,0.013899541611758152,weighted,49.26227522691172,Aphia minuta
2016,33.083167394069726,32.10850910540106,34.08741157153041,7.715795060869952,0.015257187965083784,weighted,67.81412087679378,Aphia minuta
2017,31.39082932266515,29.542335731590352,33.354985012610165,6.286941375065473,0.030965592654643506,weighted,17.12305129356321,Aphia minuta
2018,31.38982806026578,30.405378669925234,32.406151436214635,8.114076870410344,0.016257630683205477,weighted,106.44122736609332,Aphia minuta
2019,34.19571497002155,32.32089633731717,36.1792850701621,6.286403721141749,0.028769088060718942,weighted,15.710093096632077,Aphia minuta
2020,30.61590277420101,29.26291418623255,32.031447610242495,6.599582780953289,0.023060926598911437,weighted,24.000225076420318,Aphia minuta
2021,30.237478959365568,28.94414248417287,31.588606721309255,7.1702920405501915,0.022303638761142885,weighted,43.00041902699806,Aphia minuta
2022,34.906891888814975,33.53489740003583,36.33501802024639,7.198537764675369,0.020458373365627537,weighted,38.31546036577035,Aphia minuta
1993,28.381842629781097,27.805750116837412,28.96987089637556,3.345749596677824,0.010462824213103234,unweighted,NA,Clupea harengus
1994,27.70521030499536,27.299296785363335,28.11715935685064,3.3216204931584095,0.0075305210675195395,unweighted,NA,Clupea harengus
1995,27.02601732522014,26.59915246208691,27.459732542387673,3.296800006673194,0.008122931771346594,unweighted,NA,Clupea harengus
1996,29.630300829448327,28.098995153674352,31.245057783811912,3.388797514400904,0.02707381297558147,unweighted,NA,Clupea harengus
1997,27.402051656086535,26.63092724596237,28.195504723804834,3.3106178885501727,0.014563874619705893,unweighted,NA,Clupea harengus
1998,28.977499093734504,28.24826370007793,29.72555986600576,3.3665196355059632,0.013004137804349164,unweighted,NA,Clupea harengus
1999,28.618061725405685,28.221123618289383,29.02058287956902,3.3540380473557123,0.007126296938232277,unweighted,NA,Clupea harengus
2000,28.454774284582403,27.952912020997385,28.965646905708052,3.348315959659627,0.009079033506833716,unweighted,NA,Clupea harengus
2001,33.401292137754396,32.817849656016406,33.99510717994545,3.508594585993455,0.008990992658020246,unweighted,NA,Clupea harengus
2002,28.895221586605466,28.550015319180318,29.244601840129658,3.3636762384236896,0.006132136020291845,unweighted,NA,Clupea harengus
2003,26.828526439870704,25.20818087600356,28.553025483088792,3.289465740822315,0.03178484989682132,unweighted,NA,Clupea harengus
2004,30.761269486091713,29.895206817273277,31.652421947762402,3.4262564144650165,0.014570805514185305,unweighted,NA,Clupea harengus
2005,28.296154730300508,27.482032393430714,29.134394467583128,3.3427259201629145,0.014894914789171545,unweighted,NA,Clupea harengus
2006,28.86697521875073,27.83195648507999,29.940484375458166,3.3626982157144267,0.018629598114668466,unweighted,NA,Clupea harengus
2007,26.635384202769888,26.089767693343017,27.192411215305036,3.2822405649981685,0.010560076665766707,unweighted,NA,Clupea harengus
2008,27.789638728856904,26.9647595753084,28.63975176650731,3.3246632436287777,0.015373971814396275,unweighted,NA,Clupea harengus
2009,28.204898521189158,27.777707351080586,28.638659430603852,3.339495669284001,0.0077868084529463776,unweighted,NA,Clupea harengus
2012,21.734731443691004,21.353143328188462,22.12313867184853,3.0789115084265783,0.00903718192891817,unweighted,NA,Clupea harengus
2013,29.396151513544865,28.313400011991966,30.52030923312945,3.3808637648765307,0.019147583288016846,unweighted,NA,Clupea harengus
2014,25.973000363566587,25.392935651416497,26.566315811074766,3.2570575509061195,0.011523956411143236,unweighted,NA,Clupea harengus
2015,24.72422239867681,24.065659391050488,25.400807153721992,3.207783427011254,0.013774500157594516,unweighted,NA,Clupea harengus
2016,29.41899407332542,28.241435814830403,30.645651940680338,3.3816405226555397,0.020842356463606944,unweighted,NA,Clupea harengus
2017,24.863717626777007,24.337100768114794,25.4017296519576,3.21340961741133,0.010922471533824961,unweighted,NA,Clupea harengus
2018,25.76486295168096,25.120299127779145,26.425965691818202,3.2490116625997674,0.012926468709384239,unweighted,NA,Clupea harengus
2019,22.713168707820312,22.34315078880034,23.0893143776526,3.1229448755704508,0.008380283520122786,unweighted,NA,Clupea harengus
2020,24.851902297555494,24.44713711540446,25.263369076376463,3.21293430082222,0.008378308622556533,unweighted,NA,Clupea harengus
2021,26.249204744108532,25.440779583990217,27.083319024222355,3.267635693116184,0.015960656081315302,unweighted,NA,Clupea harengus
2022,24.016037799510485,23.54016956306471,24.50152578732855,3.1787218488201843,0.010211179380358926,unweighted,NA,Clupea harengus
1993,27.688414079229666,27.12812921616803,28.26027066274705,10.306587554864247,0.01043023930797489,weighted,1080.9261440806183,Clupea harengus
1994,27.02577120659683,26.638457613602966,27.418716199932785,9.902374035364572,0.007364907420500715,weighted,739.210803586481,Clupea harengus
1995,26.04926152517917,25.65428139303996,26.45032287637083,10.434702764782692,0.007795523775216222,weighted,1305.9856804550943,Clupea harengus
1996,28.831862720417746,27.34996988246323,30.394048384748945,6.868706149933275,0.02692176631371872,weighted,33.355578504762754,Clupea harengus
1997,26.386118996536165,25.649128356142285,27.144285998032338,8.568475258191823,0.01445357551888881,weighted,199.46468076888962,Clupea harengus
1998,28.03972656132759,27.34491506526879,28.752192638280277,8.29166413399029,0.012802133013409845,weighted,142.31484529848737,Clupea harengus
1999,28.085571012426485,27.718531042433263,28.457471208936223,10.004472112614957,0.006711744318377909,weighted,787.7778668496215,Clupea harengus
2000,28.08136939626241,27.59647084249477,28.574788119467257,8.94282097714873,0.008887127139745666,weighted,272.5207155298853,Clupea harengus
2001,32.622670508082244,32.055987372027744,33.199371422499404,8.85573844536631,0.008940716146671423,weighted,215.01998651109415,Clupea harengus
2002,28.539879690736345,28.225094900742576,28.85817516738533,9.730709526896174,0.00565873880447707,weighted,589.5780610634674,Clupea harengus
2003,26.326418211578186,24.739685517432054,28.014919403989907,5.869716663471022,0.03171704932459137,weighted,13.45221442443273,Clupea harengus
2004,29.617161152590946,28.79760022706851,30.460046247674306,7.725414055799793,0.014317560933732012,weighted,76.48235753684332,Clupea harengus
2005,27.43795173455006,26.65479260189441,28.244121296745426,8.146271944451337,0.014774855888313971,weighted,125.75615946660825,Clupea harengus
2006,28.156704600133846,27.15580774056264,29.194492077471633,7.121635909917475,0.0184669534667351,weighted,43.98507666213157,Clupea harengus
2007,25.869341191862862,25.35021331894817,26.399099892417816,8.489638092503878,0.010342733324748212,weighted,188.02587056204666,Clupea harengus
2008,27.214003640132542,26.418496164912245,28.03346524730576,7.296100429262258,0.015136657416616914,weighted,54.183083584082766,Clupea harengus
2009,27.377397695301422,26.981099942992696,27.77951625954209,8.596859401244428,0.007439500257177069,weighted,197.77729598188787,Clupea harengus
2012,21.375955840067128,21.00653005142242,21.751878437703233,8.097585251659634,0.008894748785110896,weighted,153.74855683025,Clupea harengus
2013,29.63855466778129,28.553631714140433,30.764700322167194,6.571339568716577,0.019026830710492718,weighted,24.101245806419964,Clupea harengus
2014,24.9837973308723,24.437705966340875,25.542091795761305,7.843839730051959,0.011275840865040722,weighted,102.06524055067801,Clupea harengus
2015,23.95130629832006,23.31833948159451,24.601454741181207,6.877380112220059,0.013664900031134136,weighted,40.502238618799986,Clupea harengus
2016,28.211990787659936,27.105960222365425,29.363151781883374,6.551340420663907,0.020405198775749124,weighted,24.818598902926514,Clupea harengus
2017,24.523784883016596,24.007717075376835,25.050946039567695,7.666818212239524,0.01085128852698838,weighted,87.11026710049856,Clupea harengus
2018,25.378612787022956,24.761275654861127,26.011341094504566,7.298833484323519,0.012564432806763172,weighted,58.26063676905379,Clupea harengus
2019,21.972092627574614,21.626618474804417,22.32308555298011,7.8309245909904055,0.008085984499389695,weighted,114.56604395516095,Clupea harengus
2020,24.462207304849905,24.073791702219197,24.856889750786117,7.748749583877515,0.008166272542787652,weighted,94.785857560556,Clupea harengus
2021,25.595494999746045,24.82496288947265,26.389943348509142,6.740654673122178,0.01559551329702043,weighted,33.057164277864715,Clupea harengus
2022,23.743905696227056,23.278452781522727,24.21866534698641,7.854697399439139,0.01010107127727998,weighted,108.56743537963726,Clupea harengus
1993,21.908024260737648,21.07838471492233,22.77031819564822,3.0868529743125745,0.019696729280084962,unweighted,NA,Crystallogobius linearis
1994,23.221793353731538,22.573954115974466,23.888224623519037,3.1450912064369256,0.014436202774005648,unweighted,NA,Crystallogobius linearis
1995,26.46735957939496,25.505842204290214,27.46512416622569,3.2759122598239485,0.018880310118779404,unweighted,NA,Crystallogobius linearis
1996,25.316734040046857,24.11257164554736,26.581031334035373,3.231465601596472,0.024863850790257307,unweighted,NA,Crystallogobius linearis
1997,25.39803201633111,24.255806312238672,26.594046060513943,3.2346716913507825,0.02347781256907782,unweighted,NA,Crystallogobius linearis
1998,25.71689023771239,25.058177225987254,26.392919067260298,3.2471479837278614,0.013238903114137732,unweighted,NA,Crystallogobius linearis
1999,23.00980121986619,22.566859724993005,23.46143675415255,3.1359202651514715,0.00991743678425835,unweighted,NA,Crystallogobius linearis
2000,24.906281510038507,24.227027656429886,25.604579622983653,3.2151200411355254,0.014108007132640696,unweighted,NA,Crystallogobius linearis
2001,24.132717035277185,23.519919115405024,24.761481051323276,3.1835684731852094,0.013123092737649177,unweighted,NA,Crystallogobius linearis
2002,23.662494048075214,22.857602600821707,24.495728373327598,3.1638912650013458,0.01765720467934175,unweighted,NA,Crystallogobius linearis
2003,22.632873931783855,21.995951389708264,23.28823942808391,3.119403448125764,0.014564063252347458,unweighted,NA,Crystallogobius linearis
2004,22.706569209701033,22.111709713745526,23.317431892407342,3.122654275119268,0.013544613995917058,unweighted,NA,Crystallogobius linearis
2005,21.837862722733465,21.41555255333492,22.268500759402,3.0836452854073335,0.009963383339304297,unweighted,NA,Crystallogobius linearis
2006,23.232233053971136,22.67203077721252,23.806277345764467,3.14554067018518,0.012453611357923326,unweighted,NA,Crystallogobius linearis
2007,22.026743759876517,21.58801337012016,22.47439041031864,3.092257340532882,0.010265043951958895,unweighted,NA,Crystallogobius linearis
2008,22.243252990247296,21.714659077610612,22.784714317632606,3.1020387262334177,0.012271225602277239,unweighted,NA,Crystallogobius linearis
2009,22.91541776687944,22.374438608385436,23.46947696081241,3.1318099489482703,0.012189395018779149,unweighted,NA,Crystallogobius linearis
2010,22.78554164194742,21.477802383761833,24.172906456642128,3.126126196298449,0.030156799940587873,unweighted,NA,Crystallogobius linearis
2012,21.899592083922766,21.30617263704325,22.509539447192232,3.086468010344087,0.014016167981430069,unweighted,NA,Crystallogobius linearis
2013,21.42421697929026,20.923385531878843,21.937036550628093,3.064521916758353,0.012068822965046947,unweighted,NA,Crystallogobius linearis
2014,24.47068547789242,23.806600362753944,25.15329524726244,3.197475890053332,0.014037513890348683,unweighted,NA,Crystallogobius linearis
2015,19.799352950966107,19.191300783819607,20.426670484339542,2.9856492579223755,0.01591466271033109,unweighted,NA,Crystallogobius linearis
2016,22.237550035573133,21.66453766142248,22.825718199616986,3.101782303043301,0.013319422515003971,unweighted,NA,Crystallogobius linearis
2017,19.353541782758967,18.931607576933466,19.78487975809121,2.9628754405950843,0.011246409102369393,unweighted,NA,Crystallogobius linearis
2018,21.48985469108416,21.055611148966726,21.93305391976593,3.067580948932357,0.010415426809004508,unweighted,NA,Crystallogobius linearis
2019,20.536764499686697,20.105525425643123,20.977253127524317,3.0222166701688065,0.010827747984253474,unweighted,NA,Crystallogobius linearis
2020,18.35679156851099,17.941014476469537,18.782204157502367,2.9099996187511543,0.011689100208892276,unweighted,NA,Crystallogobius linearis
2021,19.260110831613762,18.883578600128736,19.644150989660236,2.9580361608505026,0.01007338591516296,unweighted,NA,Crystallogobius linearis
2022,20.991865623020438,20.570338736924917,21.422030427916123,3.0441350113987946,0.010349598516936431,unweighted,NA,Crystallogobius linearis
1993,21.427711461210624,20.660502360566124,22.223410179088955,8.761725562641816,0.018603011945180263,weighted,297.9842254033891,Crystallogobius linearis
1994,22.771400385981703,22.164079477581257,23.395362575882388,9.38642397351361,0.01379231601883023,weighted,523.6997866881379,Crystallogobius linearis
1995,26.547678737837128,25.604391910376233,27.525717026765104,9.654052575582975,0.018458715846024647,weighted,587.0501564357313,Crystallogobius linearis
1996,24.745361855742487,23.585138863065197,25.962659661527862,8.147407327012646,0.02450109674191418,weighted,139.59833388382876,Crystallogobius linearis
1997,24.950612391116888,23.838199383863774,26.114936311555095,8.636391851555912,0.023270354376856334,weighted,225.764740292064,Crystallogobius linearis
1998,25.140137486609518,24.53725461689057,25.757833250447085,9.529971236140462,0.012384468773615476,weighted,547.5783542051228,Crystallogobius linearis
1999,22.435552844459078,22.04089304333948,22.837279344659965,9.994130181435025,0.009054951338756024,weighted,976.0202169217093,Crystallogobius linearis
2000,24.357418565070358,23.722555156660146,25.009272198381566,9.188229914228023,0.013474827730819377,weighted,401.57465134990366,Crystallogobius linearis
2001,23.615181978463365,23.03160652256778,24.21354408471222,9.130412107066848,0.012766734670237569,weighted,390.9275691538454,Crystallogobius linearis
2002,23.202423225567326,22.436290585266224,23.994717018502133,8.551572777097762,0.01713141647352411,weighted,223.03217743962472,Crystallogobius linearis
2003,22.044654041264245,21.456898380441913,22.64850973251516,8.985336037932122,0.01378797218420173,weighted,362.22512563259414,Crystallogobius linearis
2004,22.35833102345125,21.80841708340749,22.922111414246466,8.899289810993896,0.012705847918046227,weighted,327.6974606485992,Crystallogobius linearis
2005,21.264695743131487,20.898636277800207,21.63716708770587,10.102010615175338,0.008859506548954671,weighted,1147.0656989599113,Crystallogobius linearis
2006,22.741986464075936,22.211692636503663,23.284940810059087,9.622593017399355,0.012037973469184702,weighted,664.0650937263674,Crystallogobius linearis
2007,21.713510446693945,21.30557747151128,22.129254020414205,9.890799047859142,0.009676594381316862,weighted,909.4721532281184,Crystallogobius linearis
2008,21.77663665398559,21.279397106048776,22.28549528900462,9.024656911005797,0.011785088691800331,weighted,381.38876254236914,Crystallogobius linearis
2009,22.468652165869116,21.97025072331742,22.978359988173374,8.489841405596419,0.011445007382731435,weighted,216.5280943156262,Crystallogobius linearis
2010,22.41911677308985,21.141638882661077,23.773785924309347,7.171886304988556,0.0299339784290814,weighted,58.0887656421556,Crystallogobius linearis
2012,21.622859432839814,21.051963034386873,22.20923765107524,8.62327782488717,0.013651909317856774,weighted,257.1158503080024,Crystallogobius linearis
2013,20.954443658950595,20.492940456751455,21.426339962427196,8.901931422217649,0.011362592886999626,weighted,350.5771128877699,Crystallogobius linearis
2014,24.054004908139117,23.414488568148816,24.7109882599723,8.750452847766102,0.013748470283830493,weighted,262.4738192404954,Crystallogobius linearis
2015,19.338260910265475,18.762728223823856,19.931447632368197,7.684430252046228,0.015415182930322338,weighted,112.43156078797107,Crystallogobius linearis
2016,22.022289703800872,21.465890311905216,22.593111059044094,8.478081211595232,0.013056326959258074,weighted,218.3340223559576,Crystallogobius linearis
2017,18.889467026126972,18.504760513795322,19.282171431785578,8.700346534233907,0.010498377838379062,weighted,317.9016530226107,Crystallogobius linearis
2018,21.324618094862533,20.925162575449352,21.731699108768964,9.027490842426433,0.009648033732346914,weighted,390.5783768127929,Crystallogobius linearis
2019,20.164509103977416,19.771632987229104,20.565191942770966,8.61872270334349,0.010038883977728027,weighted,274.4581030588155,Crystallogobius linearis
2020,17.99728750303798,17.61253376339476,18.390446361567466,7.957531617449743,0.011025844453921055,weighted,158.7468135086306,Crystallogobius linearis
2021,18.796570685268826,18.45390234011474,19.145601998677904,8.691217772759657,0.009387206047261253,weighted,316.56966562447127,Crystallogobius linearis
2022,20.728601745000507,20.351869366306747,21.11230779685431,8.640034898275918,0.009358184690992604,weighted,272.74039941966896,Crystallogobius linearis
1993,11.643265191809618,10.863934176128941,12.478501998353465,2.454727917726659,0.03534728514066314,unweighted,NA,Pholis gunnellus
1994,11.379139977485536,10.692410888718188,12.109974819975541,2.431781852686462,0.031759576243252936,unweighted,NA,Pholis gunnellus
1995,11.324342033627136,10.611822295948336,12.084703165783084,2.4269545711053397,0.03315667076465477,unweighted,NA,Pholis gunnellus
1996,11.297973089580877,10.367605360894665,12.311830117912468,2.4246233370256434,0.04384634717950019,unweighted,NA,Pholis gunnellus
1997,10.729629874921313,9.93805027196613,11.58425990031018,2.373009061632126,0.03910184600820275,unweighted,NA,Pholis gunnellus
1998,13.810590657423942,13.265275103277563,14.378323315722232,2.625435736776234,0.020554464615671286,unweighted,NA,Pholis gunnellus
1999,13.0511579623913,12.08628713031343,14.093056231642965,2.568876862582476,0.03918712193970117,unweighted,NA,Pholis gunnellus
2001,16.10797638890585,15.436004930538838,16.809200600358377,2.779314577188894,0.021741120975447295,unweighted,NA,Pholis gunnellus
2002,11.628113650179495,10.868379084627438,12.440956099216308,2.4534257564861117,0.03447419710501823,unweighted,NA,Pholis gunnellus
2003,11.234041692296103,10.63029431139461,11.872078895216418,2.418948605363467,0.028184562043877776,unweighted,NA,Pholis gunnellus
2004,13.845118265958387,13.322409204673319,14.38833598739283,2.6279326987286145,0.019635656090338637,unweighted,NA,Pholis gunnellus
2005,12.998701980182467,12.340092280996675,13.69246269169331,2.5648495047981537,0.026529063063560492,unweighted,NA,Pholis gunnellus
2006,14.568709517681308,13.818670688367519,15.359458358700637,2.678876045088936,0.026967545995907057,unweighted,NA,Pholis gunnellus
2007,10.664083217049454,10.15823680177375,11.195119101801065,2.366881386395234,0.024794589503214358,unweighted,NA,Pholis gunnellus
2008,10.384398519319442,9.82666620056253,10.973786064074384,2.3403045374340388,0.028166235017092523,unweighted,NA,Pholis gunnellus
2009,12.80817066472388,12.382655933230797,13.248307686272828,2.5500833004591583,0.017238338199948754,unweighted,NA,Pholis gunnellus
2010,13.333578780490004,12.733233280560992,13.962229323713503,2.590285573813142,0.023505638272210645,unweighted,NA,Pholis gunnellus
2012,12.886708471221828,12.255790526135016,13.550105549546418,2.5561964291229926,0.025611648072492527,unweighted,NA,Pholis gunnellus
2013,15.67442000233525,15.119502477803632,16.249704166541978,2.752030084388497,0.01839044970722481,unweighted,NA,Pholis gunnellus
2014,13.49783070902302,12.74659030964826,14.293346645929219,2.6025289843121313,0.029217462983271828,unweighted,NA,Pholis gunnellus
2015,11.01128375524835,10.574144500592997,11.466494517054935,2.3989205429609157,0.02066809385765398,unweighted,NA,Pholis gunnellus
2016,13.319912682775838,12.667798094893843,14.005596911770114,2.589260109743597,0.025611143770631426,unweighted,NA,Pholis gunnellus
2017,10.898608143236304,10.387285222005387,11.43510136875638,2.388635087800544,0.024517085412633196,unweighted,NA,Pholis gunnellus
2018,14.489660342353504,13.71703059299873,15.305809476282139,2.6734353152264845,0.027958241001802598,unweighted,NA,Pholis gunnellus
2019,14.571392075074298,13.99459955449029,15.171957309590297,2.6790601595740573,0.020606832984883427,unweighted,NA,Pholis gunnellus
2020,11.921635609932158,11.393873312723253,12.473843768062148,2.47835486782234,0.023101998788806238,unweighted,NA,Pholis gunnellus
2021,13.248154365767563,12.594961111583876,13.935223185229383,2.5838582495804214,0.025797120654721187,unweighted,NA,Pholis gunnellus
2022,10.309678787683714,9.810657624202275,10.834082767602254,2.333083142129728,0.025313646110018902,unweighted,NA,Pholis gunnellus
1993,12.604560024834665,11.794963728809897,13.469726323244112,7.5444175105617335,0.03387103947793114,weighted,149.9585399179878,Pholis gunnellus
1994,12.318325023835321,11.618096541449138,13.060756626654843,7.449846041006454,0.02985976491730847,weighted,139.5967693685563,Pholis gunnellus
1995,12.6536543741136,11.931423860186321,13.41960279810427,6.613394896140515,0.02998548801325578,weighted,58.87690092899117,Pholis gunnellus
1996,12.796268036817375,11.79015916468059,13.8882328374835,5.169662056439559,0.04178054035942445,weighted,13.742709806929744,Pholis gunnellus
1997,11.894947327810263,11.066335363606028,12.785603118146906,5.781770984225067,0.03684050647717717,weighted,27.26645708590162,Pholis gunnellus
1998,14.991062432122108,14.513225755216324,15.484631510194076,7.972249100974654,0.016527768454409713,weighted,193.4066399795831,Pholis gunnellus
1999,14.164329033655507,13.168063452624285,15.23596979126593,6.712494140942597,0.03721104173912559,weighted,58.076864122918366,Pholis gunnellus
2001,16.900337260311968,16.283004352960194,17.541074934390956,6.895199315350296,0.018985905935655408,weighted,58.43211992691878,Pholis gunnellus
2002,13.057654432316163,12.2685684397163,13.897492613875716,5.986695207378753,0.03180360889814184,weighted,30.48761998323017,Pholis gunnellus
2003,12.371499734086058,11.755805960594504,13.019439601464072,6.3583222637863575,0.026045466253555128,weighted,46.66184677022777,Pholis gunnellus
2004,14.890559931335012,14.407893806636574,15.38939542756396,7.503807374356204,0.016812152350199727,weighted,121.88523726292664,Pholis gunnellus
2005,14.287081598959384,13.634008898832832,14.971436657401501,8.027586980683134,0.023872080821032305,weighted,214.48316198947202,Pholis gunnellus
2006,16.062955891717984,15.397484823765044,16.757188263698897,7.5621392300622015,0.021587933248474356,weighted,119.77601841241737,Pholis gunnellus
2007,11.337568926716793,10.861473086897949,11.834533689828026,6.60468065303993,0.021888129897967748,weighted,65.14130009240564,Pholis gunnellus
2008,11.014715749974691,10.452240537859318,11.607459913813686,5.30778540567664,0.02674325326740486,weighted,18.330259731074907,Pholis gunnellus
2009,13.784188318022347,13.435336912650438,14.142097724977766,7.224735108366931,0.013078731252306018,weighted,99.6050580724504,Pholis gunnellus
2010,15.168398323760291,14.628754008840286,15.727949733054132,6.741835895614325,0.018482564835250674,weighted,55.847328430828895,Pholis gunnellus
2012,14.224273902807758,13.60122939065119,14.875858810319704,6.293732716090346,0.022852333152881387,weighted,38.04549882996774,Pholis gunnellus
2013,17.13355126995403,16.6158006912643,17.667435026136346,7.109438129466486,0.015655651061657866,weighted,71.40725863394125,Pholis gunnellus
2014,14.595107895980371,13.864768066045572,15.363919070307551,5.544886519035474,0.02619203538439412,weighted,17.5350217170619,Pholis gunnellus
2015,11.96033950744739,11.546450446283146,12.389064656615325,5.892087569414721,0.017968731181130827,weighted,30.280121296338443,Pholis gunnellus
2016,14.74743885064218,14.138969762417776,15.382093342580275,6.315764587801342,0.0214976564791965,weighted,37.513285766448575,Pholis gunnellus
2017,12.215687535424227,11.76238648689578,12.686457984471526,5.977324255195644,0.019293280458569487,weighted,32.2850174285185,Pholis gunnellus
2018,15.687345277460858,14.92548667904123,16.48809229114409,6.6704691578259405,0.02540051112506107,weighted,50.28037308159209,Pholis gunnellus
2019,15.875332658053656,15.331435725215337,16.43852484013365,7.010833671973811,0.017786631061047838,weighted,69.83024131324929,Pholis gunnellus
2020,12.770425931538538,12.2544593647618,13.308116957151608,6.174654458075889,0.02104228616655247,weighted,37.61949629563878,Pholis gunnellus
2021,14.37753162284055,13.721867044991122,15.064525467854352,6.503093416080196,0.02381471772079856,weighted,46.40590583268792,Pholis gunnellus
2022,11.452669202917733,10.969592562713842,11.957019471925667,6.300237709679751,0.021988000177951557,weighted,47.56108518252631,Pholis gunnellus
1993,39.75327751652989,37.809315808628654,41.797187796389245,3.6826922909472937,0.025580454088598967,unweighted,NA,Pomatoschistus sp
1994,38.63043814736994,37.196858636572806,40.11926829730992,3.6540405187668563,0.019294337347606966,unweighted,NA,Pomatoschistus sp
1995,36.458454069374426,34.93893365872711,38.044059561522126,3.5961733676213123,0.021720594321672494,unweighted,NA,Pomatoschistus sp
1996,38.21450240590231,35.943344194829535,40.62916867765425,3.643215087699498,0.031261371011449005,unweighted,NA,Pomatoschistus sp
1997,37.970825849094965,36.40148081734521,39.607828673148155,3.636818124049188,0.021535430636334958,unweighted,NA,Pomatoschistus sp
1998,42.53636826222102,41.30559841713114,43.803810966914206,3.7503594338244484,0.014980575348107674,unweighted,NA,Pomatoschistus sp
1999,42.2663087339697,40.689638272500055,43.90407312130378,3.7439902848599558,0.019396689441000082,unweighted,NA,Pomatoschistus sp
2000,42.6123449698133,40.74031597354812,44.570394225841156,3.752143999318672,0.02292176440438663,unweighted,NA,Pomatoschistus sp
2001,43.7962485566925,42.05172254699161,45.61314665519716,3.7795481643236997,0.020739061945904042,unweighted,NA,Pomatoschistus sp
2002,39.71057340102812,38.18265179724465,41.29963650016148,3.681617484752535,0.020018844242207817,unweighted,NA,Pomatoschistus sp
2003,42.45405544995038,40.333913852643626,44.6856417339556,3.748422442939795,0.026138129821815848,unweighted,NA,Pomatoschistus sp
2004,43.7070079631439,41.740592179465274,45.766062371058496,3.77750845453374,0.023487352834534455,unweighted,NA,Pomatoschistus sp
2005,43.44127125122761,40.81498639046372,46.23654727871374,3.771409939728504,0.031817223562069945,unweighted,NA,Pomatoschistus sp
2006,41.90478729770552,39.58258533828375,44.36322649110924,3.735400075716618,0.02908768672039832,unweighted,NA,Pomatoschistus sp
2007,39.69587294082283,38.07561293468225,41.385081081613336,3.681247226138771,0.021262242433184208,unweighted,NA,Pomatoschistus sp
2008,43.151416037608556,40.67548003830779,45.778063449948824,3.7647152336215406,0.03014840030219495,unweighted,NA,Pomatoschistus sp
2009,41.55220963637859,39.078783654599874,44.182186961756194,3.726950700065025,0.03131230897984586,unweighted,NA,Pomatoschistus sp
2010,44.18401282830123,40.424913200026296,48.29266991747596,3.7883630229370033,0.04536652987656852,unweighted,NA,Pomatoschistus sp
2012,40.00050301568553,38.08621267204689,42.01100947698602,3.688892029427005,0.025020707164743566,unweighted,NA,Pomatoschistus sp
2013,44.18349813027032,41.75000998590805,46.75882730774255,3.7883513739038843,0.028904451240167314,unweighted,NA,Pomatoschistus sp
2014,41.79756814192139,39.86020493808197,43.82909484013875,3.7328381594153472,0.02421457923265818,unweighted,NA,Pomatoschistus sp
2015,40.47902194212926,38.95923429565166,42.05809603332643,3.7007838631786516,0.019524868059655847,unweighted,NA,Pomatoschistus sp
2016,41.182859661173374,38.10906336695943,44.50458185079294,3.718022142150549,0.039577260231491745,unweighted,NA,Pomatoschistus sp
2017,40.011405984145554,37.719307397431,42.442789098963004,3.689164563070154,0.03009875059888029,unweighted,NA,Pomatoschistus sp
2019,41.28862938192796,38.83895624137311,43.892809725463806,3.720587144431268,0.031206376822635946,unweighted,NA,Pomatoschistus sp
2022,37.628579514484485,34.94100047772344,40.52288076812773,3.627763855141435,0.03780830528776858,unweighted,NA,Pomatoschistus sp
1993,40.18120630331162,38.1793351998921,42.28804224945886,7.2657448063249195,0.02607444623238055,weighted,35.599992418951935,Pomatoschistus sp
1994,38.943553075433776,37.49205356001969,40.451247187920934,8.291896628223324,0.019380067950721273,weighted,102.49186069448382,Pomatoschistus sp
1995,35.917891026071324,34.47983583215211,37.41592338318887,8.735962768429182,0.020847752517039738,weighted,173.2485450060919,Pomatoschistus sp
1996,38.30894063451354,36.24845175916033,40.48655490969523,6.799816325784119,0.02820798546123752,weighted,23.4327125869008,Pomatoschistus sp
1997,37.50418843409266,36.18662520446633,38.8697244396895,7.900459354784635,0.01824678286236225,weighted,71.95254010548105,Pomatoschistus sp
1998,42.61134459832511,41.53439771512767,43.71621567575755,8.504528749309223,0.013060739188295784,weighted,115.86297308607512,Pomatoschistus sp
1999,42.43509146664612,40.89857549023694,44.0293327138615,7.78807469368687,0.01881688429508487,weighted,56.831971438795335,Pomatoschistus sp
2000,42.97969508788628,41.17559229403717,44.86284439228787,7.109497723065026,0.021879042926629937,weighted,28.467694731240627,Pomatoschistus sp
2001,44.25417054604359,42.73379674772016,45.82863587525241,7.39114144632554,0.017836815791767505,weighted,36.64187930935306,Pomatoschistus sp
2002,39.61309240833795,38.22209184314496,41.05471507397246,7.724092617735721,0.018238095864089646,weighted,57.10735615762611,Pomatoschistus sp
2003,42.627466022785995,40.58309126374061,44.774826237726295,7.000269904499728,0.02507560327735751,weighted,25.732920272899165,Pomatoschistus sp
2004,43.38110315307978,41.52447416380572,45.32074514307753,7.238715926574632,0.022317217620902115,weighted,32.09473479185852,Pomatoschistus sp
2005,43.75987481852515,41.09647303635696,46.59588774051017,6.9307497617225184,0.03203885089143488,weighted,23.383542530209667,Pomatoschistus sp
2006,41.59588094231827,39.35412833577482,43.96533183520333,6.941835418234381,0.02826596018974252,weighted,24.87427835275252,Pomatoschistus sp
2007,39.87902200739659,38.282488602836196,41.54213726190725,7.129753875118739,0.02084622306067973,weighted,31.3089329224342,Pomatoschistus sp
2008,43.63928937557991,41.19401520155944,46.2297148721135,6.479122374384347,0.029421404574428107,weighted,14.9268931780971,Pomatoschistus sp
2009,41.85025329543565,39.4346473905214,44.4138293807365,6.342850246584697,0.03033374315647853,weighted,13.582095217166088,Pomatoschistus sp
2010,43.939921731972305,40.304937189495064,47.90273491147052,5.8459448218600345,0.044056581668760635,weighted,7.870499554059083,Pomatoschistus sp
2012,40.04869175096325,38.27008990328464,41.90995409253044,7.147698661595805,0.023177649857753217,weighted,31.740791570901596,Pomatoschistus sp
2013,44.90599971435845,42.655047059515475,47.27573755884792,6.556941279172232,0.026238138320732768,weighted,15.679746840616843,Pomatoschistus sp
2014,42.2032624246431,40.45766194842845,44.024179191414675,7.532960199794639,0.021552173254055475,weighted,44.276881259528594,Pomatoschistus sp
2015,40.94340822234515,39.612077707859434,42.31948369951301,6.927333057292054,0.0168660046046196,weighted,24.90683419119067,Pomatoschistus sp
2016,41.28517621962813,38.20760241684431,44.61064467982199,6.0565425545223635,0.03952572337118766,weighted,10.340198314958586,Pomatoschistus sp
2017,40.202231635079144,37.93873096310958,42.60077729041908,6.4841025163814665,0.029566865730870775,weighted,16.28395079546287,Pomatoschistus sp
2019,41.59963409324477,39.174819561596195,44.174538033822174,6.376407184923107,0.030641986073875027,weighted,14.130220667581824,Pomatoschistus sp
2022,37.90845557502908,35.19438365725782,40.83182754608643,6.277608506226047,0.037902571349285576,weighted,14.047357738506701,Pomatoschistus sp
1993,37.21088824039022,32.6347931583927,42.428649598556454,3.6166014130865287,0.06695144404919959,unweighted,NA,Ammodytidae
1994,34.73178228724231,31.587089764013673,38.18954863713656,3.547655183816502,0.04842267471442304,unweighted,NA,Ammodytidae
1995,42.24331032635027,35.5902532750227,50.14005529937308,3.7434460057957994,0.08743741782239936,unweighted,NA,Ammodytidae
1997,29.41300704129715,25.51704677445775,33.903805203561994,3.38143699287802,0.07249636433247517,unweighted,NA,Ammodytidae
1998,33.068770251111694,30.3721912381347,36.0047636124383,3.4985893400643473,0.04339973227905834,unweighted,NA,Ammodytidae
1999,37.18244143932321,33.21458104223972,41.624307999866126,3.615836645530729,0.05757640390026321,unweighted,NA,Ammodytidae
2000,25.759227256286135,23.85045906548655,27.820755442027725,3.24879290297123,0.03928104720322283,unweighted,NA,Ammodytidae
2001,38.19809456885411,34.08199133361241,42.81130214513407,3.6427856339719717,0.058172753921316336,unweighted,NA,Ammodytidae
2002,31.387865310330174,29.03447482794908,33.932009949463946,3.446421363136171,0.03976473682259633,unweighted,NA,Ammodytidae
2003,29.34781909160164,26.411212643536,32.61094055233297,3.379218236583111,0.053791598256384326,unweighted,NA,Ammodytidae
2004,31.830475950781864,29.729325745096062,34.080127075213916,3.460424194081418,0.03484259769271908,unweighted,NA,Ammodytidae
2005,34.382258720783405,31.146738127954297,37.9538849264576,3.5375406964814387,0.050424993777428324,unweighted,NA,Ammodytidae
2006,33.347440437688206,29.992986914165503,37.07706027837954,3.5069810209212102,0.05409152257463842,unweighted,NA,Ammodytidae
2007,35.439346089213814,31.637987001456857,39.697445073646456,3.5678226743593693,0.057890938981683265,unweighted,NA,Ammodytidae
2008,33.46414227365541,31.696172950271265,35.33072651604984,3.5104744856744707,0.027693641122114247,unweighted,NA,Ammodytidae
2009,35.85495963389674,32.30459194387212,39.795522957912695,3.579481901518725,0.053201240824930524,unweighted,NA,Ammodytidae
2010,28.188240830663293,24.647757845852304,32.237290146096754,3.3389048991583516,0.06848032079453614,unweighted,NA,Ammodytidae
2012,30.14302852572125,27.586675690033772,32.9362689042919,3.4059536700920243,0.04521551390243318,unweighted,NA,Ammodytidae
2013,32.42016126231073,30.314517574931823,34.67206277243873,3.4787804904565016,0.03426275448449815,unweighted,NA,Ammodytidae
2014,32.502953476705414,30.051672275915806,35.154182935621094,3.48133096141302,0.04000719034523699,unweighted,NA,Ammodytidae
2015,32.92051855143295,30.009729667081444,36.11363893371055,3.494096127550938,0.04723274354224776,unweighted,NA,Ammodytidae
2016,33.605739840035454,30.524161685202458,36.99841986958258,3.514696880952103,0.04907147545124755,unweighted,NA,Ammodytidae
2017,28.97873526478764,27.714892327825158,30.300211439159696,3.3665622942834705,0.022751640718571147,unweighted,NA,Ammodytidae
2018,33.04537958644323,30.785474437763,35.47118022233957,3.4978817558119033,0.03614290201108744,unweighted,NA,Ammodytidae
2019,32.09980381014332,30.027902992845384,34.3146640940994,3.4688499182837513,0.03404290571722204,unweighted,NA,Ammodytidae
2020,32.065221785146015,30.5183702743616,33.69047687957219,3.4677720093130984,0.025226587490691496,unweighted,NA,Ammodytidae
2021,28.24642539954649,26.550001293739303,30.051243275844463,3.340966915056953,0.03160115141357092,unweighted,NA,Ammodytidae
2022,28.888259676744426,26.881787308295504,31.044496319390486,3.363435273021726,0.03672836236839587,unweighted,NA,Ammodytidae
1993,37.64296847256224,33.01227192517114,42.92322196540155,6.7456685159657095,0.06697409167955942,weighted,22.590339056728563,Ammodytidae
1994,35.39973849784708,32.1945408399475,38.92403659197524,6.868612000360628,0.04842310101087699,weighted,27.164407464770168,Ammodytidae
1995,42.791220797413644,36.05274029379649,50.789165051292265,6.777312642155592,0.08742511944284238,weighted,20.511376473919952,Ammodytidae
1997,29.860838933687642,25.972339248410393,34.331512972140516,6.523573482134294,0.07118283383888117,weighted,22.80604414365211,Ammodytidae
1998,33.66527361427103,30.98005416767271,36.58323647175444,6.2458010388502405,0.042410608929183795,weighted,15.322681617892854,Ammodytidae
1999,37.90712874425128,33.88402520691063,42.40790168401174,6.485490363127945,0.05724366279943799,weighted,17.29385394712863,Ammodytidae
2000,26.348321006766277,24.453354101343386,28.390134825613213,6.478502240447527,0.0380808862133926,weighted,24.707273807094523,Ammodytidae
2001,38.40922393526149,34.282257046350104,43.0330033788172,5.707719455499607,0.05799581279986782,weighted,7.841434723792352,Ammodytidae
2002,31.819521577629388,29.467393640890855,34.35939960513634,7.0159757169725605,0.039182166809061975,weighted,35.01917362847766,Ammodytidae
2003,29.980162573933406,27.02156161462224,33.26270186668644,5.985090090369421,0.05301158112900064,weighted,13.25737730153356,Ammodytidae
2004,31.921677373015267,29.815066302734934,34.177132995790224,6.536620545414867,0.034833024811763716,weighted,21.613869712346727,Ammodytidae
2005,35.05293054258356,31.774925481495398,38.66910530879907,6.41082435729524,0.05009364928375505,weighted,17.35646634513128,Ammodytidae
2006,33.680672491759395,30.341000466688005,37.387946410752875,6.000443857857128,0.05327863600849446,weighted,11.983368158009949,Ammodytidae
2007,35.556512412493774,31.749155181896256,39.82044774724344,5.866379627978524,0.057785354246154906,weighted,9.926979954172124,Ammodytidae
2008,33.58479011089993,31.869809890953867,35.392056954609046,7.2754045224545765,0.026742392387310066,weighted,43.005638424336205,Ammodytidae
2009,36.239173683399464,32.71025372928734,40.14880838664179,5.99053335787368,0.052272430533814224,weighted,11.027505791562861,Ammodytidae
2010,28.582668015527013,25.03599869435026,32.63176839317347,4.415498581312646,0.06759602973105529,weighted,2.8941691083671057,Ammodytidae
2012,30.834143674730896,28.333079349461382,33.5559860764665,6.127495846967021,0.043160299816440144,weighted,14.86297483625955,Ammodytidae
2013,33.07876512974455,31.00752322992738,35.28836193703842,6.620557353431796,0.03299125916404318,weighted,22.68413573319491,Ammodytidae
2014,33.03673710645489,30.656972629080176,35.60123211923816,6.901157225548982,0.03814358836260928,weighted,30.07027185298348,Ammodytidae
2015,33.46285837352666,30.515269742351403,36.69516605886698,5.696209331661482,0.047046228196339926,weighted,8.897525578253534,Ammodytidae
2016,34.00155372296781,30.917765930442965,37.39292347890878,6.084832079613535,0.04850867371407637,weighted,12.91547052474274,Ammodytidae
2017,29.98920666891216,28.958481351047315,31.056618809818886,7.966240219514033,0.017844415965150306,weighted,96.10128431916542,Ammodytidae
2018,33.85036834408052,31.658061971933524,36.19449093396119,7.073734825456079,0.03416238394080605,weighted,34.87551281828114,Ammodytidae
2019,32.62211763899498,30.55257833056957,34.831841284819895,6.410873372440547,0.03344012180725778,weighted,18.650684707050345,Ammodytidae
2020,32.64492394279825,31.16538041650428,34.19470723568397,7.114466345917743,0.023664464479215427,weighted,37.66672094680603,Ammodytidae
2021,28.45626450863504,26.83503550023976,30.175439483885466,6.78750606124028,0.029929122108910088,weighted,31.160078220401697,Ammodytidae
2022,29.075354089916306,27.064822917728577,31.23523911550358,6.552640938819152,0.036559875600049405,weighted,24.112974629231584,Ammodytidae
1993,15.516766511094191,13.674748580606932,17.606908203143583,2.7419211496912475,0.06447576990158783,unweighted,NA,Chirolophis ascanii
1994,14.683130919711411,12.981676863142246,16.607587438684725,2.6866992783553663,0.0628380869094442,unweighted,NA,Chirolophis ascanii
1995,17.74176562876735,15.635200095559203,20.13215345517153,2.8759215000442477,0.06448930301180031,unweighted,NA,Chirolophis ascanii
1996,12.23557559061964,10.92937882648143,13.6978791210922,2.5043477403830576,0.05759966646224489,unweighted,NA,Chirolophis ascanii
1997,13.553592681135946,11.435037093644349,16.064650517683344,2.606651654700902,0.08672076869927879,unweighted,NA,Chirolophis ascanii
1998,16.88550678582681,15.65767595660849,18.209620648961334,2.8264556673537666,0.03851825581834711,unweighted,NA,Chirolophis ascanii
1999,15.488453024069738,13.936576713173382,17.21313504858477,2.740094780110951,0.05386730506908167,unweighted,NA,Chirolophis ascanii
2001,19.14061855074806,17.604769442414362,20.810455922392165,2.951812702678589,0.04267570575756389,unweighted,NA,Chirolophis ascanii
2002,12.791347757245813,11.242850761498113,14.553121883207776,2.5487689858988247,0.06583618277736498,unweighted,NA,Chirolophis ascanii
2003,13.87420014744003,12.098422458640668,15.910622264123905,2.630031010939495,0.0698767646934558,unweighted,NA,Chirolophis ascanii
2004,15.798676198348621,14.344007309844086,17.40086743046844,2.759926151608125,0.04928351054277816,unweighted,NA,Chirolophis ascanii
2005,15.978818044620846,13.7362902106744,18.587451356021212,2.771263972935577,0.0771558676657667,unweighted,NA,Chirolophis ascanii
2006,15.63433143687342,13.732361765981556,17.7997291102196,2.749469229322271,0.06618183311333511,unweighted,NA,Chirolophis ascanii
2007,14.40545856635441,12.736842504696687,16.292675082574977,2.667607201862115,0.06281157433628856,unweighted,NA,Chirolophis ascanii
2008,14.164094558229095,12.27759322185776,16.34046437515857,2.650710210182548,0.07292700248845256,unweighted,NA,Chirolophis ascanii
2009,14.480870442512565,13.451734476060583,15.5887412991997,2.6728284985840185,0.037613162335647446,unweighted,NA,Chirolophis ascanii
2010,15.024913515753987,13.504567173011408,16.71642069410706,2.709709724381676,0.05443048335604775,unweighted,NA,Chirolophis ascanii
2012,14.874001107913571,13.522687162612431,16.36035103806054,2.699614796767698,0.048595786464525004,unweighted,NA,Chirolophis ascanii
2013,17.576737632226195,16.178383955949037,19.095955852779348,2.866576302352911,0.0422968357979459,unweighted,NA,Chirolophis ascanii
2014,14.108281943300135,12.430756451865786,16.012188812674662,2.6467619968140457,0.06458702159502631,unweighted,NA,Chirolophis ascanii
2015,14.254484540441885,13.040356135462712,15.581654933574166,2.657071561797969,0.04542057679266493,unweighted,NA,Chirolophis ascanii
2016,14.637123385802212,12.647073360036373,16.940312980882553,2.683560999185636,0.07456012807853642,unweighted,NA,Chirolophis ascanii
2017,12.263200505409408,11.201213564086562,13.425874417575864,2.506602949083261,0.04621555468889507,unweighted,NA,Chirolophis ascanii
2018,14.900810115392703,13.519159947511843,16.423664115006943,2.7014155816339938,0.04964767096584507,unweighted,NA,Chirolophis ascanii
2019,12.623030469319197,11.556140006527823,13.788418809338804,2.5355229605616163,0.04505494143975253,unweighted,NA,Chirolophis ascanii
2020,13.948980219567735,12.700391847073599,15.320318578259096,2.6354064030553066,0.047844530157762764,unweighted,NA,Chirolophis ascanii
2021,14.374757047350368,13.316287312414948,15.517361207556835,2.665473685486702,0.039024079079746754,unweighted,NA,Chirolophis ascanii
2022,12.586990888057523,11.48579029190361,13.79376913469532,2.53266381139217,0.04671165774081722,unweighted,NA,Chirolophis ascanii
1993,16.670100638174038,14.8072722285784,18.767282116317936,5.694859346465241,0.06045943082496958,weighted,17.836423179682132,Chirolophis ascanii
1994,15.625478002942875,13.920373333235801,17.53944071582581,5.415774965577036,0.0589548143697157,weighted,14.39487410432795,Chirolophis ascanii
1995,19.507860469500816,17.400140807653564,21.870893132664882,5.804215858093203,0.05833739174119083,weighted,17.003145778761322,Chirolophis ascanii
1996,13.446375647003725,12.031769984962429,15.027300078567729,4.9202742460150155,0.056714792671568696,weighted,10.191608085129863,Chirolophis ascanii
1997,14.975275555287682,12.779336132855645,17.54855460607439,5.062208366598499,0.08090508003701528,weighted,10.546645230736727,Chirolophis ascanii
1998,18.22964612426923,17.083860906757888,19.45227718897126,6.636504007166518,0.033120488983327596,weighted,41.82335143803008,Chirolophis ascanii
1999,16.75200641007442,15.234748385056722,18.420371093127812,6.069033396392051,0.04843922684620188,weighted,25.803634642424925,Chirolophis ascanii
2001,20.13676446354373,18.59854987463931,21.802198869985904,5.858390786186921,0.04054340222753487,weighted,17.389099842004427,Chirolophis ascanii
2002,14.042464009661984,12.489164467838869,15.788950171201812,5.064244434430603,0.0598094952650742,weighted,11.270160304670842,Chirolophis ascanii
2003,14.832389696918902,13.02589288252426,16.8894206412845,5.101692289805644,0.06626353689945053,weighted,11.07708995367367,Chirolophis ascanii
2004,16.99974209821494,15.532246108292634,18.60588799526743,5.630225588162204,0.0460620281671115,weighted,16.395836242032967,Chirolophis ascanii
2005,17.21120721936904,14.918558522687384,19.856184731090217,5.103394068192339,0.07293745136820998,weighted,9.56234809980907,Chirolophis ascanii
2006,17.48143969225078,15.596862350693236,19.593731536664993,5.451550259950713,0.058200031904890086,weighted,13.335245009193113,Chirolophis ascanii
2007,15.312826472289744,13.656742226382073,17.16973570149727,4.772144213280306,0.058397742987318244,weighted,7.7172138957311756,Chirolophis ascanii
2008,15.155275637841083,13.213641709562932,17.382216402365017,4.2553693991956,0.06994972385062168,weighted,4.650713742991906,Chirolophis ascanii
2009,15.682988295899742,14.74740102094779,16.677929998646025,6.156789962001484,0.0313830825740745,weighted,30.090616685815313,Chirolophis ascanii
2010,16.573682035799347,15.036197368883744,18.268377933919766,5.567125089901009,0.04967211971997687,weighted,15.788930167560903,Chirolophis ascanii
2012,16.021706034089714,14.624118985278955,17.55285665421507,5.569488678799719,0.046568344991321314,weighted,16.371536518291393,Chirolophis ascanii
2013,18.76630102323582,17.338607300331777,20.31155374791623,5.908036745118751,0.0403717171782077,weighted,19.608712494514613,Chirolophis ascanii
2014,15.19631635218697,13.436718913428228,17.18634081456916,4.4005646473707865,0.06278782537642368,weighted,5.362936041988732,Chirolophis ascanii
2015,15.165390305245497,13.974791803379194,16.45742321934422,4.891373471157571,0.0417154384236305,weighted,8.77895687031952,Chirolophis ascanii
2016,16.090697970024056,13.962202844071872,18.543675668805047,4.429724326687595,0.07239289015650077,weighted,5.214707441765029,Chirolophis ascanii
2017,13.422311139261517,12.457530389765694,14.461809899910039,5.341023332523157,0.03805837387771828,weighted,15.550689831051171,Chirolophis ascanii
2018,16.100806277512888,14.703893839946666,17.630429436434156,5.918185835894291,0.04630544490689043,weighted,23.08808043359873,Chirolophis ascanii
2019,13.50260657077446,12.454138219134546,14.6393416386695,5.4985961208775596,0.041240447273380436,weighted,18.09640635712248,Chirolophis ascanii
2020,14.821633615921607,13.551330650664328,16.211014896448415,5.146603463144608,0.04571670678066091,weighted,11.59432343003982,Chirolophis ascanii
2021,15.435747467058318,14.381180996843408,16.567644890853863,6.0448410854439345,0.0361055649207534,weighted,27.33464654855027,Chirolophis ascanii
2022,13.593246302225714,12.513001688107256,14.766748190291555,5.9012602384405914,0.04224814120823208,weighted,26.888190207586796,Chirolophis ascanii
1993,6.588239122285746,5.571226563311797,7.790904613043516,1.8852861082999388,0.08554793408073709,unweighted,NA,Agonus cataphractus
1994,7.0257203037477725,6.134646080450259,8.046225509861983,1.9495777443048432,0.06919788193761728,unweighted,NA,Agonus cataphractus
1998,9.957175555218337,8.875259857476848,11.170979399990628,2.298293452587098,0.05868773041028766,unweighted,NA,Agonus cataphractus
2003,7.377770547132138,6.465205201237301,8.419144721920572,1.9984714990882975,0.06736692514713732,unweighted,NA,Agonus cataphractus
2004,10.270103841912917,9.263026961526174,11.386670184785515,2.329237135078533,0.0526572197020147,unweighted,NA,Agonus cataphractus
2005,8.019369799432214,6.863927275467613,9.369314300560426,2.081859840166549,0.0793790469264328,unweighted,NA,Agonus cataphractus
2006,8.638529236824953,7.499840094465808,9.95010379361892,2.1562323411063327,0.07211899945315627,unweighted,NA,Agonus cataphractus
2007,8.971340005423025,7.961600306719127,10.109141176677635,2.1940350523631236,0.060922052699719134,unweighted,NA,Agonus cataphractus
2009,8.431139614135972,7.794166698784452,9.120168703107016,2.131931948421028,0.040080508754989815,unweighted,NA,Agonus cataphractus
2013,8.975100927246316,8.186777639829698,9.839333642379637,2.194454179686748,0.046905866913453935,unweighted,NA,Agonus cataphractus
2015,8.474919230276036,7.711222493347034,9.314250240045586,2.1371111228701896,0.04818169576618525,unweighted,NA,Agonus cataphractus
2017,8.417754140073821,7.298799984420904,9.708251344601274,2.130343063468289,0.07277333443246488,unweighted,NA,Agonus cataphractus
2019,8.53821659516225,7.724506893601879,9.437643545413525,2.144552156386246,0.05110000437419773,unweighted,NA,Agonus cataphractus
2022,8.242377057322173,7.326850602016035,9.272303100649772,2.1092887801500124,0.06007407083536512,unweighted,NA,Agonus cataphractus
1993,6.8206267760746915,5.8921368229578635,7.895429284202093,4.4866797992476934,0.07466088728531076,weighted,13.023148514869236,Agonus cataphractus
1994,7.238681639391018,6.431005845405775,8.147794160984851,5.352704559430376,0.06036240494654743,weighted,29.173637134779153,Agonus cataphractus
1998,10.272112961923762,9.44362047041458,11.173289421476497,4.967882080381208,0.04290553988921536,weighted,13.991490682360844,Agonus cataphractus
2003,7.523042348412508,6.723401047950273,8.417788225389614,5.154009233151997,0.05733599689046751,weighted,23.01252445858201,Agonus cataphractus
2004,10.61454559879256,9.770215511657097,11.531841660444302,4.3580505407838395,0.04228994160506698,weighted,7.358272967174196,Agonus cataphractus
2005,8.27727179265737,7.211901938116517,9.500022174097188,5.15913016700736,0.07029757349842318,weighted,21.022993063726627,Agonus cataphractus
2006,9.047804493805106,8.101390469239782,10.104779725029307,4.401982450558315,0.05637165885042603,weighted,9.020144191021416,Agonus cataphractus
2007,9.281870089458366,8.423488403741608,10.227723744394742,3.8405929319869494,0.04951060495727572,weighted,5.015483799404018,Agonus cataphractus
2009,8.753500573581567,8.333707722122018,9.194439599590616,4.8708330065389225,0.025074554664731828,weighted,14.9002698067361,Agonus cataphractus
2013,9.256921996604177,8.593129090832937,9.97199087147756,4.812659174840405,0.03796429689812449,weighted,13.293664644391741,Agonus cataphractus
2015,8.69111292179685,8.18948457793333,9.223467374608088,3.880810069461978,0.03033220916832439,weighted,5.576208522182521,Agonus cataphractus
2017,8.732692746127993,7.989114832000927,9.545478341707183,3.7169910228825658,0.045405834632701564,weighted,4.711080339421745,Agonus cataphractus
2019,8.804064710957835,8.207587936110277,9.443889732050456,4.816627576982079,0.035793733923129505,weighted,14.033033179649435,Agonus cataphractus
2022,8.482117595334174,7.760600736767593,9.270715160002458,3.880975811507885,0.045358174962051065,weighted,5.714550699792352,Agonus cataphractus
1993,24.589911871158996,20.400174583813076,29.640127016910363,3.202336272291585,0.0953042070779766,unweighted,NA,Microstomus kitt
1994,27.738959687030626,24.79240008545263,31.035715859159517,3.322837911913473,0.057297355849606456,unweighted,NA,Microstomus kitt
1995,23.015677133176695,20.69047693316997,25.602183826386756,3.136175598221444,0.05433878182663253,unweighted,NA,Microstomus kitt
1998,27.174457996176915,23.52574930510596,31.389060463451944,3.3022774878654784,0.07356357188163772,unweighted,NA,Microstomus kitt
1999,24.20205361064822,22.13523037931888,26.46186142792312,3.1864374895063805,0.04554523254515276,unweighted,NA,Microstomus kitt
2000,29.46316360856509,25.298797640943476,34.31301448177049,3.383140791846185,0.07774832727406249,unweighted,NA,Microstomus kitt
2001,28.094505483105387,24.570103297688647,32.12445746674941,3.335574022811294,0.06839086489559545,unweighted,NA,Microstomus kitt
2002,29.945720318709903,26.481931684098598,33.862566224534795,3.399386420151106,0.06271734782744748,unweighted,NA,Microstomus kitt
2003,27.164952867759002,23.365900973371904,31.581690992721754,3.3019276449664208,0.07686361072642546,unweighted,NA,Microstomus kitt
2006,31.94655016189469,27.780809698283942,36.73694461502669,3.4640641988401684,0.0712863686446978,unweighted,NA,Microstomus kitt
2008,28.182475397524634,25.348054845262833,31.3338409744097,3.338700344966227,0.05408178448761138,unweighted,NA,Microstomus kitt
2009,25.739254388818914,22.520084298678846,29.418593985067826,3.248017234725076,0.06816946088494506,unweighted,NA,Microstomus kitt
2012,21.613430534477452,18.936899027367943,24.668261619474382,3.0733149054661246,0.0674515237378391,unweighted,NA,Microstomus kitt
2014,24.489660887887837,21.27546921087786,28.189436597577025,3.1982510239056845,0.07178514311175506,unweighted,NA,Microstomus kitt
2015,21.378357031379792,19.116939550440165,23.907286422874233,3.062379056590759,0.05704402122425472,unweighted,NA,Microstomus kitt
2016,29.641965011682142,25.440676223330954,34.53705719300047,3.3891910941711005,0.07798193035804246,unweighted,NA,Microstomus kitt
2017,23.306754946655253,21.502016052172117,25.262971845310513,3.148743230428944,0.04112143409711133,unweighted,NA,Microstomus kitt
2018,19.934177726462742,17.35823325876248,22.892389778758684,2.992435732250615,0.0705976232713762,unweighted,NA,Microstomus kitt
2019,19.506411300050573,18.02534980293789,21.10916492420715,2.970743196149861,0.0402885498136671,unweighted,NA,Microstomus kitt
2020,19.672611594939045,17.25358495646988,22.43079614710481,2.979227394047285,0.06694380592384236,unweighted,NA,Microstomus kitt
2021,14.105490395696256,12.999048373323854,15.306109615792131,2.646564111357294,0.041678295760286393,unweighted,NA,Microstomus kitt
2022,23.243808126732038,20.632187432813463,26.186007566656777,3.146038779434856,0.060810518595693565,unweighted,NA,Microstomus kitt
1993,23.84229392845607,19.814093789123188,28.689426113595104,5.383405679347905,0.09442396331870914,weighted,9.13346024391529,Microstomus kitt
1994,26.926847865098207,24.16459138008081,30.00485812260897,6.606081106100706,0.05522318575801625,weighted,27.46623014456269,Microstomus kitt
1995,21.621456393507415,19.58114203780796,23.87436726998363,7.112800541192982,0.050571955312670204,weighted,56.776037856891215,Microstomus kitt
1998,26.274936629733862,22.768295034193965,30.321650956284284,5.606124220977045,0.07308629471499026,weighted,10.355406143260852,Microstomus kitt
1999,23.27889782921505,21.375494298453727,25.351791943460903,6.688468137544465,0.0435222987157607,weighted,34.49867301305531,Microstomus kitt
2000,28.703848518304138,24.656042779768754,33.41618633294233,5.681101141212674,0.07755713678804244,weighted,10.217173007083105,Microstomus kitt
2001,27.404985619916374,24.00786701862722,31.28279726995787,5.82058127070239,0.06752337580613259,weighted,12.303162177384625,Microstomus kitt
2002,28.785332013888375,25.52835224468504,32.457846523263115,5.9304630266548095,0.06126452630210761,weighted,13.073628038689833,Microstomus kitt
2003,26.344678193680483,22.72830318013695,30.536466520524538,5.600899374687401,0.07533572336423053,weighted,10.274171106029192,Microstomus kitt
2006,30.926548424818325,26.96661416195866,35.46798243666359,5.962611312165228,0.0699071003648603,weighted,12.56601973911335,Microstomus kitt
2008,27.194415742870262,24.5364572576019,30.140302645645654,6.23008144083131,0.052476263153061975,weighted,18.672834967654044,Microstomus kitt
2009,24.615944091110336,21.657304289945127,27.97876852005044,5.387415201301727,0.06533364369904986,weighted,8.881947397900944,Microstomus kitt
2012,21.172354657000945,18.53454778006685,24.185569944356793,5.8676897386702445,0.0678889346896435,weighted,16.6930661664001,Microstomus kitt
2014,23.52016212260184,20.440284687711298,27.064105746338114,5.914992178587197,0.07160862335878115,weighted,15.754627987934626,Microstomus kitt
2015,20.52135286478306,18.39569588054315,22.892633479897803,5.254840970711682,0.05579144839347608,weighted,9.331306372061613,Microstomus kitt
2016,29.044775302252663,24.919314692545914,33.85321718380526,5.273124119577812,0.07816236583285231,weighted,6.714608354895269,Microstomus kitt
2017,23.02749038763016,21.274049125040058,24.92545309243763,6.47932900203151,0.04040929225713467,weighted,28.293731138804986,Microstomus kitt
2018,19.214613905523972,16.808540263056578,21.96510712770349,5.5694313199755925,0.06825840946352635,weighted,13.650282120010086,Microstomus kitt
2019,18.592079335665083,17.270093719819688,20.015259884025326,6.1712482015731,0.03763300221375323,weighted,25.752006688374856,Microstomus kitt
2020,19.069256301956592,16.76651944234262,21.688254211626894,4.625697724257554,0.0656611110808692,weighted,5.352802757995893,Microstomus kitt
2021,13.429323782560859,12.436647808302073,14.50123377591062,5.874237509055779,0.03918086066893704,weighted,26.490782731875008,Microstomus kitt
2022,22.484671333517646,19.9742393820594,25.310623113408678,5.781200709627815,0.06040437042390801,weighted,14.416406620402734,Microstomus kitt
1994,71.22860433530765,61.64355595464437,82.30404617294892,4.265894484021911,0.07373900097040127,unweighted,NA,Syngnathus rostellatus
1998,68.94661292559779,62.48777865104869,76.07304238574386,4.2333324794010565,0.05018535245470432,unweighted,NA,Syngnathus rostellatus
1999,69.23506903759115,64.33556499551133,74.50769702534603,4.2375075122548935,0.03744707767555904,unweighted,NA,Syngnathus rostellatus
2000,64.71505814853347,58.050143102139394,72.14519254154473,4.16999391242654,0.055453436894684044,unweighted,NA,Syngnathus rostellatus
2001,71.07870341423624,64.25804898820155,78.62333448649504,4.2637877619022415,0.05147072634399492,unweighted,NA,Syngnathus rostellatus
2003,61.15854558403991,58.573192746656424,63.85801289905961,4.113469600268616,0.0220373794391158,unweighted,NA,Syngnathus rostellatus
2004,60.04066284503744,57.27823769728201,62.93631472957344,4.0950220467615726,0.024031712527410837,unweighted,NA,Syngnathus rostellatus
2005,69.10274876280688,63.32726679429161,75.40495790047336,4.235594509473134,0.044530674397930105,unweighted,NA,Syngnathus rostellatus
2006,61.71161254533325,55.63949071084753,68.44640513941405,4.12247212301301,0.05284735337405057,unweighted,NA,Syngnathus rostellatus
2007,76.35466888710296,70.39619789413403,82.8174764442062,4.335389180903082,0.04145480581480631,unweighted,NA,Syngnathus rostellatus
2008,60.06107229486593,56.407398589824446,63.951405230374355,4.09536191612318,0.03202180552653387,unweighted,NA,Syngnathus rostellatus
2009,60.25811812769659,54.36679103771407,66.78784476671785,4.0986373040027075,0.05249269691880776,unweighted,NA,Syngnathus rostellatus
2012,71.95810204419062,65.77303337811279,78.72479318439366,4.276084033584288,0.04585497848141817,unweighted,NA,Syngnathus rostellatus
2013,71.26479860694229,66.4168393116544,76.46662462597608,4.266402497328713,0.03594549158195799,unweighted,NA,Syngnathus rostellatus
2014,73.97696951283001,67.78272587226517,80.73726672803247,4.303753821964709,0.044616350512195486,unweighted,NA,Syngnathus rostellatus
2015,75.71722130387045,72.000823873861,79.62544445356858,4.327005628677154,0.025678057061779076,unweighted,NA,Syngnathus rostellatus
2016,63.12799937546697,59.52333256304715,66.9509608005884,4.145164401325611,0.029998521498034853,unweighted,NA,Syngnathus rostellatus
2018,61.341368483677414,56.341000182463105,66.78552874930153,4.116454468246137,0.04338444686169182,unweighted,NA,Syngnathus rostellatus
2019,61.13349320789922,55.213871185548676,67.6877732271458,4.113059886329121,0.0519630339251564,unweighted,NA,Syngnathus rostellatus
2020,52.877037822448116,49.25902027915952,56.760794531261354,3.9679691770010503,0.036162232488006645,unweighted,NA,Syngnathus rostellatus
2021,64.57119671131927,58.24961615349917,71.57883124490637,4.167768440016566,0.05256777065530893,unweighted,NA,Syngnathus rostellatus
2022,48.743600925569005,44.168315366495584,53.792828897283,3.886573925762855,0.050289822377424916,unweighted,NA,Syngnathus rostellatus
1994,72.00828316998306,62.349748379871926,83.16301155695406,6.323442202835248,0.07348171754795987,weighted,7.742007697512492,Syngnathus rostellatus
1998,69.83200019965598,63.34745046116688,76.98033964088481,7.211658370310458,0.049724229827198776,weighted,19.405683945109327,Syngnathus rostellatus
1999,70.86878947098498,65.96916510608503,76.13231595407173,7.65334446823901,0.03655306667244972,weighted,29.740636309280045,Syngnathus rostellatus
2000,65.44813259363447,58.70250555672957,72.96891366680185,6.844622077969683,0.05549874945759384,weighted,14.344464488026485,Syngnathus rostellatus
2001,71.40467246263515,64.56347427935239,78.9707695629193,7.0166964749639735,0.051385878211178494,weighted,15.616579948964594,Syngnathus rostellatus
2003,61.85281283360255,59.37160389980649,64.43771439769269,8.688399906470256,0.020888910815399127,weighted,95.93226124294033,Syngnathus rostellatus
2004,60.705599291826815,57.99636843305964,63.54138862389859,8.556822409793767,0.0232940728212829,weighted,85.69431356893828,Syngnathus rostellatus
2005,70.07080499691244,64.2740340931631,76.39037726803592,7.728570599649479,0.044057189901469895,weighted,32.4293659525573,Syngnathus rostellatus
2006,62.87556496737156,56.79565259341441,69.60632529864729,6.787766658921592,0.05188760140326541,weighted,14.106124220684446,Syngnathus rostellatus
2007,77.73354719316629,71.70086690336373,84.27379779628207,7.27559596675345,0.041217124092732545,weighted,18.584149681386197,Syngnathus rostellatus
2008,61.35842555219283,57.685285253194984,65.26545495474458,7.674141904982327,0.031495669637859526,weighted,35.0722215195021,Syngnathus rostellatus
2009,61.19354358702944,55.20299585074863,67.83417673312539,6.500028605118126,0.052564467180486164,weighted,10.86978496065494,Syngnathus rostellatus
2012,72.88237115302425,66.65234897726486,79.69471603617534,7.365905334675084,0.04559088773277536,weighted,21.69449511922302,Syngnathus rostellatus
2013,72.38415669202608,67.52672501591888,77.591000285896,7.873226814493438,0.03544146733815979,weighted,36.279011166604626,Syngnathus rostellatus
2014,75.06848838846159,68.75619106025765,81.96029858591002,7.803117569107204,0.044814135244467757,weighted,32.61318628148545,Syngnathus rostellatus
2015,76.30448268297718,72.56033727986811,80.24182764007338,7.943491476488748,0.02567048866001948,weighted,36.92023553298357,Syngnathus rostellatus
2016,64.3786187460224,60.71615334703588,68.26200810114473,7.746978539873077,0.029884115723776066,weighted,35.95244054037575,Syngnathus rostellatus
2018,62.62788978304045,57.54539261552129,68.15928088079016,7.273687640233936,0.04318274728236488,weighted,23.022613709328464,Syngnathus rostellatus
2019,61.819389631205546,55.855992468777934,68.41946164524778,6.524450615710283,0.05175617950282068,weighted,11.02575117035548,Syngnathus rostellatus
2020,53.719097994201235,50.053188144160934,57.65350013268311,6.7957890653694255,0.036063100281515735,weighted,16.643512231584687,Syngnathus rostellatus
2021,65.45676354228694,59.07664483366427,72.5259179070598,6.68900327947166,0.052324512628746274,weighted,12.275598785445062,Syngnathus rostellatus
2022,49.038079402361056,44.44385934580933,54.10721001435747,6.771054506309334,0.05018986204414685,weighted,17.78681369913041,Syngnathus rostellatus
1994,7.14687907861463,6.331285268286062,8.067537379841793,1.9666757689138838,0.06182384490796004,unweighted,NA,Myoxocephalus scorpius
1999,8.350653644206286,7.363625805233775,9.469983691448848,2.1223398165422545,0.06417840813328755,unweighted,NA,Myoxocephalus scorpius
2003,7.690163966870756,6.860177050083223,8.620567866632532,2.0399421053800655,0.05827089468283693,unweighted,NA,Myoxocephalus scorpius
2004,8.637112094809327,7.814324841188327,9.546532407393133,2.1560682786565977,0.051077321821782797,unweighted,NA,Myoxocephalus scorpius
2005,7.823498946926567,6.992815431378884,8.752860185313363,2.057131890156089,0.057270764160609715,unweighted,NA,Myoxocephalus scorpius
2006,7.833199541881501,6.828183376735559,8.986140482399772,2.0583710525763346,0.0700586299068772,unweighted,NA,Myoxocephalus scorpius
2007,8.072552311385994,7.424521707136923,8.77714462837674,2.0884697038257656,0.04269539563947163,unweighted,NA,Myoxocephalus scorpius
2008,6.963916587764939,6.275188158608063,7.728235873664209,1.9407420442013754,0.05313290194052857,unweighted,NA,Myoxocephalus scorpius
2009,7.921416044154807,7.385598449483114,8.496106655918275,2.0695699832985794,0.035734347843815115,unweighted,NA,Myoxocephalus scorpius
2010,7.9858045991803825,7.235248595976365,8.814220306370093,2.0776655404203708,0.05035848694951741,unweighted,NA,Myoxocephalus scorpius
2013,9.074438363078608,8.472219911730676,9.719463430274853,2.205461489869757,0.03503580931787541,unweighted,NA,Myoxocephalus scorpius
2015,6.538352485135147,5.828136032784492,7.3351158894361594,1.8776852201456515,0.05866842031059006,unweighted,NA,Myoxocephalus scorpius
2016,7.945245841860238,7.0980612999365515,8.893545549988652,2.0725737424753725,0.05752761425776854,unweighted,NA,Myoxocephalus scorpius
2017,7.191845084159598,6.6762051676153895,7.747310697616694,1.9729477569150267,0.03795887070229749,unweighted,NA,Myoxocephalus scorpius
2019,8.06296657213593,7.562177243809679,8.596919623458852,2.0872815498597292,0.032716114389762935,unweighted,NA,Myoxocephalus scorpius
2020,6.559030762492363,6.19033649931974,6.949684326215345,1.8808428424198809,0.02951758088065384,unweighted,NA,Myoxocephalus scorpius
2022,6.048068807815875,5.5493478394303235,6.591609926515333,1.7997390157661979,0.04390825647820242,unweighted,NA,Myoxocephalus scorpius
1994,7.504140376925914,6.754857189237989,8.33653787474999,4.054143988879837,0.053670929469115024,weighted,7.680533957081747,Myoxocephalus scorpius
1999,8.849460126806402,7.955155396500857,9.844301039095098,4.688135719460168,0.05435623273483192,weighted,12.277634390134471,Myoxocephalus scorpius
2003,8.336308607267402,7.51832333606891,9.24328977209655,4.464997140766789,0.05269349523386702,weighted,10.426771021509177,Myoxocephalus scorpius
2004,9.255076046826336,8.397361740047177,10.200398087418508,3.9724198615005406,0.04962059795249847,weighted,5.738786051460404,Myoxocephalus scorpius
2005,8.361441506111547,7.633459129245999,9.15884959575735,5.71144138379862,0.046475210943405745,weighted,36.15482974573026,Myoxocephalus scorpius
2006,8.66568024839544,7.75339105711891,9.685312350972163,4.340421905325994,0.05675620717388463,weighted,8.855612864320062,Myoxocephalus scorpius
2007,8.351049100785659,7.839811636255808,8.895624578684375,4.5169414742623895,0.032231390064133204,weighted,10.963310649630982,Myoxocephalus scorpius
2008,7.238462886112301,6.585677003121803,7.955954251747889,3.0228880051544356,0.04822115929392628,weighted,2.839077370489115,Myoxocephalus scorpius
2009,8.38412659969754,8.009443067251798,8.776337911329337,4.904988814116562,0.023326448342176606,weighted,16.097252198069512,Myoxocephalus scorpius
2010,8.809361681550193,7.95494634028568,9.75554704163823,3.9747015172182527,0.05205252132925007,weighted,6.042915134935008,Myoxocephalus scorpius
2013,9.563646905780164,8.964094345046448,10.203299811205254,4.478836867132334,0.03303226465637208,weighted,9.215323877836958,Myoxocephalus scorpius
2015,7.006932495502888,6.282097705875973,7.8153994565559275,2.1768998033211386,0.05571329985390925,weighted,1.258599742911057,Myoxocephalus scorpius
2016,8.532020599568568,7.735671124432991,9.41035035493422,3.374924071289222,0.04999274010874181,weighted,3.4249876172077,Myoxocephalus scorpius
2017,7.894654217926277,7.466840386684047,8.346979712030425,4.1223838929559715,0.028425988226919184,weighted,7.816196411277199,Myoxocephalus scorpius
2019,8.629655281761075,8.26903513490907,9.00600240137276,5.363383581772071,0.02177934326137873,weighted,24.734005103383183,Myoxocephalus scorpius
2020,6.912898716820438,6.574363365756432,7.26886635410655,4.489117743573417,0.02561848036944681,weighted,12.880682363889445,Myoxocephalus scorpius
2022,6.5171444466221935,6.035106852918725,7.037683469945097,3.907036038688795,0.039206206016455476,weighted,7.63390665715488,Myoxocephalus scorpius
