year,est,lwr,upr,log_est,se,se_natural,type,pred_dens_sum,species
1993,34.21357757456676,31.803350436344907,36.806464551394264,3.532622570387176,0.03727156575003943,33.98901431203578,unweighted,NA,Aphia minuta
1994,31.183902328017236,28.849219072085436,33.70752469845014,3.439902010641817,0.039704345195350314,30.973051800156234,unweighted,NA,Aphia minuta
1995,37.251773429214,33.86154100762163,40.98143741624601,3.6176995525302633,0.0486843974996953,37.02528106703965,unweighted,NA,Aphia minuta
1996,33.2777224581156,29.4433218158981,37.6114766847204,3.5048881778574366,0.0624608706625034,33.09167870242206,unweighted,NA,Aphia minuta
1997,31.954758560924713,29.148067807712167,35.03170781072565,3.4643211074775415,0.04690518911197864,31.765396711448275,unweighted,NA,Aphia minuta
1998,36.74373390446454,34.916330835618595,38.66677709058825,3.60396770512008,0.02602754617307089,36.490398690704495,unweighted,NA,Aphia minuta
1999,31.95314617556233,30.634116426915934,33.328970102750304,3.4642706478240957,0.021508734008976682,31.705805082273915,unweighted,NA,Aphia minuta
2000,36.12716624601953,34.5040881339323,37.826594225627105,3.587045109922488,0.023453133135206066,35.84697799928306,unweighted,NA,Aphia minuta
2001,35.488787336524,34.238085695027486,36.785176538066224,3.5692167969149753,0.018305517819199355,35.15932751149773,unweighted,NA,Aphia minuta
2002,36.91536004738833,34.899807051365826,39.04731637692487,3.6086277258805586,0.028646661747101225,36.673064780641646,unweighted,NA,Aphia minuta
2003,31.516868739707437,29.618354813980833,33.537075958286245,3.450522918040576,0.03169887524118181,31.29577188805492,unweighted,NA,Aphia minuta
2004,37.46274630115929,35.634683167833735,39.38458927261852,3.623347007226689,0.025524753386160722,37.18620682918432,unweighted,NA,Aphia minuta
2005,31.771619732566496,30.32581762349522,33.28635135129015,3.458573430065448,0.02376268846688064,31.52225387065132,unweighted,NA,Aphia minuta
2006,29.16818479217668,27.69301615793984,30.721933617427222,3.3730785533583902,0.026479209120794784,28.94628561404989,unweighted,NA,Aphia minuta
2007,34.23743825794867,33.16610232761409,35.34338062663672,3.533319731241785,0.01622039557292451,33.964233549542094,unweighted,NA,Aphia minuta
2008,36.537726097011785,34.88874836415635,38.264640921077,3.5983453184992795,0.023562135875242977,36.25999276356865,unweighted,NA,Aphia minuta
2009,33.05301428503884,31.486566479538332,34.69739242724188,3.4981127659222064,0.02477176744111945,32.79649734131137,unweighted,NA,Aphia minuta
2010,31.74692245261884,29.805389484137482,33.81492752339252,3.457795790014446,0.03219781495006535,31.523618333746526,unweighted,NA,Aphia minuta
2012,33.19983698589077,31.601194109450844,34.879352092586956,3.5025449658468575,0.025179063535583326,32.93113512913839,unweighted,NA,Aphia minuta
2013,31.51921172619118,30.39324609751727,32.686890523405474,3.450597255990128,0.018559953342329835,31.258073636736945,unweighted,NA,Aphia minuta
2014,33.344086333591065,31.780796475152407,34.98427405025072,3.506880435306744,0.024499538124264926,33.101552790537156,unweighted,NA,Aphia minuta
2015,32.01222873746102,30.549829820916145,33.5446316639676,3.4661179778454163,0.023857001007296562,31.78302679901411,unweighted,NA,Aphia minuta
2016,32.03648813738007,30.569493522609918,33.57388212589756,3.4668755074966837,0.0239152045101564,31.780352991825527,unweighted,NA,Aphia minuta
2017,30.917404132395205,28.628142598754714,33.38972743301299,3.431319265873877,0.03925022374027722,30.70921886697258,unweighted,NA,Aphia minuta
2018,30.857337345965338,29.462061500123934,32.31869121170294,3.429374561487495,0.023608176998679505,30.61268513963549,unweighted,NA,Aphia minuta
2019,33.67697890988436,31.11456835906447,36.45041433352852,3.51681448552557,0.040377446046824396,33.46647089889393,unweighted,NA,Aphia minuta
2020,30.45974884853586,28.460963922210055,32.59890643379995,3.416406102145297,0.03462953463667124,30.259371459641518,unweighted,NA,Aphia minuta
2021,30.50531469311493,28.74980760719213,32.36801571824009,3.417900920666485,0.030240272697244327,30.279575117282636,unweighted,NA,Aphia minuta
2022,32.85887356825149,30.19014267993961,35.763513396436075,3.492221832297015,0.04321832604647566,32.676112923580845,unweighted,NA,Aphia minuta
2023,32.712377620310406,30.6369306222689,34.92842226159455,3.4877535267811854,0.03344314638286374,32.514414098637054,unweighted,NA,Aphia minuta
2024,33.55199753934976,31.525181388260386,35.70912170230191,3.5130964008211545,0.0317912807006884,33.33192076793615,unweighted,NA,Aphia minuta
1993,35.91576826333358,33.60507748406231,38.385342529183355,7.8890456308378205,0.033928814931358076,2647.4506708815284,weighted,74.28204034365534,Aphia minuta
1994,31.584246813047272,29.411200274805736,33.91784889520548,6.820716459673701,0.036369502069302555,908.9204541865229,weighted,29.022110831981603,Aphia minuta
1995,38.53438994123277,34.789296520839876,42.68264542956421,9.16113465323284,0.052164897105489265,9460.489770928329,weighted,247.0482262186506,Aphia minuta
1996,34.080198562980016,30.426364958742145,38.17281281109566,5.746833952454906,0.057861791484575334,310.849041359685,weighted,9.190013672567277,Aphia minuta
1997,32.74255624942601,30.215867576952657,35.480529791723,6.697397944052975,0.04097444847621634,803.6327669265766,weighted,24.74744615167783,Aphia minuta
1998,38.0920123355686,36.724533398612586,39.510410875034516,8.492124712603287,0.018653196567149786,4837.606810909374,weighted,128.01149984656908,Aphia minuta
1999,32.52057885131351,31.496754736632855,33.577683087281834,8.860789328480172,0.016320997905602343,6996.5941224783965,weighted,216.78720365740963,Aphia minuta
2000,37.083148149040866,35.791761424451934,38.42112882726811,8.47861216978501,0.018084464713150478,4773.764216000147,weighted,129.72924284215168,Aphia minuta
2001,35.819137072272326,34.76928835504567,36.9006856712397,8.633792185582811,0.015177741688376937,5565.105425354808,weighted,156.85312844707119,Aphia minuta
2002,37.83512839682548,36.3190594602437,39.4144827007771,7.945867006447758,0.020865350885582723,2804.1981532695827,weighted,74.63645141279282,Aphia minuta
2003,32.328864098655274,30.766238030394376,33.970856393843135,7.3431337485226225,0.02527726836591576,1532.0668430148892,weighted,47.807058310415705,Aphia minuta
2004,38.759593333019836,37.39637636235237,40.172503902102,8.0122882664593,0.018267929567317,2994.0089627099,weighted,77.85981541234835,Aphia minuta
2005,31.84293634475878,30.38156891040368,33.3745962246585,9.021310254664783,0.023969542437050684,8217.664699351188,weighted,259.9513962544488,Aphia minuta
2006,30.94922294117442,29.702618859841262,32.24814637330044,8.219624276948725,0.020976238956763628,3686.431584035597,weighted,119.97415985373772,Aphia minuta
2007,36.16759824388619,35.22837151553892,37.131865779097076,9.943463185082551,0.013424672680852096,20702.12800559519,weighted,575.5347123549196,Aphia minuta
2008,36.68208411303848,35.36796031861686,38.045035188748265,7.939818998138531,0.01861367365979405,2782.6499326636654,weighted,76.51834634470055,Aphia minuta
2009,33.26222909573081,31.974808059073876,34.60148634427568,7.70479455976132,0.020140241118603394,2199.626779633813,weighted,66.711147502205,Aphia minuta
2010,32.35588457603695,30.60926336377019,34.20217122692875,7.328971240596206,0.028313387808030825,1510.5702638399182,weighted,47.09540004945024,Aphia minuta
2012,34.492808106698405,33.126091644053446,35.91591256432128,8.260097191832774,0.02062772729208807,3835.078313113076,weighted,112.09495786926499,Aphia minuta
2013,31.55746185967247,30.52727269018783,32.62241632691871,8.86582188007384,0.016933780251988783,7027.138250609973,weighted,224.5305571681723,Aphia minuta
2014,33.76138294433483,32.27786098493562,35.31308901931238,8.737502872588575,0.022926980513519355,6188.0270652036315,weighted,184.59887719977857,Aphia minuta
2015,32.82609921225801,31.608605337184144,34.0904882704641,7.499668115965124,0.01928326369985529,1793.3227309632173,weighted,55.06114028113363,Aphia minuta
2016,32.62554986977503,31.32201466990674,33.9833345818539,7.793515850377999,0.020803711530608022,2404.7743883449048,weighted,74.32297554441975,Aphia minuta
2017,31.153753838838583,28.947516748963594,33.52813944863502,6.259064648424717,0.03747534338393472,518.6680508145986,weighted,16.779030159848695,Aphia minuta
2018,31.051465133571863,29.828720390447156,32.324332868473206,8.192250342357324,0.02049746473722404,3582.5189454990955,weighted,116.35016976365934,Aphia minuta
2019,34.528234595494474,32.22742159312747,36.99330958998404,6.392798131130848,0.03518416233043496,592.6095472926631,weighted,17.305437313877274,Aphia minuta
2020,30.471290880673457,28.632533837820677,32.428131341563635,6.572376758065157,0.031756369061942034,709.8694492077614,weighted,23.466920714454112,Aphia minuta
2021,30.38748757242345,28.764096426817378,32.10249984085316,7.249377357887133,0.028012235697576146,1395.2187947722475,weighted,46.309467749370064,Aphia minuta
2022,34.771759268068934,32.682167549312176,36.99495269927355,7.184875286703133,0.031620962556705504,1309.9427142160628,weighted,37.94241989636412,Aphia minuta
2023,32.8689393120784,31.06188532549928,34.78112034024542,7.160796856107459,0.028850837604726877,1278.1798823631586,weighted,39.184009322714004,Aphia minuta
2024,33.78662109406313,31.944069945026122,35.73545158517083,7.738253635067431,0.028611923269930107,2276.681783609855,weighted,67.91036925699953,Aphia minuta
1993,27.5096415010982,26.572672290331855,28.4796488381144,3.3145365432666276,0.017680535638452215,27.434279284914435,unweighted,NA,Clupea harengus
1994,26.955510050546785,26.179935611137626,27.75406070044016,3.294187731022763,0.01489539105919235,26.878317058440388,unweighted,NA,Clupea harengus
1995,26.639705591998087,25.883392281936118,27.41811839414929,3.2824027942596987,0.014694788317286116,26.55943810294651,unweighted,NA,Clupea harengus
1996,27.959817453449013,25.800630147805265,30.299701501542287,3.330768388497695,0.04100558641321931,27.883016770509602,unweighted,NA,Clupea harengus
1997,28.1535091650237,27.00900766744475,29.346508693114863,3.3376720063198553,0.02117466390607097,28.05838023417834,unweighted,NA,Clupea harengus
1998,28.889003792499004,27.838392883069336,29.9792643788209,3.3634610311040563,0.01890081884032031,28.78746666366294,unweighted,NA,Clupea harengus
1999,29.48200111470634,28.829977317650474,30.148771195716666,3.3837799454348114,0.011410526276632265,29.390164931260777,unweighted,NA,Clupea harengus
2000,28.31940046507415,27.54500226523368,29.115570039850137,3.343547098582863,0.014146170868098634,28.218270802208465,unweighted,NA,Clupea harengus
2001,33.30901110149806,32.34766720340655,34.29892528518657,3.505827964028425,0.014942140309820507,33.188109085726374,unweighted,NA,Clupea harengus
2002,29.225717846460718,28.504932722129936,29.964728981023523,3.3750490698096196,0.012741009395469662,29.13762773974045,unweighted,NA,Clupea harengus
2003,26.593413758554227,24.766473305217982,28.555121539434563,3.280663582067083,0.03631328275911428,26.50816048520324,unweighted,NA,Clupea harengus
2004,30.53633786500646,29.394240561022805,31.722810741444825,3.4189173798631973,0.019448634921328284,30.420643257985454,unweighted,NA,Clupea harengus
2005,27.400972469451908,26.38119131802229,28.460173887550866,3.3105785043500493,0.01935096689787108,27.300105167790022,unweighted,NA,Clupea harengus
2006,28.9003794844704,27.610512035764778,30.25050507084022,3.363854725982709,0.02329540505417583,28.791983114857818,unweighted,NA,Clupea harengus
2007,26.886846972651956,26.192899059434016,27.599180162931688,3.2916372069033475,0.01334150083533695,26.784052303272095,unweighted,NA,Clupea harengus
2008,27.345863292304138,26.28283463490226,28.451886928830408,3.308565266690021,0.020229563595767067,27.250383995892314,unweighted,NA,Clupea harengus
2009,27.67037347357865,26.91387826327338,28.448132249008832,3.320362291126562,0.014143227738314295,27.58717533087967,unweighted,NA,Clupea harengus
2012,23.354999089131358,22.726853366224457,24.000506082551514,3.150811054953058,0.013910389252352778,23.2759231918328,unweighted,NA,Clupea harengus
2013,30.45613568911714,29.160865771113766,31.80893902103398,3.4162874743210314,0.02217381421123919,30.33544177274106,unweighted,NA,Clupea harengus
2014,27.08136314673938,26.162481686123098,28.032517659614015,3.2988457845445045,0.01761226076079284,26.98125143306919,unweighted,NA,Clupea harengus
2015,24.551241115739998,23.77511083621024,25.352707900111007,3.2007624075753154,0.016389656915920123,24.450332902680664,unweighted,NA,Clupea harengus
2016,30.00231299413777,28.484055035996114,31.601497183623497,3.4012744784947104,0.026495395126647656,29.90248816155105,unweighted,NA,Clupea harengus
2017,25.392596620518162,24.687567747837093,26.117759745240217,3.2344576599052353,0.014366525739033758,25.291465185575284,unweighted,NA,Clupea harengus
2018,26.881852832505867,25.725610977492934,28.09006216959157,3.291451443060125,0.022431234261940845,26.791643423616367,unweighted,NA,Clupea harengus
2019,23.564951280349803,22.955950042064476,24.19010878781822,3.159760492915454,0.013359086761616908,23.4838916655275,unweighted,NA,Clupea harengus
2020,25.04163247733515,24.366322947937512,25.735658124116178,3.2205397388885655,0.013948096607828923,24.9621174593622,unweighted,NA,Clupea harengus
2021,25.9466237364214,24.547776382602358,27.425183968864907,3.2560414946510283,0.028276141804931588,25.871384957699387,unweighted,NA,Clupea harengus
2022,24.563622932520033,23.830845554158188,25.31893256577056,3.201266605938979,0.015452239396869861,24.478432086131345,unweighted,NA,Clupea harengus
2023,22.999656983514775,22.009487790352782,24.034372194304535,3.1354793020577114,0.022452289335874547,22.91827094708697,unweighted,NA,Clupea harengus
2024,24.781787043095843,24.03565296177462,25.551083219001914,3.210108989948431,0.015597593675585386,24.705476558657157,unweighted,NA,Clupea harengus
1993,26.617732768320842,25.652935758693765,27.618815420984724,10.394033904827017,0.01883688669678732,32593.817304438347,weighted,1227.158073563363,Clupea harengus
1994,26.694588898684607,25.99745605697585,27.41041565405647,9.985533236102505,0.013501366776850623,21660.673790684206,weighted,813.2774792484323,Clupea harengus
1995,25.337384174856375,24.70166522824625,25.989463904245465,10.561623071218534,0.012964667292748956,38553.503858388365,weighted,1524.3786002334407,Clupea harengus
1996,27.614617087515228,25.753271895339687,29.61049298858535,6.407630140252082,0.035604508433897064,604.7170220970615,weighted,21.961367853228964,Clupea harengus
1997,27.52642217260545,26.57354580610544,28.513466857344174,8.508345630868428,0.01797489524787155,4938.4527380002855,weighted,180.0436427453952,Clupea harengus
1998,27.392356746954082,26.530765376849384,28.281928451530664,8.1546050274254,0.01630591514539223,3468.3394736180408,weighted,127.01954900506993,Clupea harengus
1999,28.638453720285213,28.136061932721432,29.14981611321715,10.135294373408,0.00902988738586607,25160.26885657866,weighted,880.5476319801246,Clupea harengus
2000,27.949056182762767,27.349381197216132,28.561879915101734,9.033654253327118,0.011066288902108968,8355.84671727434,weighted,299.84654357107735,Clupea harengus
2001,32.61377287210871,31.969593269498212,33.27093253852301,8.844376610662898,0.010178472315902859,6914.45033433979,weighted,212.64878982737514,Clupea harengus
2002,28.977223371429947,28.4706652103315,29.492794359193336,9.817422588111373,0.008998050079511264,18310.765098684496,weighted,633.279876690779,Clupea harengus
2003,26.327548457086124,24.640170350987525,28.130479533492302,5.852492833506687,0.033795421296989,346.77272756871525,weighted,13.221932088996223,Clupea harengus
2004,29.3134325865145,28.458393964781695,30.19416102916832,7.662015223785539,0.015103696546193984,2117.5946631185075,weighted,72.52775837833514,Clupea harengus
2005,26.717442365229942,25.800923601543023,27.66651836047812,8.121668330388886,0.01780968155637252,3354.0608712452554,weighted,126.00879500797211,Clupea harengus
2006,28.310446825765872,27.17307963003113,29.4954201138371,7.0617716671659245,0.02092085309719429,1161.5982675667083,weighted,41.20422439042749,Clupea harengus
2007,26.345778224754635,25.768819499540797,26.93565494066675,8.514255311180996,0.0112975690544882,4967.2113466537185,weighted,189.2269840362773,Clupea harengus
2008,27.174378860121397,26.34829082310421,28.026366924183378,7.241659416659767,0.01575088495045843,1391.172022976244,weighted,51.386980409378744,Clupea harengus
2009,27.263951756571313,26.74155090408363,27.796557800659834,8.65259611752356,0.009871003706863129,5710.828528057242,weighted,209.98387380627673,Clupea harengus
2012,22.8864085625591,22.288233988896366,23.500637024598802,8.212118176722237,0.013512649523898827,3673.8329920208475,weighted,161.02746732114608,Clupea harengus
2013,30.595451192637267,29.381954152123402,31.859066583336794,6.509512783389699,0.020648676634887217,668.5528355298297,weighted,21.94768000312861,Clupea harengus
2014,26.095142658741555,25.294709595327042,26.920904856163013,7.929077159561038,0.015895151779383967,2767.5717982579895,weighted,106.41302316461122,Clupea harengus
2015,24.062231185013026,23.397429510053858,24.745922168596408,6.870451823081374,0.01429479028322298,959.4174273035703,weighted,40.037174404059286,Clupea harengus
2016,29.298274802524592,28.068438052954065,30.581997643930382,6.436247778773257,0.021879427404567834,621.9037060615866,weighted,21.300257140014708,Clupea harengus
2017,25.090228481399492,24.48400376277503,25.711463343505088,7.676084182063285,0.012479040600052083,2147.638854051664,weighted,85.93624767569777,Clupea harengus
2018,26.521034565225104,25.61100098928733,27.463404288808217,7.251151570841078,0.01781470999648702,1405.1887469019186,weighted,53.15506494421549,Clupea harengus
2019,22.59065310940708,22.160762909506193,23.028882624372397,7.890444312327385,0.009802707111851936,2663.8489885796616,weighted,118.26265856597377,Clupea harengus
2020,24.664811401911194,24.06587882157375,25.278649743158052,7.805446102883081,0.012542356755588548,2446.9205010793944,weighted,99.49113200470038,Clupea harengus
2021,25.753357751118916,24.587439791742653,26.974562665928918,6.481196695993809,0.023637822989620492,650.8294549541434,weighted,25.346272537462493,Clupea harengus
2022,24.375202181837484,23.67929755162767,25.09155856967618,7.901268920694483,0.014778417535510789,2691.518404500438,weighted,110.7973225384178,Clupea harengus
2023,22.90495379807788,21.990918179960648,23.856980604391538,6.457134128085627,0.020777755315967688,634.8094846971178,weighted,27.820715855768277,Clupea harengus
2024,24.8910409407909,24.179001760327395,25.62404872035292,8.362913106451607,0.014808117260503533,4272.618887111705,weighted,172.15671045432472,Clupea harengus
1993,21.996235199537086,20.822041247335914,23.236644150594934,3.0908713114206012,0.027989907392668514,21.94714402470807,unweighted,NA,Crystallogobius linearis
1994,23.48382631034758,22.474780306259706,24.538175263985636,3.1563119420899173,0.022407624402186396,23.431999902024568,unweighted,NA,Crystallogobius linearis
1995,26.586512996562163,25.206636460502303,28.04192754649992,3.2804040569999438,0.027192716788000917,26.52500209666984,unweighted,NA,Crystallogobius linearis
1996,25.477969483591167,23.997324078003683,27.049971359173444,3.2378141369316054,0.030547402922702884,25.417107426323746,unweighted,NA,Crystallogobius linearis
1997,25.60114887604457,24.21056832448321,27.071600095839067,3.2426372284490217,0.028494392464683348,25.540518478566042,unweighted,NA,Crystallogobius linearis
1998,25.52465313484859,24.566163411978593,26.52053992837388,3.239644774726214,0.019528292344258756,25.47027229456302,unweighted,NA,Crystallogobius linearis
1999,22.988748474338745,22.28697145316981,23.71262320351057,3.135004899465492,0.015817959792470998,22.943136489365923,unweighted,NA,Crystallogobius linearis
2000,25.124874385616454,24.157024551101994,26.131501069497773,3.2238583667892873,0.02004279548720809,25.070173823104884,unweighted,NA,Crystallogobius linearis
2001,24.07884849472039,23.294552863645716,24.88955028351456,3.1813337993105133,0.016895335326382693,24.028610348923845,unweighted,NA,Crystallogobius linearis
2002,23.823664879869714,22.8171293784277,24.874601835099377,3.170679409349675,0.022024826618349203,23.769984103892423,unweighted,NA,Crystallogobius linearis
2003,22.602076285246447,21.61659136057757,23.632488762115848,3.1180417730869596,0.02274563974404672,22.55162540837904,unweighted,NA,Crystallogobius linearis
2004,22.819467188249845,21.995270795966647,23.674547478228778,3.127613995706041,0.01876898226989068,22.770834521910277,unweighted,NA,Crystallogobius linearis
2005,22.284659223909628,21.49136771529642,23.10723278781007,3.1038985145566556,0.018493789654516826,22.237852644830223,unweighted,NA,Crystallogobius linearis
2006,23.639890139726113,22.765789108112177,24.547552609067505,3.1629355453073913,0.019223115425891647,23.58891721418882,unweighted,NA,Crystallogobius linearis
2007,21.826969111146376,21.203623083473097,22.468640321675725,3.083146320388778,0.01478305386083636,21.78288036552847,unweighted,NA,Crystallogobius linearis
2008,22.83646657354729,22.027717676163448,23.674908732331858,3.1283586693851166,0.01839682511569959,22.78746205243966,unweighted,NA,Crystallogobius linearis
2009,23.002082795940943,22.17238736235731,23.862825608467542,3.1355847681744295,0.018743745430628712,22.9528145269027,unweighted,NA,Crystallogobius linearis
2010,23.006252508515875,21.58228595901148,24.524170214906906,3.1357660271814662,0.032599141589840216,22.95049904615279,unweighted,NA,Crystallogobius linearis
2012,22.325579903927647,21.513177408814517,23.168661168686185,3.1057331019650762,0.018912312744751844,22.28044380177086,unweighted,NA,Crystallogobius linearis
2013,21.54567599602535,20.85233117970256,22.26207468724484,3.0701751465804743,0.016688774724254788,21.502297982548072,unweighted,NA,Crystallogobius linearis
2014,25.277784746500963,24.294581689946277,26.3007780848047,3.2299259367405,0.020241487747778602,25.225816189583764,unweighted,NA,Crystallogobius linearis
2015,20.58522679218686,19.785857496056455,21.416891442295395,3.02457367251298,0.020207645758630714,20.539663883929514,unweighted,NA,Crystallogobius linearis
2016,22.61317060992728,21.876021383944927,23.375159315256877,3.118532506884309,0.0169091800434056,22.566175801890576,unweighted,NA,Crystallogobius linearis
2017,19.605871849432695,18.994994944595728,20.23639448694564,2.9758291055248285,0.0161500850418177,19.56651061421492,unweighted,NA,Crystallogobius linearis
2018,21.714233629265745,21.064803185221447,22.38368609288188,3.0779679731358507,0.015492336186212222,21.671222437267982,unweighted,NA,Crystallogobius linearis
2019,21.294235156979745,20.63578264640408,21.973697760369063,3.0584363861760293,0.01602570038814836,21.250484174438068,unweighted,NA,Crystallogobius linearis
2020,18.696753314018604,17.976050009556097,19.446351356356626,2.928349889215721,0.020056272782868537,18.65636412244282,unweighted,NA,Crystallogobius linearis
2021,19.167162395756097,18.512666380198684,19.84479743545964,2.9531985229271296,0.017726527730100916,19.12691086422368,unweighted,NA,Crystallogobius linearis
2022,21.839239389659426,21.005999712054155,22.705530974807914,3.0837083237894527,0.019847418933970108,21.79212713564677,unweighted,NA,Crystallogobius linearis
2023,19.566481864926413,18.85526601102158,20.30452460053899,2.973817993398669,0.01889103821888024,19.524201297867094,unweighted,NA,Crystallogobius linearis
2024,21.008303183901123,20.139605144820727,21.91447148506836,3.044917749287087,0.021546042703990104,20.96106437866411,unweighted,NA,Crystallogobius linearis
1993,21.171523884327172,20.049048566505753,22.356842625113927,8.93473575496722,0.02779406489122605,7575.200128717722,weighted,358.553789493141,Crystallogobius linearis
1994,22.476619531693487,21.524991328622935,23.47031958617868,9.380506211910998,0.02207233902903825,11828.681504605613,weighted,527.4376054764653,Crystallogobius linearis
1995,26.239318648539324,24.815975027098922,27.744299484011556,9.688974934315373,0.02845531751072872,16098.807599624166,weighted,615.0576090765142,Crystallogobius linearis
1996,24.50494787905277,23.106657599593863,25.987855143776706,8.202639096568914,0.029977217996184653,3641.532611412436,weighted,148.97284561780933,Crystallogobius linearis
1997,24.70354161529196,23.345638536542264,26.140427360049767,8.692926214839908,0.028845651660508242,5945.914446674181,weighted,241.28519033379413,Crystallogobius linearis
1998,24.90644705946069,24.020826140310334,25.824719828628805,9.5485128927368,0.018472522138984468,13995.905922834634,weighted,563.0600058173338,Crystallogobius linearis
1999,22.407426551992216,21.760546845118963,23.07353616876355,10.036208666529738,0.014946138919756529,22796.49688144147,weighted,1019.2437605964386,Crystallogobius linearis
2000,24.068248279674837,23.186090388687195,24.983969506765575,9.184715954164242,0.019051843146456377,9726.40086112885,weighted,404.9738435123861,Crystallogobius linearis
2001,23.207148903991573,22.409609063125103,24.033072542004025,9.192366961852432,0.017842435364099605,9801.524454186478,weighted,423.22611549964364,Crystallogobius linearis
2002,23.339039800585194,22.36894469172828,24.351205938415383,8.646053798618073,0.02166054451300659,5674.801423849868,weighted,243.69716130731854,Crystallogobius linearis
2003,22.119989111372703,21.300479342172874,22.97102851194965,9.060694260032191,0.019261633330857553,8592.740491394405,weighted,389.24640526040884,Crystallogobius linearis
2004,22.14915422459962,21.41201742002469,22.911667931219764,8.996764649272334,0.017269187568579734,8060.898919204508,weighted,364.6599726104419,Crystallogobius linearis
2005,21.157149518829723,20.529306766532002,21.804193431989614,10.182645429697947,0.015369886239819348,26392.528200771016,weighted,1249.7109238263854,Crystallogobius linearis
2006,22.82458833176032,22.05367670353829,23.622448062401574,9.634450864828361,0.01753045404085732,15250.79256266305,weighted,669.5544387407315,Crystallogobius linearis
2007,21.317537964193914,20.716728148227247,21.93577198114345,9.918331987919418,0.014586296346721908,20260.702863268918,weighted,952.225498955917,Crystallogobius linearis
2008,22.06120731880697,21.229198958642765,22.92582349958333,9.14776184448167,0.019614236828173665,9372.675413675264,weighted,425.7878013570741,Crystallogobius linearis
2009,22.44491673423469,21.724722934566323,23.188985595999032,8.530915679692987,0.016639716313524122,5059.013179746684,weighted,225.84558583523338,Crystallogobius linearis
2010,22.20985419215756,20.837282972522964,23.672837955282294,7.18204120575021,0.03254765936390135,1312.2358072414108,weighted,59.23455866667641,Crystallogobius linearis
2012,21.500470960113248,20.69193527524258,22.340600110989524,8.64066399265203,0.019556898080775154,5645.5197079036025,weighted,263.1144615812032,Crystallogobius linearis
2013,20.72636939262022,20.082443007069024,21.390942727840955,8.900037687828995,0.01610275617233261,7318.757129591491,weighted,353.76431499569685,Crystallogobius linearis
2014,24.15066582158655,23.223783486977386,25.11454087371275,8.795055455351783,0.01996722716027583,6588.457602562278,weighted,273.34739773137926,Crystallogobius linearis
2015,19.525258819674157,18.83429191847329,20.241574975342438,7.712680189303767,0.018382840305352578,2231.7798752586987,weighted,114.54539849947082,Crystallogobius linearis
2016,21.920704350065577,21.216604825874512,22.648170296171653,8.491679484003166,0.016657179915314985,4863.981409908215,weighted,222.34892665786685,Crystallogobius linearis
2017,19.152679657385374,18.597706511675273,19.724213726468825,8.769760837701728,0.015002504467652607,6424.710747666768,weighted,336.0695733179376,Crystallogobius linearis
2018,21.460871025006966,20.873370662155953,22.064907130069294,9.06149259502669,0.0141620505904984,8601.26378920328,weighted,401.52157596788686,Crystallogobius linearis
2019,20.301524357607132,19.733759854165086,20.885624143010183,8.613771669879144,0.014472259562110103,5496.2275065838985,weighted,271.25943702983693,Crystallogobius linearis
2020,18.11582554634586,17.448703458262347,18.808453935311455,7.9931560713317635,0.0191434896920303,2954.3690948030417,weighted,163.42761580087344,Crystallogobius linearis
2021,18.71575901636455,18.051730410461406,19.404213756462703,8.63821109261865,0.01843112914209446,5631.328798752799,weighted,301.5226674227661,Crystallogobius linearis
2022,21.087565738605374,20.36225950338545,21.838707472816033,8.666936108995305,0.01785767619512829,5795.633393843787,weighted,275.40769957916865,Crystallogobius linearis
2023,19.286332096890014,18.505674071516236,20.09992201927149,8.569378377187144,0.021081648551512643,5255.97640865047,weighted,273.1392432429946,Crystallogobius linearis
2024,20.25833240827889,19.31660534784259,21.245970737304493,8.883720857871753,0.02428671115076157,7196.277875120398,weighted,356.07973197618753,Crystallogobius linearis
1993,12.051044667821664,10.780733258940797,13.471038944905827,2.489151350603954,0.05683306836508644,11.983382643296515,unweighted,NA,Pholis gunnellus
1994,11.514045829802445,10.330117844733117,12.833663019477019,2.4435676666002597,0.05536018844256056,11.451652085905561,unweighted,NA,Pholis gunnellus
1995,11.619883787394711,10.569360952080322,12.774821471678731,2.4527177502889614,0.04834701638955166,11.555431398500696,unweighted,NA,Pholis gunnellus
1996,11.811293498820666,10.504924316318629,13.280119867077,2.469056149937479,0.05980315002211427,11.741914615944873,unweighted,NA,Pholis gunnellus
1997,11.728046050508347,10.281385327261674,13.378261759933322,2.4619830716806135,0.06716861243880298,11.658411488427774,unweighted,NA,Pholis gunnellus
1998,14.08808421049588,13.139942768242767,15.104640881823695,2.6453293486388367,0.03554794459413905,14.022071339565478,unweighted,NA,Pholis gunnellus
1999,13.17215644315489,11.776176028214719,14.733620230135994,2.5781052413912713,0.05715754593043533,13.096204169523626,unweighted,NA,Pholis gunnellus
2001,15.160021340550463,14.164148901905582,16.225912946666757,2.7186617879012602,0.034667851828510836,15.086544984963812,unweighted,NA,Pholis gunnellus
2002,11.396605836714075,10.317825927354194,12.588177539716565,2.433315577447423,0.05073690451744834,11.332293634073356,unweighted,NA,Pholis gunnellus
2003,11.118974562484333,10.231219265628084,12.083759727104631,2.408653068966389,0.04245451011361131,11.0610295549787,unweighted,NA,Pholis gunnellus
2004,13.488497979392163,12.765040376306937,14.252957482043124,2.601837320758287,0.028126591843900876,13.425968809761443,unweighted,NA,Pholis gunnellus
2005,12.64155461458172,11.561856879484235,13.822079337188722,2.5369893728158033,0.04555078229099432,12.579429544869148,unweighted,NA,Pholis gunnellus
2006,15.127840673903796,14.108512028828015,16.22081499362967,2.7165367994328875,0.0355917224799567,15.05404977934162,unweighted,NA,Pholis gunnellus
2007,10.341423570258684,9.54276681712897,11.206921798355044,2.3361575356442983,0.041007931832780786,10.28759299766555,unweighted,NA,Pholis gunnellus
2008,11.604623602991273,10.765371803716903,12.509302179475702,2.4514036051626005,0.03830118172344227,11.541233024975252,unweighted,NA,Pholis gunnellus
2009,12.868740691339102,12.204995748675728,13.568582111050327,2.55480116843977,0.027018768374858955,12.816411346134496,unweighted,NA,Pholis gunnellus
2010,13.490340992650305,12.68280128072023,14.349298397873058,2.6019739473390615,0.031493997861145984,13.42355359947217,unweighted,NA,Pholis gunnellus
2012,12.10194431747318,11.101746851629027,13.192253275143893,2.4933661270883367,0.0440128787119785,12.043278338849523,unweighted,NA,Pholis gunnellus
2013,14.356951101179646,13.505606709772879,15.26196115073529,2.6642342222178823,0.031188997164611175,14.294120371732873,unweighted,NA,Pholis gunnellus
2014,11.823789418694538,10.807118193421147,12.93610319749604,2.4701135543969257,0.04587254975001115,11.760269241193171,unweighted,NA,Pholis gunnellus
2015,10.725853734227949,10.10149702915959,11.38880088723076,2.372657063905005,0.030599251213587385,10.676416192833031,unweighted,NA,Pholis gunnellus
2016,14.078381489110404,13.033481909437624,15.207051095794132,2.6446403930650173,0.03934705724900565,14.005164502603328,unweighted,NA,Pholis gunnellus
2017,11.372410714997617,10.512513293345432,12.302645605448262,2.4311903094747396,0.040115032862409944,11.314429413539491,unweighted,NA,Pholis gunnellus
2018,14.116935677923587,12.959315842181319,15.377962491350745,2.64737518853577,0.04365401080586888,14.040996852821355,unweighted,NA,Pholis gunnellus
2019,13.787659760966022,12.841511644415315,14.8035190052438,2.6237739718898965,0.03627155998914028,13.719390999690669,unweighted,NA,Pholis gunnellus
2020,11.113221728364898,10.330133560902906,11.955672833818307,2.408135546165441,0.03728146755470945,11.05744704729977,unweighted,NA,Pholis gunnellus
2021,12.197846601794183,11.263090051321033,13.210181312849468,2.5012594281101745,0.0406785106168457,12.1333455093614,unweighted,NA,Pholis gunnellus
2022,10.078636954837933,9.217158425946069,11.020633276898302,2.3104180307654723,0.04558820374057554,10.024824036652173,unweighted,NA,Pholis gunnellus
2023,12.415596724518508,11.607586846205136,13.279852571274963,2.5189534826071895,0.034334589997401126,12.355308473854066,unweighted,NA,Pholis gunnellus
2024,10.507894234986209,9.366439696623207,11.7884537593792,2.352126806582899,0.05867135916230811,10.446927222009279,unweighted,NA,Pholis gunnellus
1993,13.211926459776775,11.851829701075546,14.72810571710365,7.798687198050133,0.05542840653458291,2421.794615880703,weighted,184.48483347348636,Pholis gunnellus
1994,12.714554904565649,11.490303362212718,14.069246156968587,7.607072456972262,0.05165599966480207,2000.3635941746206,weighted,158.27358151734316,Pholis gunnellus
1995,12.57755879184893,11.570676982191001,13.67205958699755,6.813512382338673,0.04257227533062186,904.5096983434005,weighted,72.35598732033803,Pholis gunnellus
1996,13.009902779341148,11.781341072421188,14.366579261856844,5.234366294238225,0.050610014067344285,186.36021411708256,weighted,14.420567332156796,Pholis gunnellus
1997,12.325510919431943,11.16521524318099,13.606385198692712,6.14948165762723,0.050443788899334804,465.9796139822073,weighted,38.008525303219024,Pholis gunnellus
1998,15.296462394550856,14.635274541055031,15.987521185990776,8.032533355439831,0.022544754286770743,3066.230005521601,weighted,201.32323884414652,Pholis gunnellus
1999,15.144718744064498,13.153550597876611,17.43730745019103,7.144794004743351,0.07191976226094063,1258.91285626984,weighted,83.69189436710468,Pholis gunnellus
2001,16.551651017761678,15.826683100789449,17.309827313096708,7.071598377563293,0.022851714178150035,1172.383594759856,weighted,71.17292799568727,Pholis gunnellus
2002,12.611925214223904,11.609917180301398,13.700412771165636,6.076851990781405,0.04223707699825395,432.95954386255005,weighted,34.543146949058084,Pholis gunnellus
2003,12.259073776757122,11.49642594169303,13.072314006647028,6.532343799370906,0.0327711021153723,683.4381767622375,weighted,56.0406555954213,Pholis gunnellus
2004,14.874613673387417,14.286689680525232,15.486731837825559,7.722634029825425,0.020575718552388888,2249.179111632044,weighted,151.86288635192133,Pholis gunnellus
2005,14.695546798790568,13.643728020970586,15.8284521197954,8.451779485501698,0.03789078739483879,4661.433405131825,weighted,318.69514147043196,Pholis gunnellus
2006,16.080459167118637,15.208806203770997,17.002068641078164,7.868091778486523,0.02843429948199172,2601.080564422872,weighted,162.46895867342622,Pholis gunnellus
2007,11.415321558557466,10.823937772217482,12.039016578582054,6.843094598608538,0.027141472003629277,932.9382540359575,weighted,82.11643254222041,Pholis gunnellus
2008,12.09120922303493,11.328789160535846,12.904939654494365,5.7050948862862905,0.03323095703114929,298.57586902572393,weighted,24.84399834827551,Pholis gunnellus
2009,13.926510746937051,13.49701677608201,14.369671817274984,7.35913279345548,0.01598273764281441,1564.7204212006943,weighted,112.76866656823066,Pholis gunnellus
2010,14.69996117731543,13.961380900882125,15.477613579107175,6.923571380596818,0.026301423059530114,1010.7447824755552,weighted,69.11187219530385,Pholis gunnellus
2012,13.877891568277054,13.082688931040742,14.72142885885572,6.425368303291651,0.030106236152182334,614.7392755184032,weighted,44.481406217934186,Pholis gunnellus
2013,16.492499588003135,15.893257561157236,17.11433553591001,7.2284472568861275,0.01888337790540032,1373.191455910744,weighted,83.55804581045709,Pholis gunnellus
2014,13.215152786300685,12.258105083233445,14.24692168809538,5.573623971921233,0.03835619047722595,261.8836035902544,weighted,19.93067221287786,Pholis gunnellus
2015,11.79172853976967,11.361424349677142,12.23833013151822,6.030419874163079,0.018966943493022703,414.04381148918014,weighted,35.269605522938676,Pholis gunnellus
2016,15.534183051786725,14.657230569996091,16.46360422141344,6.436192953823337,0.029648088617570383,620.7709836865382,weighted,40.17118710451215,Pholis gunnellus
2017,12.457119951640655,11.887041689755586,13.054538003622868,6.125427754064808,0.02390016873701537,455.1560309113544,weighted,36.71316503190922,Pholis gunnellus
2018,15.556961810131599,14.505603484198046,16.68452202113073,6.7765980853686285,0.035701279134602616,871.938312746286,weighted,56.37861061183759,Pholis gunnellus
2019,15.414419552860267,14.629488125232916,16.241465738078787,7.106154439540758,0.02666588771414769,1213.724384358244,weighted,79.1109291187331,Pholis gunnellus
2020,12.630156486315473,11.923073567364476,13.379172070652416,6.271132676697969,0.029394340292979836,526.3649528495349,weighted,41.889925243367536,Pholis gunnellus
2021,13.791556121051459,12.885773313575562,14.76100934041134,6.633205636979145,0.03466016276925188,755.6896845800073,weighted,55.09996645597443,Pholis gunnellus
2022,11.61592862662292,10.895529150293696,12.383960062661176,6.375640424131778,0.03266630344823324,584.2461101403649,weighted,50.56517561843464,Pholis gunnellus
2023,13.433301611317352,12.753400457081929,14.149449222416296,7.243972686983437,0.026499915656185802,1392.7656749502637,weighted,104.19205388833223,Pholis gunnellus
2024,11.731222582878402,10.755482085424555,12.795482545179093,5.193870343710915,0.04430606833139857,179.0134263374393,weighted,15.357692052980967,Pholis gunnellus
1993,38.98920590491383,36.166948050364184,42.03169631506854,3.6632848361524233,0.03833701653120716,38.849205857974766,unweighted,NA,Pomatoschistus sp
1994,38.37983201001539,36.153669831822825,40.743070121762365,3.6475321135510947,0.030487118020475792,38.25358754729065,unweighted,NA,Pomatoschistus sp
1995,35.87433596826011,33.66750744971789,38.225817075578775,3.5800221643129437,0.03239292313452148,35.757717471183916,unweighted,NA,Pomatoschistus sp
1996,38.49742386061188,35.046026787710055,42.28872085503671,3.6505913263436036,0.04792387943860713,38.37852343585229,unweighted,NA,Pomatoschistus sp
1997,37.328945314078084,35.101954883071755,39.69722378434931,3.6197690394890096,0.03138436031420578,37.20936495778515,unweighted,NA,Pomatoschistus sp
1998,41.7093218494283,39.6968695397169,43.823796417968204,3.7307246493720116,0.025231237962457746,41.579223168273124,unweighted,NA,Pomatoschistus sp
1999,40.78911954259571,38.7380963788701,42.948735962350106,3.7084153679676914,0.026322855925197654,40.64039181184047,unweighted,NA,Pomatoschistus sp
2000,42.80411506512706,40.101044778146566,45.68938980630019,3.7566342443474574,0.033282170780184216,42.66029648340044,unweighted,NA,Pomatoschistus sp
2001,44.378491145103865,41.92264529406134,46.97820145893919,3.792754918393449,0.02904582810285098,44.22746872167291,unweighted,NA,Pomatoschistus sp
2002,39.212496624131106,37.06335807919311,41.48625411146145,3.668995487425141,0.0287590277978353,39.08417042752488,unweighted,NA,Pomatoschistus sp
2003,41.990106214581004,39.296170646465214,44.868723616213096,3.7374340242137647,0.03383069772215256,41.844031390542106,unweighted,NA,Pomatoschistus sp
2004,42.67502041220087,40.215913055121405,45.284496330733944,3.7536137469979263,0.03028166998250516,42.52397039153294,unweighted,NA,Pomatoschistus sp
2005,42.56296519322743,39.480116928757745,45.886541048218014,3.7509845134999864,0.03836159123883859,42.40733819141175,unweighted,NA,Pomatoschistus sp
2006,41.48544285156359,38.72031297980272,44.448038668697684,3.725342591039712,0.035193629093204684,41.33862274955375,unweighted,NA,Pomatoschistus sp
2007,40.12707937855362,38.2747013538347,42.06910681202272,3.6920514026259097,0.024113842972890605,39.96659191623838,unweighted,NA,Pomatoschistus sp
2008,44.60806524426906,41.472910779078006,47.980222450188094,3.797914677750625,0.037181405646079815,44.45429737525105,unweighted,NA,Pomatoschistus sp
2009,43.03273862214283,40.064042021751085,46.22141201619891,3.7619611893091984,0.03647106045333677,42.88201354084219,unweighted,NA,Pomatoschistus sp
2010,43.863047642915035,39.61056754213175,48.57206215180351,3.7810722262782996,0.05202967365611344,43.720663381232065,unweighted,NA,Pomatoschistus sp
2012,39.85201854220529,37.4411943397648,42.41807479419877,3.6851730574591577,0.031838088225203856,39.70472234326283,unweighted,NA,Pomatoschistus sp
2013,42.707003349693785,39.779478192890885,45.849976368888335,3.7543629196593287,0.03623115741037671,42.56051158704901,unweighted,NA,Pomatoschistus sp
2014,42.36537286595426,39.92851584248563,44.95095247596365,3.746331350885254,0.03022535105326965,42.20796296233202,unweighted,NA,Pomatoschistus sp
2015,41.10377689248449,39.00935002691363,43.31065433444789,3.716100012474354,0.026683475416621544,40.95966430382728,unweighted,NA,Pomatoschistus sp
2016,43.354822698876475,39.84640946567292,47.172146159625676,3.7694179473011324,0.04305469285543557,43.201227470221696,unweighted,NA,Pomatoschistus sp
2017,40.02863129536319,37.502922264276954,42.72443923406939,3.689594980447982,0.03325373525967163,39.87953436167085,unweighted,NA,Pomatoschistus sp
2019,40.627119545692565,37.759873985795636,43.71208556471605,3.7044358127213477,0.03734191509002307,40.48526484000322,unweighted,NA,Pomatoschistus sp
2022,36.76776915463969,33.83560206439858,39.95403557577875,3.6046216232153827,0.04240285036600515,36.64382464224365,unweighted,NA,Pomatoschistus sp
1993,39.078311974724784,36.62149923453863,41.69994398682782,7.273931074305464,0.03312925846030411,1436.6083923402275,weighted,36.90560520776368,Pomatoschistus sp
1994,38.46753243505141,36.600688563369005,40.42959599188279,8.358738884253519,0.025381853485537856,4254.032600058842,weighted,110.93276667010714,Pomatoschistus sp
1995,35.47394565807426,33.3324027058089,37.753078638183574,8.836279312634678,0.03177023878421476,6852.888381276187,weighted,193.92680823415472,Pomatoschistus sp
1996,38.180155597428666,35.74489250720487,40.781330679621995,6.613200180475247,0.03362740446853045,742.2762496238411,weighted,19.5091636668771,Pomatoschistus sp
1997,36.74155344515529,35.27599975216657,38.26799407663254,7.898114287122014,0.020768505102963346,2683.0895867500203,weighted,73.27400636184208,Pomatoschistus sp
1998,41.99326557033404,40.73436832408854,43.291069085212406,8.502248702460355,0.015529415549799155,4910.896879686781,weighted,117.30054954444836,Pomatoschistus sp
1999,41.143199424967406,39.42778644817815,42.93324610417877,7.873450908943389,0.02172889052970739,2616.9123073484056,weighted,63.84078558150319,Pomatoschistus sp
2000,42.77216964997367,40.70105693635003,44.9486729405359,7.220501512111708,0.025323724616296575,1362.430610455012,weighted,31.964114857524397,Pomatoschistus sp
2001,44.55175522644762,42.81360723656892,46.36046859564662,7.53572158536798,0.02030423738852991,1867.2083779372526,weighted,42.05885863033673,Pomatoschistus sp
2002,39.27743391927635,37.59668015298673,41.033325522508,7.695782323999417,0.02231387978678952,2191.6452119954574,weighted,55.98770821982331,Pomatoschistus sp
2003,42.45582778477536,40.22883844263092,44.80609887508901,7.040248378223843,0.027490340123617767,1137.1221116625163,weighted,26.89079914901182,Pomatoschistus sp
2004,42.94429095233654,41.02956102473879,44.948375740285556,7.2499454244875094,0.023271299539828712,1402.5692169700492,weighted,32.787315171199204,Pomatoschistus sp
2005,42.759205065623846,39.87783204664019,45.84877171120228,6.957643013829322,0.03559448756743406,1046.9559706134255,weighted,24.58308287717425,Pomatoschistus sp
2006,41.29643023268593,38.75425112331318,44.00536974735116,6.924071809664804,0.03241672066342526,1012.4554338757682,weighted,24.61351662830257,Pomatoschistus sp
2007,40.04768883605977,38.31835423425568,41.85506953939302,7.364570903736573,0.02252182234475265,1572.6307664131525,weighted,39.42893504803625,Pomatoschistus sp
2008,44.53128600036828,41.8514295837298,47.38274062727654,6.555926988295485,0.03166692998582082,700.6572719890617,weighted,15.795656386068421,Pomatoschistus sp
2009,42.7944091533949,40.13065245063016,45.63497832588595,6.349213197993935,0.03278990059640923,569.796556455522,weighted,13.367223875150492,Pomatoschistus sp
2010,43.64518962348844,39.6863192442297,47.99897328717959,5.6861149849778165,0.04851443634804635,293.63348540784597,weighted,6.753236774655102,Pomatoschistus sp
2012,39.93768750078201,37.879219221225355,42.1080190062725,7.198122427471965,0.02699935876068288,1331.6234234162382,weighted,33.47510407101556,Pomatoschistus sp
2013,43.344887316398484,40.9616621171976,45.86677296189314,6.533899694055211,0.028853692277676084,685.6129992780611,weighted,15.874450617827028,Pomatoschistus sp
2014,42.36703835741999,40.266903746508376,44.57670623196957,7.667419087119043,0.025939649156141453,2129.5593504681233,weighted,50.45331354585557,Pomatoschistus sp
2015,40.880504636072374,39.424306039031144,42.39049021295098,6.962126433526174,0.018505829592554368,1052.0137111189515,weighted,25.82836078393571,Pomatoschistus sp
2016,42.64491909769911,39.25395095716754,46.32881736754799,6.135883523424202,0.04227426463968823,460.3865748888707,weighted,10.837099503895695,Pomatoschistus sp
2017,40.01715136285153,37.67956182088175,42.499761828703136,6.519716964774461,0.03070991409807696,675.6738176096997,weighted,16.952389858524278,Pomatoschistus sp
2019,40.77571494921715,38.28976154453422,43.42306827076994,6.416712777591842,0.032094541025250986,609.5580242126387,weighted,15.008640899791942,Pomatoschistus sp
2022,37.165260483889206,34.324842553882576,40.24072607666189,6.338533231901037,0.040564573078033926,563.9066749186468,weighted,15.228349126896287,Pomatoschistus sp
1993,38.589048786401534,32.32622463484689,46.06522113423812,3.652968526020582,0.09035355670226965,36.516059912006206,unweighted,NA,Ammodytidae
1994,35.15702764376369,31.16344893072132,39.66238125607092,3.5598245312389922,0.06152084056545807,33.62459371010145,unweighted,NA,Ammodytidae
1995,40.383257027584925,33.1888848597824,49.137157064658275,3.6984152690569796,0.10010400401129958,38.46995444654589,unweighted,NA,Ammodytidae
1997,30.17452325723386,23.628077035623736,38.53474205406542,3.406997967595616,0.12477895498687179,29.191141559351742,unweighted,NA,Ammodytidae
1998,34.20570748248407,29.425112263090085,39.762989310491626,3.5323925155974822,0.07680959875675367,32.575800968760575,unweighted,NA,Ammodytidae
1999,37.19566531084052,31.21676012444737,44.3197023778443,3.616192230587527,0.08940832480078933,35.974876215738504,unweighted,NA,Ammodytidae
2000,24.271532444494525,20.493943012975365,28.7454340451307,3.189304159257098,0.08631524909977012,23.63644226801609,unweighted,NA,Ammodytidae
2001,36.60930307509513,31.50051344289815,42.54664210707746,3.600302390488101,0.07668434022275139,34.56295626021175,unweighted,NA,Ammodytidae
2002,33.09640937013632,29.128929596940896,37.60427617328864,3.499424798255211,0.0651506735298808,31.572686076582926,unweighted,NA,Ammodytidae
2003,29.15667759179279,25.035162717051556,33.95671351529649,3.3726839634678063,0.07775786663760467,28.228152169061676,unweighted,NA,Ammodytidae
2004,31.188044371644807,28.501089349201102,34.12831347637422,3.4400348281616426,0.04596641547965263,29.910942452617824,unweighted,NA,Ammodytidae
2005,26.544507346462257,20.823074350991465,33.837984650563364,3.278822846679469,0.1238599958757094,25.92830567658441,unweighted,NA,Ammodytidae
2006,34.698738947839665,30.056026337806482,40.05860492129827,3.5467033447316263,0.07328714267314015,33.15721149876727,unweighted,NA,Ammodytidae
2007,35.79746343432537,30.21709632061989,42.408389434076966,3.5778770371066124,0.08646545084848417,33.87050111190033,unweighted,NA,Ammodytidae
2008,34.81269184469505,32.446544362305204,37.351389409642344,3.549982028471458,0.035912946714008305,33.515260033406896,unweighted,NA,Ammodytidae
2009,38.796220157062095,33.57119278219566,44.8344718711776,3.6583228232513045,0.07380466316585685,36.71098853321308,unweighted,NA,Ammodytidae
2010,26.596361215280552,21.826171037469933,32.40909404949283,3.2807744100121456,0.10085116639988308,25.904407870902322,unweighted,NA,Ammodytidae
2012,29.877757244078307,24.766933359290878,36.04323413747147,3.3971142986817804,0.09571852797077454,29.021229798742073,unweighted,NA,Ammodytidae
2013,32.627850352750514,29.342348024115147,36.28123481347007,3.485166228960687,0.05415121512265126,31.392462461844502,unweighted,NA,Ammodytidae
2014,33.957490500123996,30.334546393422702,38.01313347860164,3.5251094629566544,0.05756343269851022,32.6917583223856,unweighted,NA,Ammodytidae
2015,34.92474983501562,30.891886883909205,39.48409352986961,3.553195742197275,0.06260428973579915,33.28137976964232,unweighted,NA,Ammodytidae
2016,34.39059153292297,31.05896873726544,38.079589698846,3.5377830250209596,0.05198840944666157,32.8014304873148,unweighted,NA,Ammodytidae
2017,31.53859506086552,28.825871163704576,34.50660598475452,3.4512120358650544,0.04588795935594688,30.63492779560746,unweighted,NA,Ammodytidae
2018,31.63580627438872,28.065772525697415,35.65995689996717,3.454289589057334,0.0610923545959851,30.486734525495457,unweighted,NA,Ammodytidae
2019,33.30480947229808,30.34032934580893,36.55894177494475,3.5057018151551325,0.047564132229271916,31.924860129828488,unweighted,NA,Ammodytidae
2020,31.812037855244355,29.62378020194925,34.16193833482838,3.4598447670616257,0.03636155747448578,30.88752819937609,unweighted,NA,Ammodytidae
2021,21.566121201454443,19.786992713410076,23.505218322570872,3.07112362046887,0.043928782870065464,20.977524137858047,unweighted,NA,Ammodytidae
2022,29.125066430732332,26.84676556248479,31.59671106823865,3.371599192766777,0.04155884645475396,27.912871156545396,unweighted,NA,Ammodytidae
2023,24.730212785192563,22.90320230001006,26.702965654747455,3.208025685830823,0.03915834536966466,23.90411114663621,unweighted,NA,Ammodytidae
2024,31.725950281430794,28.947477845751415,34.771109477074766,3.4571349668612505,0.046762026448087475,30.26201171228824,unweighted,NA,Ammodytidae
1993,38.55644337431133,32.17734708471731,46.20018305929697,6.938148408264636,0.09227747677199272,976.7940752672671,weighted,26.736379842832086,Ammodytidae
1994,35.41681953792531,31.696858262291876,39.57335758018028,6.974063107162047,0.056618013821041986,1021.0472296814855,weighted,30.170851364127685,Ammodytidae
1995,40.72488419963534,34.03848510220299,48.724735783449034,6.67091614719098,0.091505513965163085,752.853867442574,weighted,19.376807014948053,Ammodytidae
1997,30.473835624351,24.57196692760696,37.793256860386144,6.456506452756322,0.10982968636378553,614.7928812165865,weighted,20.89767660752925,Ammodytidae
1998,34.63970755263007,30.652871684759386,39.14508734032682,6.238353918299491,0.062385988385187385,487.93099770932974,weighted,14.781158229781596,Ammodytidae
1999,37.63923445452654,32.56676601002881,43.50177017535444,6.38605619369917,0.07385577296295757,572.3669113443642,weighted,15.768420190529907,Ammodytidae
2000,24.859936042081422,21.94272072357968,28.164985910441693,6.273009663387873,0.06368589409053883,515.5787430892216,weighted,21.32227178269749,Ammodytidae
2001,36.71339503988464,31.748976723677494,42.45407299534855,5.776590314955775,0.07412441322072337,304.589030336491,weighted,8.788540342413086,Ammodytidae
2002,33.12398360971873,29.673791507087707,36.97533191587077,7.018291723552509,0.0561201051822014,1068.4583455187962,weighted,33.718077679734215,Ammodytidae
2003,29.189813135105695,25.641692400665743,33.22889837178871,5.9907131597467735,0.06612373903418599,385.80737386210143,weighted,13.693118078345197,Ammodytidae
2004,30.94790632513417,28.42298626409901,33.6971244685517,6.5089780940878015,0.043422816547088045,643.788771809171,weighted,21.686126932917464,Ammodytidae
2005,28.77154149054731,24.01769292534106,34.46632456812167,5.929913580567347,0.09214250535930807,366.5769201782352,weighted,13.072709652808053,Ammodytidae
2006,34.84952476976606,30.358746408622164,40.00459572117284,6.069300117785242,0.07038641575395287,411.81738721644456,weighted,12.406997365492426,Ammodytidae
2007,35.64570219012609,30.40031189419651,41.79615291610621,5.901728025792489,0.08121359225715018,345.4803607182934,weighted,10.258426258598808,Ammodytidae
2008,34.73709969474983,32.6762077310704,36.92797233797792,7.338990584483332,0.031205191016999125,1483.4713468489892,weighted,44.3087561467169,Ammodytidae
2009,38.784081165842366,33.86682164799325,44.41529729341398,6.09923076782563,0.06917171008963743,421.7191853709048,weighted,11.48705655582722,Ammodytidae
2010,26.804260508752954,22.057567907713413,32.572420696021034,4.30460484248712,0.09944319990021529,72.14145903157797,weighted,2.762245658815463,Ammodytidae
2012,30.628462868410885,26.733136682993084,35.09138298306834,6.045358347394939,0.06940222709204923,409.3462070924879,weighted,13.78289887389094,Ammodytidae
2013,32.606613770188225,30.232382104712446,35.16730034291622,6.634989504492234,0.0385729226300457,733.5406529785109,weighted,23.347136909701963,Ammodytidae
2014,34.113066481246634,30.97025232934547,37.57480863826552,6.914373492470748,0.04931384016846904,973.0574390114635,weighted,29.508932092361796,Ammodytidae
2015,35.05704362257822,31.3808150624006,39.163938384375896,5.7812287182564,0.05652136086516317,308.9844975061383,weighted,9.246565318874426,Ammodytidae
2016,34.34922237965762,31.273288776882644,37.72769427944961,6.172653528144541,0.04786569626622985,456.840183403483,weighted,13.958297689408198,Ammodytidae
2017,30.63363800843665,29.28512610706653,32.04424574444611,7.971341378684409,0.022969269402479238,2844.7762322254043,weighted,94.56076958102545,Ammodytidae
2018,32.509165303034905,29.91115468091777,35.33283285029036,7.0126595889058665,0.042495975682978325,1072.2185633201757,weighted,34.162806737889525,Ammodytidae
2019,33.37328085563414,30.87770386692944,36.07055368718367,6.520922513160994,0.039654422383341124,651.7832140453461,weighted,20.351750090231022,Ammodytidae
2020,32.244751530923985,30.30408527936548,34.30969757727644,7.198197705158865,0.03167035523683452,1300.51098288377,weighted,41.464698156017285,Ammodytidae
2021,22.80033307320988,21.162951414802873,24.564399268321555,6.557479729055397,0.03802267123339579,686.1367492377669,weighted,30.898405626592655,Ammodytidae
2022,28.964441246857866,26.790078874869728,31.315281327134983,6.643231995187251,0.03981567345299593,736.5084318130127,weighted,26.500486238758945,Ammodytidae
2023,25.017416311036445,23.37010819139555,26.780839598772015,6.973086151457582,0.034752912430048785,1034.5748950696973,weighted,42.67076036474086,Ammodytidae
2024,31.937991532654333,29.34917903694899,34.7551562466443,6.616677595720495,0.0431292026629832,713.3087306768721,weighted,23.4034006193948,Ammodytidae
1993,15.383137421850483,13.37358484477909,17.69465103680999,2.7332719368919958,0.07142501434201172,15.289885550592693,unweighted,NA,Chirolophis ascanii
1994,14.754906975612787,12.806272711095549,17.00005026992452,2.6915757037740655,0.07226693880571537,14.668652376017851,unweighted,NA,Chirolophis ascanii
1995,18.423161757540612,16.135454379717654,21.035223499571888,2.9136086641722674,0.06764903793530415,18.317900372599325,unweighted,NA,Chirolophis ascanii
1996,12.704718909951863,11.223267969882254,14.381718677129815,2.541973492163103,0.0632584948205563,12.6320744244918,unweighted,NA,Chirolophis ascanii
1997,13.427702287088776,11.299970942467104,15.956075429635026,2.5973199078181475,0.08802189985482435,13.354314431031469,unweighted,NA,Chirolophis ascanii
1998,17.417704278747056,15.985362460020278,18.978388704080636,2.8574871762154705,0.043783314197882804,17.31082819382091,unweighted,NA,Chirolophis ascanii
1999,15.88330251027875,14.201028413168848,17.76486119829776,2.765268400839164,0.05712044520964954,15.787451552764328,unweighted,NA,Chirolophis ascanii
2001,18.82901184563976,17.201073928312677,20.611020483999507,2.9353988636308688,0.04613709475342033,18.709634434057115,unweighted,NA,Chirolophis ascanii
2002,12.54728555306342,10.982498280723009,14.335023846664292,2.529504351591053,0.06796115251142555,12.475672645105227,unweighted,NA,Chirolophis ascanii
2003,14.678423791408461,12.587082705173255,17.11724074964837,2.6863786462642123,0.07842365548905095,14.597224180248817,unweighted,NA,Chirolophis ascanii
2004,15.842980508346612,14.313291968731049,17.536149750608576,2.762726532091487,0.05180601227829093,15.747597560978205,unweighted,NA,Chirolophis ascanii
2005,15.936583434106288,13.42751245165574,18.914500542571716,2.76861731124802,0.08740545360899912,15.851855308823174,unweighted,NA,Chirolophis ascanii
2006,16.582075482904123,14.550972463071712,18.89669078946802,2.808322321782576,0.06666678340990766,16.486464118237055,unweighted,NA,Chirolophis ascanii
2007,13.6662216376931,11.929079054319462,15.65633130605536,2.614927214410382,0.06936258938161838,13.590244600598293,unweighted,NA,Chirolophis ascanii
2008,14.453845447069469,12.47988801568209,16.740025867640185,2.670960500059016,0.07492082069806456,14.374324337647634,unweighted,NA,Chirolophis ascanii
2009,14.875346027926781,13.751471661008672,16.09107191617674,2.6997052135427606,0.04008204532613697,14.781307606895314,unweighted,NA,Chirolophis ascanii
2010,15.611045112314896,14.029700782843992,17.370629158160053,2.747978683747748,0.05449187722663722,15.518489025586481,unweighted,NA,Chirolophis ascanii
2012,14.766912465907541,13.249242603027088,16.458427874658614,2.6923890337912306,0.05533195807878691,14.67411784597577,unweighted,NA,Chirolophis ascanii
2013,17.088982590879485,15.60419664228537,18.7150503602351,2.838433962931705,0.04637537732338488,16.983146157014236,unweighted,NA,Chirolophis ascanii
2014,13.88675073177466,12.14420988523874,15.87932419719153,2.6309352008027536,0.068410796482168093,13.805692716560106,unweighted,NA,Chirolophis ascanii
2015,13.935382125903102,12.584378502885114,15.431423566163264,2.634431082581839,0.052028935213415506,13.850224951547467,unweighted,NA,Chirolophis ascanii
2016,14.395656040923303,12.413220648096727,16.694693401776128,2.6669264972475,0.07559547648563938,14.315865059626661,unweighted,NA,Chirolophis ascanii
2017,12.578049068355348,11.333822311900294,13.958867009926585,2.5319531572391076,0.053144740350192045,12.506193617044232,unweighted,NA,Chirolophis ascanii
2018,15.484355776396225,13.930327369560299,17.211747251104494,2.739830209485548,0.05396115528599901,15.39345491345771,unweighted,NA,Chirolophis ascanii
2019,13.09641337705421,11.903776760402554,14.408539978103915,2.572338404709197,0.048716548300816,13.018555688316447,unweighted,NA,Chirolophis ascanii
2020,13.908091567861216,12.411999296756713,15.584516759564865,2.632470797950604,0.05806591800691516,13.82666155561785,unweighted,NA,Chirolophis ascanii
2021,14.402851046831747,13.042878620978803,15.904626908323921,2.667426176347963,0.05060495593370576,14.322577499703087,unweighted,NA,Chirolophis ascanii
2022,12.812827874047894,11.620288022072444,14.127752928167064,2.5504468467407957,0.04984495105093501,12.739058810861204,unweighted,NA,Chirolophis ascanii
2023,13.049374653943287,11.875894054830578,14.33880919388235,2.5687402133824766,0.0480771984644952,12.974301987428518,unweighted,NA,Chirolophis ascanii
2024,11.76250705486236,10.293979598293454,13.440532973139332,2.4649171046870766,0.06804098769829577,11.69853415626526,unweighted,NA,Chirolophis ascanii
1993,16.654931602421048,14.63265236831923,18.956696277558418,5.915367516469343,0.06604757576834061,367.56766116714147,weighted,22.257102063849125,Chirolophis ascanii
1994,15.962236325538047,14.049342835513146,18.13558053891852,5.610302378516024,0.06512878932855502,270.8982655377466,weighted,17.117077950123672,Chirolophis ascanii
1995,19.616947370514882,17.380933485150965,22.140618883693303,6.051689943798863,0.06174604566441569,421.33798140552875,weighted,21.65629316129329,Chirolophis ascanii
1996,13.592789598907256,12.066371039563792,15.312302967839166,5.264158173846717,0.060775170440647015,191.80765081453802,weighted,14.219563081198384,Chirolophis ascanii
1997,14.467791581507985,12.333094664196583,16.971976535103412,5.109417889265512,0.08144978046920699,164.22894430143091,weighted,11.444313633664363,Chirolophis ascanii
1998,18.812298146698854,17.565093136051733,20.148060634754994,6.8510041102251025,0.03499922711830565,936.6406867591483,weighted,50.2240149375016,Chirolophis ascanii
1999,17.104317018763822,15.47432383948736,18.906006085501822,6.2140828285174505,0.05109724759783377,495.427698605412,weighted,29.21703529374769,Chirolophis ascanii
2001,20.472032139084046,18.92999059138756,22.139688758977325,6.052337340610291,0.03995593856753516,421.2841937463162,weighted,20.76518262413695,Chirolophis ascanii
2002,13.535248681125656,12.041562476966028,15.214218022815368,5.057282316897121,0.05966083648199278,155.8379768725397,weighted,11.611372674550703,Chirolophis ascanii
2003,15.754356502742242,13.726229428562382,18.082150681455705,5.316535357350495,0.07031168543108962,201.97038237782039,weighted,12.928296380370638,Chirolophis ascanii
2004,16.99303596309955,15.488747887300281,18.643422524809843,5.889213639403695,0.0472915798873801,358.12845022108115,weighted,21.251129109129028,Chirolophis ascanii
2005,17.2813634692668,14.75737272122185,20.23703873301522,5.281238315252926,0.08055549110530344,195.14091663828682,weighted,11.37718063361667,Chirolophis ascanii
2006,17.868354364342586,15.802855710493443,20.203822241932702,5.5739183494408495,0.06267491226145404,261.41038022911073,weighted,14.74475039190041,Chirolophis ascanii
2007,14.979417390712843,13.31375305070897,16.853470581177834,4.8627110651581065,0.06014371737024127,128.32819590650504,weighted,8.636815861148794,Chirolophis ascanii
2008,15.47029244910322,13.49623699521973,17.733087270588744,4.332242146047889,0.06964957737082644,75.49636882230875,weighted,4.9200592709298006,Chirolophis ascanii
2009,16.030530977538895,15.018562056078158,17.11068759194777,6.348217119678336,0.03327009276901897,566.2609160702317,weighted,35.649033283375,Chirolophis ascanii
2010,16.793542901567392,15.162513493190849,18.60002191018231,5.879723746196119,0.052127640130595725,354.8178284247291,weighted,21.300473121930562,Chirolophis ascanii
2012,16.15774414612885,14.685004015436835,17.778183486863355,5.66806061017549,0.04876243191009357,286.7608337190043,weighted,17.9154086635051,Chirolophis ascanii
2013,18.460933804601343,16.99321785703054,20.055417390937077,6.059591490362555,0.04226735739970704,424.53330581392476,weighted,23.19495219667401,Chirolophis ascanii
2014,15.209073204046414,13.353811186648874,17.32208913941452,4.613616861499784,0.06637384455050056,100.02747682529271,weighted,6.630794893270136,Chirolophis ascanii
2015,15.113037019212213,13.872179005104128,16.46488903149533,4.968919252963445,0.04371122466617549,142.59509533717397,weighted,9.519682552139818,Chirolophis ascanii
2016,15.642492425217899,13.575505743462093,18.024195480955832,4.54551583821112,0.07230947361011747,93.48466487740674,weighted,6.022634291549519,Chirolophis ascanii
2017,13.482058220586215,12.421945373119977,14.63264314916423,5.444987287751213,0.041783974055495554,229.6296181926127,weighted,17.177965843150737,Chirolophis ascanii
2018,16.77245865672858,15.290703830928965,18.397803822649703,6.04063179031405,0.047191236802399894,416.52942489366814,weighted,25.05049567614778,Chirolophis ascanii
2019,14.067883427700414,12.962381966420796,15.267667983249062,5.733631208935292,0.041757379797109,306.4443978079669,weighted,21.971293946010665,Chirolophis ascanii
2020,15.015271481479134,13.576419134920064,16.60661588464196,5.2722061049964575,0.05139552668791864,193.18911269974402,weighted,12.976477858653272,Chirolophis ascanii
2021,15.460557033217775,14.212757727507544,16.817906022190208,6.307974294723867,0.042935523820505854,544.7274882366708,weighted,35.50530853874145,Chirolophis ascanii
2022,13.82194103268462,12.725501580442238,15.012850590080363,6.057872803987096,0.04216877530860324,423.9393187561438,weighted,30.926565656138358,Chirolophis ascanii
2023,13.875129564240922,12.777454890000842,15.067102336250914,5.940215567505582,0.04204960752990187,376.9281562870191,weighted,27.388345329103593,Chirolophis ascanii
2024,12.82500723130986,11.379547154323959,14.454073457628873,4.92480906761179,0.06101097829128952,136.60342851682424,weighted,10.73395533544293,Chirolophis ascanii
1993,25.750782045961888,21.325395613604712,31.094512289169508,3.248464997365531,0.09620909058166473,25.70715401767547,unweighted,NA,Microstomus kitt
1994,28.883855038681304,25.701892124096222,32.45975346357469,3.363282789835215,0.059551184643741824,28.834484089197616,unweighted,NA,Microstomus kitt
1995,23.641450484416705,21.228632723097512,26.328505857986972,3.1630015478644493,0.05492482419549408,23.600819193195566,unweighted,NA,Microstomus kitt
1998,28.184825528523863,24.413835653003595,32.53828695187431,3.3387837312899284,0.07328385922810257,28.137071555047566,unweighted,NA,Microstomus kitt
1999,24.606789631664558,22.4690345549408,26.947935590933067,3.2030224061441457,0.0463703861622434,24.56439117383546,unweighted,NA,Microstomus kitt
2000,30.382525695420753,26.13916313722268,35.31474449992596,3.413867630493416,0.07675290905331485,30.33126776045881,unweighted,NA,Microstomus kitt
2001,29.248928674913802,25.571091301506463,33.455741819661604,3.3758429465084254,0.06856272880343856,29.19930061517866,unweighted,NA,Microstomus kitt
2002,30.386287963305936,26.83444411773303,34.408258734109125,3.4139914528181734,0.0634221665332283,30.33482049807535,unweighted,NA,Microstomus kitt
2003,28.101942093313987,24.230017433794647,32.59259517966822,3.3358386875925294,0.07563732518603578,28.054456400506808,unweighted,NA,Microstomus kitt
2006,32.85025363030672,28.553474380023772,37.79362011126932,3.49195946576251,0.07152215224292001,32.79479367050028,unweighted,NA,Microstomus kitt
2008,28.229976495159672,25.349038716252775,31.43833507210304,3.34038440964584,0.05492121367541834,28.18203441812466,unweighted,NA,Microstomus kitt
2009,25.423465171199965,22.323414220127283,28.95401997820081,3.2356725731980123,0.06634636225832131,25.38059729492948,unweighted,NA,Microstomus kitt
2012,20.650693360529772,18.112082413389242,23.545119028134348,3.027748895624457,0.06692451720515012,20.615312426913878,unweighted,NA,Microstomus kitt
2014,23.630789658023172,20.623400965310882,27.07672807220316,3.162550508246181,0.0694523517061102,23.59042129367977,unweighted,NA,Microstomus kitt
2015,21.669919487239383,19.37834924935825,24.232477418012692,3.075925100139399,0.05702588222943991,21.633088411980467,unweighted,NA,Microstomus kitt
2016,29.811200647735383,25.70977265302975,34.566921149137805,3.3948841835556958,0.07551822698241345,29.760722807558814,unweighted,NA,Microstomus kitt
2017,23.126267746428493,21.335753903285614,25.067042969460683,3.1409691033630254,0.04111547534912405,23.08626226853911,unweighted,NA,Microstomus kitt
2018,20.38759756077457,17.815000054136437,23.331694248498817,3.0149267532587762,0.0688206274330182,20.353469068434453,unweighted,NA,Microstomus kitt
2019,19.707674310715632,18.09737872383261,21.461253182802828,2.9810081188051423,0.04349111186794039,19.67415971216561,unweighted,NA,Microstomus kitt
2020,19.677547373970242,17.219658246639575,22.486269187741087,2.9794782585513384,0.06807604992003338,19.64438375499354,unweighted,NA,Microstomus kitt
2021,14.995555833251505,13.77252499884925,16.327194524384733,2.7077538794200438,0.04340804963771018,14.970183625443623,unweighted,NA,Microstomus kitt
2022,23.41891011239869,20.82700084802558,26.333381116878527,3.1535438204683786,0.05984475164803592,23.37927706506409,unweighted,NA,Microstomus kitt
2023,17.903907706301577,15.828820625589222,20.251029355753584,2.885018996635683,0.0628514753227697,17.873580750856704,unweighted,NA,Microstomus kitt
1993,24.55818097626892,20.422671883193036,29.531114063459302,5.572047678824934,0.09408304792534639,262.4712553623933,weighted,10.708123325977166,Microstomus kitt
1994,27.336576732140866,24.52160559177573,30.47469402586171,6.669258804933521,0.055445418138820216,786.2740873192361,weighted,28.818951025089653,Microstomus kitt
1995,22.290662483301546,20.175137577599113,24.628017134126324,7.200057975650943,0.05087687095133934,1336.866165186242,weighted,60.09280442065862,Microstomus kitt
1998,26.77849980965308,23.252211388334548,30.83956360449002,5.687280950704769,0.07204167003247178,294.5306276015052,weighted,11.019667502337338,Microstomus kitt
1999,23.375364987871787,21.47853333418186,25.439711353411894,6.758416273543272,0.04317870297460701,859.5812722444512,weighted,36.845503299396874,Microstomus kitt
2000,29.023688718118738,25.007605896920683,33.68473216822324,5.697157173562165,0.07598728119147433,297.456959129218,weighted,10.268128983936906,Microstomus kitt
2001,27.366896895543398,24.05427141471677,31.135719422916537,5.794053087592793,0.06582853314526996,327.70377994880073,weighted,11.997747779000642,Microstomus kitt
2002,29.013568396739295,25.74516761086772,32.69689923311779,5.92432898421383,0.06097900438891942,373.31797608545725,weighted,12.891464012631635,Microstomus kitt
2003,26.51951529458898,22.97573382370911,30.609890280597053,5.665983904024528,0.07318618172475475,288.32137257308443,weighted,10.892810841972691,Microstomus kitt
2006,31.104937074719402,27.15986711842885,35.62304285965236,5.987612979005733,0.06919828420692158,397.7002382707646,weighted,12.810260149759099,Microstomus kitt
2008,27.027384176293786,24.38739247478596,29.95316109207724,6.227985809423459,0.05244192478765066,505.7490437471699,weighted,18.748902711488434,Microstomus kitt
2009,23.945350692416227,21.12509847637069,27.1421134639513,5.485868393601113,0.06393604453307998,240.79627703292115,weighted,10.07537385324977,Microstomus kitt
2012,19.723270514588812,17.24030746976228,22.56383190809833,5.81270570114152,0.06864875290101628,333.8910065487826,weighted,16.960829156654935,Microstomus kitt
2014,22.098628824269824,19.21826488040644,25.410691285181283,5.913645968014173,0.0712535744823293,369.34740230082537,weighted,16.745514068000812,Microstomus kitt
2015,20.342263923058102,18.265214270095914,22.655507643994255,5.3044764900332115,0.054951161295689305,200.84765430239932,weighted,9.892489190906694,Microstomus kitt
2016,28.542183534076027,24.598513803338996,33.118108167262534,5.09043072994796,0.07586725650646765,162.15370899581947,weighted,5.691919929758782,Microstomus kitt
2017,22.616659973745676,20.87911361475224,24.49880381926832,6.4599789321934775,0.040785183606410404,637.8109533945557,weighted,28.255613067469405,Microstomus kitt
2018,19.409186256566,17.114868742475256,22.011066331297332,5.419133565591215,0.06418427612210355,225.2605641444188,weighted,11.627664077979619,Microstomus kitt
2019,18.465487063575676,17.158043869585264,19.872557448084123,6.216905113465667,0.03746820464676775,500.18078811457576,weighted,27.13981092815952,Microstomus kitt
2020,18.716551790292176,16.435783395352434,21.31381890915811,4.620410254761365,0.06630090328623853,101.34288560843818,weighted,5.424913745836828,Microstomus kitt
2021,13.951217187405671,12.927048294337691,15.05652772221932,5.998499308417225,0.03890116115261479,402.0788141135651,weighted,28.873740544342976,Microstomus kitt
2022,22.331994248949698,19.88698879220143,25.077600854820815,5.774412901197208,0.059161638930380456,321.3460972631196,weighted,14.416776040052204,Microstomus kitt
2023,17.038909493519405,15.087072882052336,19.24325805264169,5.247148228057577,0.06207320482546416,189.66344169823435,weighted,11.152332909402269,Microstomus kitt
1994,72.02367885755592,61.09591323895243,84.90601156721968,4.276994937970787,0.08395560416468903,71.68981224854157,unweighted,NA,Syngnathus rostellatus
1998,68.8781545497071,61.49353633220517,77.14957468934372,4.232339067508917,0.05786177674883554,68.58346423879297,unweighted,NA,Syngnathus rostellatus
1999,70.62006946765005,64.33863612168442,77.5147642574111,4.257314374182142,0.047528450173124646,70.32970072854489,unweighted,NA,Syngnathus rostellatus
2000,62.87123049802987,55.76381818049744,70.88452249704146,4.141088674305075,0.06120695884383031,62.595366039928685,unweighted,NA,Syngnathus rostellatus
2001,69.5584438708413,62.13484984770799,77.86897571317553,4.242167318201363,0.05758284253479801,69.26331267587292,unweighted,NA,Syngnathus rostellatus
2003,59.90274103477603,55.79145881314784,64.31698435233976,4.092722264254339,0.03627692907049708,59.69000741467703,unweighted,NA,Syngnathus rostellatus
2004,61.301321716070504,57.53744242540584,65.31141958575975,4.115801404146434,0.03232992858444817,61.1025159307043,unweighted,NA,Syngnathus rostellatus
2005,70.4113489165057,63.48255451969959,78.0963855936742,4.254354456372038,0.052852665155823424,70.11706466733955,unweighted,NA,Syngnathus rostellatus
2006,63.71158863152508,56.70653843636192,71.58198398070122,4.154366471173427,0.05942810769429512,63.43590635119281,unweighted,NA,Syngnathus rostellatus
2007,75.12043425299653,68.68301430754083,82.16121117065205,4.319092615673988,0.04571037639162146,74.81398732191285,unweighted,NA,Syngnathus rostellatus
2008,60.3620343381895,55.79122404470462,65.30731762624943,4.100360336747697,0.04017612340588688,60.12677505620711,unweighted,NA,Syngnathus rostellatus
2009,60.20030536388294,53.239658072255914,68.07100002382103,4.0976774247916605,0.06269189364649598,59.932713328568575,unweighted,NA,Syngnathus rostellatus
2012,71.35347177495532,64.18632725886421,79.32091072614264,4.2676460011126505,0.05400904556358895,71.07213894772066,unweighted,NA,Syngnathus rostellatus
2013,71.09936456002362,65.2906414999958,77.4248732238213,4.264078399498141,0.04348533423359764,70.82728269763689,unweighted,NA,Syngnathus rostellatus
2014,73.3176755801829,66.05992633814375,81.37280573044002,4.294801720071031,0.05318435236885082,73.04524850349088,unweighted,NA,Syngnathus rostellatus
2015,72.27123732146397,67.90326607128874,76.92018434712442,4.2804262259655985,0.03180777394499949,72.03629132826966,unweighted,NA,Syngnathus rostellatus
2016,64.32317291704773,59.44092236530104,69.6064328996969,4.163919953831998,0.040274737995043795,64.07806655656303,unweighted,NA,Syngnathus rostellatus
2018,61.57060486468836,55.72416389681448,68.03043990796066,4.120184562891241,0.05090434753582177,61.310812236249284,unweighted,NA,Syngnathus rostellatus
2019,62.12077816926867,55.4049409022777,69.65066684507276,4.129080525073705,0.058374414141316965,61.84593112573431,unweighted,NA,Syngnathus rostellatus
2020,53.75074982988876,49.42601892419916,58.45389068672799,3.984357617233979,0.04279702764360912,53.535194555036504,unweighted,NA,Syngnathus rostellatus
2021,63.882772165163644,57.081474802284035,71.49444883198628,4.157049718854237,0.05743477431531566,63.60274164509549,unweighted,NA,Syngnathus rostellatus
2022,45.497779530123786,40.7562612785623,50.79091843148508,3.81766352323033,0.05615105441069024,45.302252392644085,unweighted,NA,Syngnathus rostellatus
2023,64.50527689034661,56.55544107633401,73.57259827722311,4.166747032708723,0.06710614007424806,64.2120299540291,unweighted,NA,Syngnathus rostellatus
2024,58.83273216562665,53.0202285009245,65.28244920732489,4.074698369505048,0.05307488288667437,58.57869065190822,unweighted,NA,Syngnathus rostellatus
1994,72.78864989264157,62.186895293722955,85.19781423672936,6.54550918119654,0.08031563093494457,692.8307716228713,weighted,9.56345579156568,Syngnathus rostellatus
1998,69.9499945562835,62.92795436457683,77.75561414369517,7.26823649349165,0.053975549364369206,1428.2114204839968,weighted,20.50063518304494,Syngnathus rostellatus
1999,71.7230621847282,65.87347037112082,78.0921002062406,7.661611562725116,0.04340720465390669,2117.1423443100803,weighted,29.630351322895898,Syngnathus rostellatus
2000,63.885416553690135,56.906925472118026,71.71967936025985,6.693266377899601,0.05901846489721004,803.3975855171389,weighted,12.631267220701167,Syngnathus rostellatus
2001,70.08671648441228,63.055031564068315,77.90255124327867,7.048114729214146,0.05394253217286366,1146.0064707940073,weighted,16.41805176614577,Syngnathus rostellatus
2003,61.40005934621671,58.398655156222105,64.55572097737368,8.744311188470515,0.025570847564836935,6259.361116384901,weighted,102.19680210957942,Syngnathus rostellatus
2004,61.66784316203327,58.54239548805535,64.96015150307716,8.716785230567153,0.02653692311761692,6089.1059734268465,weighted,98.99037429218937,Syngnathus rostellatus
2005,71.4699939550187,64.82327424590206,78.79824176350243,7.808821571671235,0.04980345970015294,2452.2998526753613,weighted,34.45120155290805,Syngnathus rostellatus
2006,64.5996856577337,57.87980947113038,72.0997429882608,6.891908398625469,0.056042323071761234,980.187494091991,weighted,15.236576011094241,Syngnathus rostellatus
2007,76.58954644271003,70.39472482953973,83.32951991082301,7.302106070830438,0.043032560661723965,1477.6633705448994,weighted,19.368450372773275,Syngnathus rostellatus
2008,61.24614099777727,57.12899165089176,65.66000341896566,7.795137552848832,0.03550530589900489,2420.3123375571345,weighted,39.65577986256041,Syngnathus rostellatus
2009,60.26102627845538,53.81228286646761,67.48257265248901,6.388139494751111,0.05774790665159149,592.2318251033491,weighted,9.869546749489125,Syngnathus rostellatus
2012,71.24853982076006,64.46636895646273,78.74422755248932,7.436800844537871,0.05103698317536177,1691.294113967296,weighted,23.82240487939212,Syngnathus rostellatus
2013,71.85457544906879,66.52297789536395,77.61348298458762,8.024354265860667,0.03933586098358817,3044.5271902564436,weighted,42.508751602542276,Syngnathus rostellatus
2014,73.85751585978434,66.81822821559219,81.63839111952656,7.838982430427613,0.051103926275732875,2529.322314178018,weighted,34.3583355575715,Syngnathus rostellatus
2015,74.75622562870336,70.46605939581691,79.3075889040185,7.997213177097659,0.030154292826944522,2963.7479445239915,weighted,39.76474367098885,Syngnathus rostellatus
2016,64.64487528255913,60.37254557064833,69.21954111422022,7.803676781993742,0.034885526420449516,2441.9339588193297,weighted,37.89305873782423,Syngnathus rostellatus
2018,62.2571745555999,56.8479068910825,68.18115205318912,7.4078921829023745,0.04637553644140864,1642.5634971058075,weighted,26.486055853438703,Syngnathus rostellatus
2019,62.41721674342795,56.26911179062605,69.2370791366408,6.511047029657507,0.05290678754458678,669.7121091986485,weighted,10.77475483919783,Syngnathus rostellatus
2020,54.09741841578496,49.871774259380935,58.68110214069688,6.819366922579024,0.04149630809217692,911.7310541901782,weighted,16.921423073026595,Syngnathus rostellatus
2021,64.55612056726113,57.98787119398476,71.86835137909081,6.7393893549645965,0.05474644499761602,841.3105192448654,weighted,13.09007648813832,Syngnathus rostellatus
2022,45.54940996864421,41.01976926074782,50.57923986122883,6.895420166703762,0.05344156493439277,983.5503940787864,weighted,21.685037282659298,Syngnathus rostellatus
2023,65.4907164557943,57.67673158994699,74.36333203459162,6.652966056575206,0.06482495252825304,771.462594112575,weighted,11.83495756583172,Syngnathus rostellatus
2024,59.577593071239924,53.8780465161926,65.88007223119136,7.330430733261513,0.051305255762641805,1519.2899477255153,weighted,25.61431013761713,Syngnathus rostellatus
1994,6.652941220247535,5.791438901459177,7.642595844172139,1.895059045645948,0.07075551953869612,6.646625617039093,unweighted,NA,Myoxocephalus scorpius
1999,8.306449190656066,7.287785106390626,9.467498993136829,2.1170322240082644,0.06675252783628124,8.298517173335815,unweighted,NA,Myoxocephalus scorpius
2003,7.747716736075609,6.8791283592301475,8.725976822619401,2.0473981852578977,0.060667560347552725,7.740590293388528,unweighted,NA,Myoxocephalus scorpius
2004,9.273213479470467,8.379675419831502,10.262030917369577,2.2271299731718237,0.0516952316186283,9.264218787404458,unweighted,NA,Myoxocephalus scorpius
2005,7.918527667532237,7.038665174046437,8.908376641167363,2.069205287980571,0.06009638068684028,7.911349538657569,unweighted,NA,Myoxocephalus scorpius
2006,7.82282439696824,6.89301242878842,8.878060525499153,2.057045665431734,0.06456111409446162,7.815304744709724,unweighted,NA,Myoxocephalus scorpius
2007,7.358120162040283,6.726429397890315,8.0491341120751,1.9958044873511234,0.0457967775349926,7.351217781705442,unweighted,NA,Myoxocephalus scorpius
2008,6.458236939511304,5.795645450750375,7.1965796944097375,1.8653563609648907,0.05523035657771149,6.451986669254447,unweighted,NA,Myoxocephalus scorpius
2009,7.512035346788729,7.013678533182898,8.045802895644588,2.016506447271453,0.03502315823756436,7.5056415852937945,unweighted,NA,Myoxocephalus scorpius
2010,8.098509216561228,7.333206108955581,8.943680370667787,2.0916799974014832,0.05064745190399422,8.090646400522928,unweighted,NA,Myoxocephalus scorpius
2013,8.543197563286974,7.851342364051407,9.296018594161845,2.1451353596526386,0.0430879553673488,8.535391777941246,unweighted,NA,Myoxocephalus scorpius
2015,6.8806778771894,6.116867543278844,7.7398648433485295,1.9287171757528725,0.060035312140819246,6.873905093932713,unweighted,NA,Myoxocephalus scorpius
2016,7.620071470810906,6.842827525194904,8.485598826869804,2.030785749026079,0.054891172889972195,7.612559479726451,unweighted,NA,Myoxocephalus scorpius
2017,7.423507796109211,6.907435223199477,7.978137502296885,2.0046516942705606,0.03676256034107968,7.416900196554566,unweighted,NA,Myoxocephalus scorpius
2019,7.74889536259377,7.2016238981542156,8.337755510367174,2.0475502993474715,0.03736995063354818,7.742320830982857,unweighted,NA,Myoxocephalus scorpius
2020,6.388106966610356,5.9555634440785195,6.852065467866041,1.8544379751421824,0.0357721674429405,6.382524621154763,unweighted,NA,Myoxocephalus scorpius
2022,5.763694593520499,5.20763714339127,6.379126358589587,1.7515786915705176,0.05176241136046808,5.758130141172091,unweighted,NA,Myoxocephalus scorpius
2023,6.321405492410001,5.783259884947281,6.909626783932019,1.8439415714737688,0.04539575958568003,6.315536326395239,unweighted,NA,Myoxocephalus scorpius
1994,7.588863050027645,6.782901484679402,8.490591013617959,4.038883707104266,0.05728514773265718,56.692066947770414,weighted,7.479769101283141,Myoxocephalus scorpius
1999,9.214761536807652,8.231724461889407,10.315193441343647,4.672028248689215,0.05755778553725074,106.76520442279165,weighted,11.602510946840294,Myoxocephalus scorpius
2003,8.40566143658377,7.584794698073952,9.315366730283857,4.437902869677034,0.0524294908381706,84.49548826085821,weighted,10.064329202315154,Myoxocephalus scorpius
2004,9.965208895514513,8.976493840226171,11.062825875981378,4.225061717386881,0.05331248536886414,68.29463406633671,weighted,6.861745126612232,Myoxocephalus scorpius
2005,8.74449172022644,7.933616289128215,9.63824473713125,6.1379272893782755,0.049651436020843126,462.5147787451454,weighted,52.958220218961294,Myoxocephalus scorpius
2006,8.717756227205346,7.810181068942683,9.730795351107801,4.603275075135616,0.05608967534960477,99.6824336450384,weighted,11.449123578627894,Myoxocephalus scorpius
2007,8.316140179447556,7.802622015199449,8.863454791158976,4.590100150770202,0.032520186059149234,98.38346260135208,weighted,11.844953647174583,Myoxocephalus scorpius
2008,6.9944744526663225,6.3269347852855855,7.732444624335349,3.0736540438242104,0.05117675196374546,21.591590203326614,weighted,3.091120264604382,Myoxocephalus scorpius
2009,8.386157428107886,8.008740492200314,8.781360374643288,4.998390504363622,0.023494775858631543,148.01243775926366,weighted,17.66893624024659,Myoxocephalus scorpius
2010,8.784018015305437,7.929312882553281,9.730852299066404,4.143632900032654,0.05222930240157055,62.951942188778645,weighted,7.175690287569615,Myoxocephalus scorpius
2013,9.60033836029292,8.967339368295516,10.278020363316584,4.544247926826338,0.03480131606622128,93.9784828732551,weighted,9.80065855697272,Myoxocephalus scorpius
2015,7.606669924868211,6.814355252863889,8.491108138451832,1.9625130387223737,0.05612043453789864,7.107497370595839,weighted,0.9356512712497944,Myoxocephalus scorpius
2016,8.637987050591578,7.802100616247529,9.563427076396035,3.4616903731283784,0.05192777469664883,31.828403628993847,weighted,3.6896101339413403,Myoxocephalus scorpius
2017,7.9307457407663025,7.4939514321308245,8.392999150622842,4.477446554498323,0.028904027151480303,87.90951720765227,weighted,11.097273891820944,Myoxocephalus scorpius
2019,8.607356698304885,8.218837807633493,9.014241558951783,5.485981843513182,0.02356597103212213,241.03209721298978,weighted,28.032500687836794,Myoxocephalus scorpius
2020,6.952324590422625,6.58057631968751,7.345073571442207,4.507651756882734,0.028038142255728808,90.60690423527555,weighted,13.047227770044003,Myoxocephalus scorpius
2022,6.437993518747803,5.918830702917998,7.0026940501955695,3.8197005385640455,0.042897733750745244,45.53211333628499,weighted,7.0814848649662,Myoxocephalus scorpius
2023,6.70011010598129,6.18857530245311,7.253927315787516,4.059706087929267,0.04052067362773572,57.8856447957677,weighted,8.6501972827568,Myoxocephalus scorpius
