x,predicted,std.error,conf.low,conf.high,group,var,species
-13,74.79199671856419,0.005368066353874492,74.00559159019281,75.58675841854915,1,Year,Anguilla anguilla
-12,74.83108407542399,0.004929416284341192,74.10825084696677,75.56096763728121,1,Year,Anguilla anguilla
-11,74.87019185989018,0.004512008034025268,74.20794853864122,75.53834514395548,1,Year,Anguilla anguilla
-10,74.90932008263842,0.004122299256960938,74.30372750312218,75.51984838186469,1,Year,Anguilla anguilla
-8,74.98763788571209,0.0034629192459195556,74.47805034575644,75.5007120832759,1,Year,Anguilla anguilla
-7,75.02682748741702,0.0032179393373317784,74.55292844317044,75.50373889226202,1,Year,Anguilla anguilla
-6,75.06603757016283,0.0030486916085078536,74.61675385464001,75.51802652072479,1,Year,Anguilla anguilla
-4,75.14451922159768,0.0029835354236239795,74.70434963542027,75.58728235507908,1,Year,Anguilla anguilla
-3,75.18379081171078,0.0030933896908105713,74.72722493381997,75.64314620039954,1,Year,Anguilla anguilla
-1,75.26239557433088,0.0035542089555562445,74.73750500696407,75.79097251184993,1,Year,Anguilla anguilla
0,75.30172876829556,0.0038766179415961662,74.72910676321462,75.87873856783713,1,Year,Anguilla anguilla
1,75.34108251834454,0.00424264010970835,74.71429283724856,75.97313043436999,1,Year,Anguilla anguilla
8,75.6171352421592,0.0074116502959704605,74.5215743945186,76.72880221182733,1,Year,Anguilla anguilla
9,75.65665382809891,0.007906509539966,74.48790219636385,76.84374374479577,1,Year,Anguilla anguilla
10,75.6961930670114,0.008406502790782823,74.45349253291977,76.95963547048878,1,Year,Anguilla anguilla
11,75.73575296969018,0.008910765865365173,74.41847307511681,77.07635000917318,1,Year,Anguilla anguilla
13,75.81493480954907,0.009929494236331863,74.34698998415658,77.31186348500536,1,Year,Anguilla anguilla
14,75.8545567683444,0.010442964336596219,74.31067339220719,77.43051596576412,1,Year,Anguilla anguilla
-3,76.01792301695964,0.01392738270361545,73.96150875007177,78.13151350575707,1,Temperature,Anguilla anguilla
-2,75.68153370933592,0.009036539338978229,74.34678186049024,77.04024843126656,1,Temperature,Anguilla anguilla
-1,75.34663296864213,0.0045592608667557035,74.67322710461356,76.02611163111924,1,Temperature,Anguilla anguilla
0,75.01321420777379,0.003369783116411718,74.51711758970659,75.51261358180389,1,Temperature,Anguilla anguilla
1,74.68127086877526,0.007305120055582357,73.61470946988598,75.76328506542455,1,Temperature,Anguilla anguilla
2,74.35079642271073,0.012116719109378756,72.59785797964871,76.14606108958539,1,Temperature,Anguilla anguilla
3,74.02178436953575,0.017079395396178157,71.57375710414323,76.55354117120768,1,Temperature,Anguilla anguilla
-2,73.70023568401079,0.009269628054879598,72.36720458173583,75.05782172011114,1,Chlorophyll,Anguilla anguilla
-1,74.4181211255824,0.005235476396662363,73.65487460105095,75.189276770323,1,Chlorophyll,Anguilla anguilla
0,75.14299921110471,0.0029663081164409597,74.70537265618935,75.58318939691779,1,Chlorophyll,Anguilla anguilla
1,75.87493805321323,0.005485646406830769,75.05976595147696,76.69896317423387,1,Chlorophyll,Anguilla anguilla
2,76.61400642800224,0.009554591099431946,75.18607317377739,78.0690589782942,1,Chlorophyll,Anguilla anguilla
3,77.36027378148738,0.013870568393954518,75.27596749956818,79.50229214365147,1,Chlorophyll,Anguilla anguilla
-14,36.12258897497281,0.01348545356908981,35.1801473311741,37.0902777061019,1,Year,Aphia minuta
-12,35.77002462007265,0.012677387968026713,34.89201034822834,36.67013303478429,1,Year,Aphia minuta
-10,35.42090137025034,0.011935781037679841,34.601724972038824,36.25947130944656,1,Year,Aphia minuta
-8,35.075185639569014,0.011273755710799513,34.30850177048665,35.859002409383784,1,Year,Aphia minuta
-6,34.7328441698979,0.010706085289867134,34.01147171065037,35.469516708759386,1,Year,Aphia minuta
-4,34.393844027712866,0.010248460967423942,33.709740202935265,35.09183102216956,1,Year,Aphia minuta
-2,34.05815260092813,0.009916130179031158,33.40248011482438,34.726695580706476,1,Year,Aphia minuta
0,33.725737595759036,0.009721950360598985,33.08905804065358,34.37466775211736,1,Year,Aphia minuta
2,33.39656703361526,0.009674243921887992,32.76916611318586,34.03598021928193,1,Year,Aphia minuta
4,33.07060924802453,0.009775155633860805,32.44291326700576,33.710449706986594,1,Year,Aphia minuta
6,32.74783288158627,0.010020196376917583,32.11083454821382,33.397467662513826,1,Year,Aphia minuta
8,32.428206882954946,0.010399182600452871,31.773810568512758,33.096080791953575,1,Year,Aphia minuta
10,32.11170050385298,0.010898149276042653,31.432929788577564,32.80512876734341,1,Year,Aphia minuta
12,31.79828329611265,0.011501491733163751,31.089344098296092,32.52338863704924,1,Year,Aphia minuta
14,31.487925108747017,0.012193726341563394,30.744156070189685,32.2496875630759,1,Year,Aphia minuta
16,31.180596085049384,0.012960617564669426,30.398351435221805,31.98297033609852,1,Year,Aphia minuta
-4,31.499890508627924,0.018143320049200884,30.39920489695531,32.64042942632778,1,Temperature,Aphia minuta
-3,32.02730258186455,0.015053402444773828,31.09597872244742,32.986519569806795,1,Temperature,Aphia minuta
-2,32.563545272938384,0.012374412580074693,31.783109309980112,33.36314488305082,1,Temperature,Aphia minuta
-1,33.10876643552087,0.010428017406031661,32.43880281595278,33.792566917506214,1,Temperature,Aphia minuta
0,33.66311639884161,0.009667331902861724,33.031155551050524,34.30716808954988,1,Temperature,Aphia minuta
1,34.226748009137395,0.010356995896527006,33.53883100484049,34.928774920983926,1,Temperature,Aphia minuta
2,34.7998166717952,0.012254538778031048,33.973767784658115,35.64595037166973,1,Temperature,Aphia minuta
3,35.3824803942008,0.014905582045155316,34.36354763431617,36.43162609892495,1,Temperature,Aphia minuta
-2,33.00004609786023,0.016754856815047913,31.933743580257985,34.101953619184854,1,Chlorophyll,Aphia minuta
-1,33.254526735046845,0.012209275778348091,32.46803947884956,34.060065409626304,1,Chlorophyll,Aphia minuta
0,33.51096980569523,0.009739228449636988,32.87723105114141,34.15692445545017,1,Chlorophyll,Aphia minuta
1,33.76939044315755,0.010866632145248169,33.05762221857808,34.49648384757515,1,Chlorophyll,Aphia minuta
2,34.0298038974871,0.01479053025383216,33.05728009230235,35.030938724177865,1,Chlorophyll,Aphia minuta
3,34.292225536338364,0.01992186848220742,32.978783767372526,35.657977581287476,1,Chlorophyll,Aphia minuta
-14,28.839851306777252,0.008685325788723587,28.35301033654448,29.335051676152613,1,Year,Clupea harengus
-12,28.52351105005999,0.008342258312801228,28.06087419581063,28.99377535231458,1,Year,Clupea harengus
-10,28.210640684950544,0.00805349208827515,27.768792189955402,28.65951973752968,1,Year,Clupea harengus
-8,27.90120215069782,0.007825041037048605,27.47650169984888,28.33246713712417,1,Year,Clupea harengus
-6,27.59515780403374,0.0076623019389902725,27.18378609492894,28.012754793254445,1,Year,Clupea harengus
-4,27.292470414593907,0.007569514260121883,26.89050143996364,27.700448167339605,1,Year,Clupea harengus
-2,26.993103160388547,0.0075492577530044645,26.59659936995471,27.395518054480473,1,Year,Clupea harengus
0,26.69701962332308,0.007602112237107697,26.302139847671544,27.097827815374252,1,Year,Clupea harengus
2,26.404183784767866,0.007726577487286477,26.00728945122385,26.807135078315145,1,Year,Clupea harengus
4,26.114560021176537,0.007919277759093749,25.712305010546,26.52310809240631,1,Year,Clupea harengus
6,25.828113099752365,0.00817538941833884,25.41750683229648,26.24535249247842,1,Year,Clupea harengus
8,25.544808174162196,0.008489175190468828,25.123248181551368,25.97344180733438,1,Year,Clupea harengus
10,25.264610780297385,0.008854505635247593,24.82988728378456,25.706945447826026,1,Year,Clupea harengus
12,24.98748683208123,0.00926528553429231,24.53776575922131,25.4454502626749,1,Year,Clupea harengus
14,24.71340261732239,0.009715751817357024,24.24719468137867,25.188574470221997,1,Year,Clupea harengus
16,24.442324793613793,0.010200648120495159,23.958447484400455,24.935974741497645,1,Year,Clupea harengus
-3,27.19112068608627,0.01322392697696676,26.49534284896277,27.905169915332976,1,Temperature,Clupea harengus
-2,27.224539252066954,0.010481495325658688,26.670896493327813,27.789674699264506,1,Temperature,Clupea harengus
-1,27.257998890299316,0.008406329145892719,26.812520365703538,27.710878849492413,1,Temperature,Clupea harengus
0,27.291499651262168,0.007568759543940518,26.889584754441447,27.69942191434613,1,Temperature,Clupea harengus
1,27.32504158549639,0.00834991007355892,26.88144010035231,27.775963447706857,1,Temperature,Clupea harengus
2,27.358624743604953,0.010390909551943736,26.807014790175202,27.92158521640825,1,Temperature,Clupea harengus
3,27.392249176253017,0.013116254430074737,26.696958827591047,28.10564753010256,1,Temperature,Clupea harengus
-2,23.98898183447187,0.01076294800399488,23.488175846044186,24.50046581848716,1,Chlorophyll,Clupea harengus
-1,26.024195167830754,0.008292835413808503,25.604576362606615,26.450690866435366,1,Chlorophyll,Clupea harengus
0,28.232074992033755,0.007504168969569085,27.81983053633593,28.650428237324373,1,Chlorophyll,Clupea harengus
1,30.627270246615502,0.008858066826722336,30.100062339736873,31.163712293076244,1,Chlorophyll,Clupea harengus
2,33.22567267988283,0.011628822259757088,32.476867641227585,33.99174259125023,1,Chlorophyll,Clupea harengus
3,36.04452228819527,0.015053405915302796,34.99647237960925,37.12395846334474,1,Chlorophyll,Clupea harengus
-14,25.084371770675713,0.010889991970241236,24.554588581687224,25.62558541904254,1,Year,Crystallogobius linearis
-12,24.7061919119123,0.010311497431408068,24.211835336924207,25.2106422455863,1,Year,Crystallogobius linearis
-10,24.333713611349403,0.00978533808307539,23.871417525659105,24.80496256590955,1,Year,Crystallogobius linearis
-8,23.96685091050681,0.009320381509271478,23.532962607916417,24.408739015853083,1,Year,Crystallogobius linearis
-6,23.6055191468413,0.0089261968112286,23.19608828500943,24.022176814700146,1,Year,Crystallogobius linearis
-4,23.249634934208732,0.008612506923268008,22.860429028466623,23.645467191401895,1,Year,Crystallogobius linearis
-2,22.899116143620603,0.008388347241860276,22.525673449732395,23.278749970747494,1,Year,Crystallogobius linearis
0,22.553881884290835,0.00826100910015503,22.191607770172535,22.92207005993723,1,Year,Crystallogobius linearis
2,22.213852484968214,0.008234985198031468,21.858155114674297,22.575338112256844,1,Year,Crystallogobius linearis
4,21.878949475550307,0.008311227287644364,21.5253975490217,22.238308447661577,1,Year,Crystallogobius linearis
6,21.549095568974572,0.008486979721791788,21.193571349033732,21.910583742271026,1,Year,Crystallogobius linearis
8,21.224214643382435,0.008756252538926658,20.86303555625931,21.591646431969988,1,Year,Crystallogobius linearis
10,20.90423172455238,0.00911075738942421,20.534223883131315,21.280906767202588,1,Year,Crystallogobius linearis
12,20.589072968597765,0.009540998367496454,20.207594283569208,20.977753202959164,1,Year,Crystallogobius linearis
14,20.278665644925564,0.010037241027509795,19.883587649013116,20.68159366396309,1,Year,Crystallogobius linearis
16,19.972938119451957,0.010590211187517254,19.562600707458586,20.391882607477772,1,Year,Crystallogobius linearis
-4,22.30056456607988,0.02003003599928209,21.441958016645618,23.193552546825554,1,Temperature,Crystallogobius linearis
-3,22.307772435756824,0.016343544972585427,21.604442836104056,23.0339988316612,1,Temperature,Crystallogobius linearis
-2,22.31498263512301,0.012935244111064222,21.756291987489035,22.888020177895783,1,Temperature,Crystallogobius linearis
-1,22.32219516493142,0.010091064163815139,21.884995169669207,22.768129173355405,1,Temperature,Crystallogobius linearis
0,22.32941002593529,0.00840467545519515,21.964555185100796,22.700325497352033,1,Temperature,Crystallogobius linearis
1,22.3366272188881,0.008587637676311146,21.96377600253994,22.715807858260614,1,Temperature,Crystallogobius linearis
2,22.343846744543566,0.010543074979129707,21.88682194078556,22.81041481007869,1,Temperature,Crystallogobius linearis
3,22.351068603655655,0.0135227695748695,21.76639274603958,22.951449675381742,1,Temperature,Crystallogobius linearis
-2,21.130457074805314,0.012729313478989738,20.60974052797006,21.66432981454751,1,Chlorophyll,Crystallogobius linearis
-1,21.896607555130824,0.009048259060167981,21.511669702332306,22.288433629651202,1,Chlorophyll,Crystallogobius linearis
0,22.69053720542057,0.008492337924260865,22.315946712082603,23.071415491049382,1,Chlorophyll,Crystallogobius linearis
1,23.51325324593182,0.011523100964851953,22.988106136121537,24.050396971962208,1,Chlorophyll,Crystallogobius linearis
2,24.3657994168268,0.016243680288004624,23.602203133972647,25.154100142731412,1,Chlorophyll,Crystallogobius linearis
3,25.249257302315492,0.021571872514412213,24.203860312762025,26.33980638131443,1,Chlorophyll,Crystallogobius linearis
-14,14.222878744406266,0.018066853598613142,13.727914080342396,14.735689529682581,1,Year,Pholis gunnellus
-12,14.228549340200155,0.017051734125842197,13.760746321988952,14.712255541184067,1,Year,Pholis gunnellus
-10,14.234222196834294,0.016117879081756742,13.7914596403586,14.69119925174083,1,Year,Pholis gunnellus
-8,14.239897315210065,0.01528019525859801,13.819635622228226,14.672939366185126,1,Year,Pholis gunnellus
-6,14.245574696229212,0.014555296624894321,13.844807486626394,14.65794295961685,1,Year,Pholis gunnellus
-4,14.251254340793835,0.013960763023111177,13.866480693755395,14.646704868486061,1,Year,Pholis gunnellus
-2,14.256936249806413,0.013513811460402503,13.884170020805694,14.639710614783226,1,Year,Pholis gunnellus
0,14.262620424169763,0.01322940844626747,13.897452355572018,14.637383612427692,1,Year,Pholis gunnellus
2,14.26830686478707,0.013118130474273747,13.90602666224378,14.640025201482018,1,Year,Pholis gunnellus
4,14.273995572561878,0.013184361876594384,13.90976465144279,14.647763978118958,1,Year,Pholis gunnellus
6,14.279686548398088,0.013425475808959274,13.90873405132429,14.660532523525138,1,Year,Pholis gunnellus
8,14.285379793199978,0.0138323300622829,13.903185113993768,14.678080897489064,1,Year,Pholis gunnellus
10,14.291075307872164,0.01439087422146234,13.893505955250301,14.700021298662485,1,Year,Pholis gunnellus
12,14.296773093319638,0.015084267248195806,13.880163482851476,14.725887136300347,1,Year,Pholis gunnellus
14,14.302473150447739,0.015894871110615067,13.863647659848137,14.755188766930855,1,Year,Pholis gunnellus
16,14.308175480162188,0.0168057337977896,13.844429957661184,14.787455041283591,1,Year,Pholis gunnellus
-4,15.457787362954619,0.022552278960335095,14.789220189748157,16.156578040805304,1,Temperature,Pholis gunnellus
-3,15.097531454358993,0.01848450079374502,14.56020145079829,15.65469109652066,1,Temperature,Pholis gunnellus
-2,14.745671593440225,0.015213406274751312,14.312356959055597,15.192105071416375,1,Temperature,Pholis gunnellus
-1,14.402012103694718,0.013338596963879675,14.03027142756725,14.783602277816659,1,Temperature,Pholis gunnellus
0,14.066361869013905,0.013456897303854725,13.700107053132491,14.442408038323148,1,Temperature,Pholis gunnellus
1,13.738534227400658,0.015522805117814892,13.326728972194363,14.163064553295293,1,Temperature,Pholis gunnellus
2,13.418346867162686,0.01890836719556511,12.93003068471707,13.925104822861023,1,Temperature,Pholis gunnellus
-2,11.740014990865939,0.024960925636170028,11.179329696053216,12.328820755185005,1,Chlorophyll,Pholis gunnellus
-1,12.525958720097544,0.01914753067764669,12.064459851575728,13.005111193361481,1,Chlorophyll,Pholis gunnellus
0,13.364518016344949,0.014709865235228877,12.984601956943454,13.755550027754044,1,Chlorophyll,Pholis gunnellus
1,14.259215266503602,0.01312647786635593,13.896938475356265,14.630936186200314,1,Chlorophyll,Pholis gunnellus
2,15.213808666187623,0.01531015312997986,14.763936795452423,15.677388581252918,1,Chlorophyll,Pholis gunnellus
3,16.232308006113733,0.020066620001911013,15.60610864387051,16.883633788416056,1,Chlorophyll,Pholis gunnellus
-14,39.69038854039785,0.015851038594575283,38.475522363579,40.94361416594962,1,Year,Pomatoschistus sp
-12,39.72105234347287,0.014975350006771677,38.57143279084548,40.90493624720565,1,Year,Pomatoschistus sp
-10,39.751739836636446,0.014221281491870907,38.65836043487117,40.876043429256086,1,Year,Pomatoschistus sp
-8,39.78245103819094,0.013609064731415448,38.734706593772046,40.85853617542374,1,Year,Pomatoschistus sp
-6,39.81318596645286,0.013158514148785716,38.79890011169428,40.85398741294734,1,Year,Pomatoschistus sp
-4,39.84394463975289,0.012886597785716915,38.84958727860765,40.863752633219484,1,Year,Pomatoschistus sp
-2,39.874727076435825,0.01280470095414206,38.88584663813876,40.88875508398467,1,Year,Pomatoschistus sp
0,39.90553329486066,0.012916438623176329,38.90736185245337,40.929312904488754,1,Year,Pomatoschistus sp
2,39.93636331340059,0.013216900659181338,38.914483153393945,40.98507767437296,1,Year,Pomatoschistus sp
4,39.96721715044299,0.013693669906572425,38.90815012773298,41.05511162845246,1,Year,Pomatoschistus sp
6,39.99809482438945,0.014329158528426525,38.88971074239385,41.13806863152748,1,Year,Pomatoschistus sp
8,40.028996353655735,0.01510334495740934,38.860708083433,41.232407439433175,1,Year,Pomatoschistus sp
10,40.05992175667188,0.01599610358241462,38.82269810120864,41.33657395390334,1,Year,Pomatoschistus sp
12,40.09087105188217,0.01698875177531551,38.777128043534184,41.449122789449234,1,Year,Pomatoschistus sp
14,40.121844257745096,0.018064830475106763,38.72527462910134,41.568779099969134,1,Year,Pomatoschistus sp
16,40.15284139273345,0.019210324553544596,38.66822604578158,41.69445658047956,1,Year,Pomatoschistus sp
-4,37.44823662069755,0.023771577470237837,35.74245473357574,39.23542567104086,1,Temperature,Pomatoschistus sp
-3,38.12841947198346,0.019278426296864888,36.713751494962544,39.59759796355866,1,Temperature,Pomatoschistus sp
-2,38.82095667564837,0.015535378656625182,37.65600695069112,40.021946012119784,1,Temperature,Pomatoschistus sp
-1,39.526072627268235,0.01319692024628247,38.51620010495664,40.562423423878464,1,Temperature,Pomatoschistus sp
0,40.243995798179036,0.01304185042199519,39.227708810849826,41.28661211423848,1,Temperature,Pomatoschistus sp
1,40.974958809505836,0.01513741937496591,39.77640343768166,42.20962943698854,1,Temperature,Pomatoschistus sp
2,41.71919850753662,0.01874335916260561,40.21347935432236,43.28129652188795,1,Temperature,Pomatoschistus sp
3,42.476956040465026,0.02316475781276833,40.59039128637405,44.45120476257365,1,Temperature,Pomatoschistus sp
-2,39.362302760130184,0.02193975584387746,37.704546434222465,41.09294568184621,1,Chlorophyll,Pomatoschistus sp
-1,39.55701771039279,0.016482109566679868,38.29880411225063,40.85656684094244,1,Chlorophyll,Pomatoschistus sp
0,39.752695864258804,0.013123643200834086,38.74260051458021,40.78912637476529,1,Chlorophyll,Pomatoschistus sp
1,39.94934198644287,0.013530081735644888,38.90322781006911,41.023586344593646,1,Chlorophyll,Pomatoschistus sp
2,40.14696086522944,0.017440161653474943,38.79701772255747,41.54387531124948,1,Chlorophyll,Pomatoschistus sp
3,40.34555731258939,0.023141270298778292,38.555432112566145,42.218797862543155,1,Chlorophyll,Pomatoschistus sp
-14,37.04776702437415,0.02182878627147429,35.494461363282866,38.669048318398254,1,Year,Ammodytidae
-12,36.66501088348133,0.0201026351114493,35.24693152117687,38.14014341299797,1,Year,Ammodytidae
-10,36.28620915806773,0.018432850658537107,34.99725697876935,37.62263356416165,1,Year,Ammodytidae
-8,35.91132099339552,0.016836212311956568,34.744364024203755,37.11747247963173,1,Year,Ammodytidae
-6,35.54030595681445,0.015335583564511392,34.48680106877034,36.62599337599329,1,Year,Ammodytidae
-4,35.17312403340107,0.01396195610050519,34.22261824996297,36.15002935289309,1,Year,Ammodytidae
-2,34.80973562164305,0.012756423075386153,33.949259949669354,35.6920208524453,1,Year,Ammodytidae
0,34.450101529167966,0.011770745848991165,33.66355986127529,35.255020570038454,1,Year,Ammodytidae
2,34.0941829685164,0.011063842128407709,33.36201019740698,34.842424224815474,1,Year,Ammodytidae
4,33.741941552958565,0.010691153543028171,33.041486648302566,34.457245579831095,1,Year,Ammodytidae
6,33.39333929235417,0.010687700508358499,32.700342639946086,34.10102216274892,1,Year,Ammodytidae
8,33.0483385890552,0.01105382905918204,32.33926070065287,33.7729638783853,1,Year,Ammodytidae
10,32.706902233850755,0.011755056283164119,31.96114404499417,33.470061404207364,1,Year,Ammodytidae
12,32.368993401954064,0.012736152331398335,31.57010705957186,33.188095684270856,1,Year,Ammodytidae
14,32.034575649030764,0.013938142660853288,31.170341281175066,32.92277193106139,1,Year,Ammodytidae
16,31.703612907268354,0.015309084952978138,30.765436927246316,32.67039807530784,1,Year,Ammodytidae
-4,28.35777719673484,0.0352321707546644,26.463605658037206,30.387526852200644,1,Temperature,Ammodytidae
-3,29.607949156799805,0.02714808443085853,28.072043496440905,31.227888820519436,1,Temperature,Ammodytidae
-2,30.91323580088565,0.01952036456937237,29.751587653884602,32.12024039854505,1,Temperature,Ammodytidae
-1,32.276066897449645,0.013167546850282479,31.452839134214035,33.12084133083704,1,Temperature,Ammodytidae
0,33.698979332949655,0.010678832317465733,33.00021409631651,34.41254062073876,1,Temperature,Ammodytidae
1,35.184621834214276,0.014247952195024659,34.21459981018014,36.18214506335767,1,Temperature,Ammodytidae
2,36.73575989900198,0.020982953469801533,35.25399667664157,38.27980321593659,1,Temperature,Ammodytidae
3,38.35528094392715,0.028738093940917437,36.25233128192644,40.580219927015015,1,Temperature,Ammodytidae
-2,33.092778583234654,0.025823159449680687,31.457772912250583,34.81276304631589,1,Chlorophyll,Ammodytidae
-1,33.24176917530155,0.01793631127449439,32.092212815983764,34.432503119687254,1,Chlorophyll,Ammodytidae
0,33.391430554092146,0.011914948794497572,32.61982872536707,34.1812841457895,1,Chlorophyll,Ammodytidae
1,33.54176573962822,0.011296007785207418,32.8065079029865,34.293502138631446,1,Chlorophyll,Ammodytidae
2,33.69277776552828,0.01669169324722501,32.60715855901668,34.814541460355635,1,Chlorophyll,Ammodytidae
3,33.8444696790688,0.02439271406595564,32.26275201165624,35.50373283232527,1,Chlorophyll,Ammodytidae
-14,18.852690841596207,0.025231210377730788,17.9420893172532,19.809507448334244,1,Year,Chirolophis  ascanii
-12,18.491117188511623,0.023316105894396824,17.664231268365935,19.35671072715185,1,Year,Chirolophis  ascanii
-10,18.13647811615629,0.021516014880104437,17.386752145636038,18.91853266801044,1,Year,Chirolophis  ascanii
-8,17.788640626980552,0.019862232599880545,17.108719648255743,18.4955824785009,1,Year,Chirolophis  ascanii
-6,17.447474274179868,0.018394264232944248,16.828996434377963,18.088681623719186,1,Year,Chirolophis  ascanii
-4,17.11285111277442,0.017159863483714528,16.54626198679339,17.698841795308592,1,Year,Chirolophis  ascanii
-2,16.78464565162686,0.016212469218993115,16.259118902151457,17.327158460806746,1,Year,Chirolophis  ascanii
0,16.46273480638037,0.01560444445863459,15.96632369928468,16.974579897647317,1,Year,Chirolophis  ascanii
2,16.14699785329926,0.015376101613775743,15.667125178919386,16.64156867944513,1,Year,Chirolophis  ascanii
4,15.837316383994889,0.015544182194648742,15.36158017021093,16.327785779040003,1,Year,Chirolophis  ascanii
6,15.533574261019911,0.01609627238376779,15.050649535486636,16.031994416832227,1,Year,Chirolophis  ascanii
8,15.235657574314084,0.016994989099531333,14.735986759454178,15.752271328068975,1,Year,Chirolophis  ascanii
10,14.943454598485507,0.018189024427458025,14.419544833462798,15.486399738414724,1,Year,Chirolophis  ascanii
12,14.6568557509111,0.019624547129574055,14.10321418348777,15.232231299056206,1,Year,Chirolophis  ascanii
14,14.37575355064068,0.021252679260455952,13.788611096687593,14.98789752641614,1,Year,Chirolophis  ascanii
16,14.100042578089202,0.02303261137482002,13.47701122410694,14.751876168827833,1,Year,Chirolophis  ascanii
-4,14.735256446072011,0.041122973577507736,13.5930051367409,15.973493745295972,1,Temperature,Chirolophis  ascanii
-3,15.131529605646776,0.031143301831436855,14.234578633984668,16.084999359230874,1,Temperature,Chirolophis  ascanii
-2,15.538459683041328,0.02220329837474422,14.876056381620726,16.23035857942855,1,Temperature,Chirolophis  ascanii
-1,15.956333273233597,0.01613513511310714,15.459086509420143,16.469574147952134,1,Temperature,Chirolophis  ascanii
0,16.385444678559544,0.016491622969401428,15.86372548715798,16.924321940106555,1,Temperature,Chirolophis  ascanii
1,16.826096115986086,0.02297563030382229,16.084408215843347,17.601984897742625,1,Temperature,Chirolophis  ascanii
2,17.278597929958103,0.032063381983148745,16.225057802368383,18.400547477961705,1,Temperature,Chirolophis  ascanii
-2,12.969682484680114,0.04860029386149168,11.790044921997858,14.26734714467178,1,Chlorophyll,Chirolophis  ascanii
-1,13.942680541560897,0.03426662592538323,13.03606673819366,14.91234623051321,1,Chlorophyll,Chirolophis  ascanii
0,14.988673848696424,0.021579687213422752,14.367276808261739,15.636946843914615,1,Chlorophyll,Chirolophis  ascanii
1,16.113138579982497,0.015376355458313,15.634264382477523,16.60668059244991,1,Chlorophyll,Chirolophis  ascanii
2,17.321961737148662,0.022055608655483474,16.58833420704753,18.088034318464985,1,Chlorophyll,Chirolophis  ascanii
3,18.621471970457556,0.03486740022111626,17.390111508353293,19.940022706580784,1,Chlorophyll,Chirolophis  ascanii
-14,9.027765014866869,0.022667953164387643,8.634223206240646,9.43924418177506,1,Year,Agonus cataphractus
-12,9.025196510914174,0.02009609554729446,8.675527548906421,9.388958953958364,1,Year,Agonus cataphractus
-10,9.022628737730678,0.017602359829944975,8.71569058093708,9.340376253945763,1,Year,Agonus cataphractus
-8,9.020061695108456,0.01522518133466687,8.754033051602605,9.294174753963024,1,Year,Agonus cataphractus
-6,9.017495382839666,0.013028518009269985,8.789423931100186,9.251484922898278,1,Year,Agonus cataphractus
-4,9.014929800716505,0.011119868529619045,8.819961642096565,9.214207794732353,1,Year,Agonus cataphractus
-2,9.012364948531248,0.009671283806605384,8.842602755064696,9.185386273175446,1,Year,Agonus cataphractus
0,9.009800826076209,0.008910053006214882,8.853328481578034,9.169038638346613,1,Year,Agonus cataphractus
2,9.007237433143777,0.009012070707277327,8.84903437190228,9.168268849156462,1,Year,Agonus cataphractus
4,9.004674769526396,0.009950821676933471,8.830202630530229,9.182594227747229,1,Year,Agonus cataphractus
6,9.002112835016563,0.01152359949898676,8.80043296357336,9.208414612076648,1,Year,Agonus cataphractus
8,8.999551629406843,0.01351076972395439,8.763620126115258,9.241834808540645,1,Year,Agonus cataphractus
10,8.996991152489848,0.015756316555850008,8.722528799324646,9.280089714836821,1,Year,Agonus cataphractus
12,8.994431404058266,0.01816466856390007,8.678851448968738,9.321486461428309,1,Year,Agonus cataphractus
14,8.991872383904825,0.020679021166831898,8.633593167849336,9.36501956908531,1,Year,Agonus cataphractus
16,8.989314091822331,0.02326503188379461,8.58736086746448,9.410081757201732,1,Year,Agonus cataphractus
-4,8.912527473575965,0.03565435887676977,8.309106995281624,9.559769300401712,1,Temperature,Agonus cataphractus
-3,8.94154090152357,0.025664685922078097,8.501515984364348,9.40434080705864,1,Temperature,Agonus cataphractus
-2,8.97064877843683,0.016260663243621864,8.688369700211911,9.262098907244642,1,Temperature,Agonus cataphractus
-1,8.999851411780526,0.009403855796649362,8.8349694270195,9.16781049478431,1,Temperature,Agonus cataphractus
0,9.029149110020334,0.011434426423918937,8.82841134342881,9.234451191681538,1,Temperature,Agonus cataphractus
1,9.058542182626105,0.01978256759174589,8.712950969656696,9.417840954251313,1,Temperature,Agonus cataphractus
2,9.088030940075118,0.029499900380816766,8.575881641478947,9.630765654260973,1,Temperature,Agonus cataphractus
-1,8.651345273950556,0.031488356213136316,8.131948380457343,9.203916644254111,1,Chlorophyll,Agonus cataphractus
-0.5,8.73298154223102,0.02483304735580058,8.316808780513625,9.169979571447806,1,Chlorophyll,Agonus cataphractus
0,8.81538815085599,0.01844698445850326,8.501369659593408,9.141005668722896,1,Chlorophyll,Agonus cataphractus
0.5,8.898572368950553,0.012741646711310107,8.678402520084383,9.124327895853385,1,Chlorophyll,Agonus cataphractus
1,8.982541534233105,0.009102484105241336,8.823203536441241,9.144757012685531,1,Chlorophyll,Agonus cataphractus
1.5,9.067303053662581,0.010090005129991518,8.88918440283016,9.248990789389255,1,Chlorophyll,Agonus cataphractus
2,9.152864404091845,0.01480569217656141,8.890248883447208,9.423237515394248,1,Chlorophyll,Agonus cataphractus
2.5,9.239233132927234,0.020858000115008164,8.86797652181759,9.626032350735658,1,Chlorophyll,Agonus cataphractus
3,9.326416858794296,0.027374278939088458,8.837693764287884,9.842166264629698,1,Chlorophyll,Agonus cataphractus
-14,27.13261093631109,0.03600114683933231,25.28056815788008,29.120333515596155,1,Year,Microstomus kitt
-12,26.63246924565867,0.03330999575688634,24.946057167303422,28.432886742944405,1,Year,Microstomus kitt
-10,26.141546782426555,0.030780487965662313,24.6081595333273,27.77048268287927,1,Year,Microstomus kitt
-8,25.65967360646416,0.02845576286077491,24.2650783747729,27.134420891662817,1,Year,Microstomus kitt
-6,25.18668291016698,0.026389994677470243,23.914615533351128,26.526414155921156,1,Year,Microstomus kitt
-4,24.72241096073364,0.024648378783786905,23.554215505296064,25.948544266905333,1,Year,Microstomus kitt
-2,24.266697043487373,0.023303705987783196,23.1811693273173,25.403057847752994,1,Year,Microstomus kitt
0,23.81938340624218,0.022427488209002044,22.793052830838615,24.89192781960005,1,Year,Microstomus kitt
2,23.380315204694604,0.022075577466256373,22.38837035636092,24.416209414525973,1,Year,Microstomus kitt
4,22.94934044882202,0.02227283978473163,21.967168824478293,23.975425838629736,1,Year,Microstomus kitt
6,22.526309950269034,0.023005152513900867,21.531255654559164,23.567350094054653,1,Year,Microstomus kitt
8,22.111077270703703,0.024224039110008717,21.083836373189207,23.188367117700096,1,Year,Microstomus kitt
10,21.70349867112571,0.025860790357653454,20.62877917976807,22.834208969066655,1,Year,Microstomus kitt
12,21.303433062108976,0.027841807835441452,20.169902467336374,22.500667069001015,1,Year,Microstomus kitt
14,20.91074195496142,0.030099193139894523,19.71053261958292,22.18403416823732,1,Year,Microstomus kitt
16,20.525289413785046,0.03257554251740983,19.25334402939468,21.881264100222992,1,Year,Microstomus kitt
-3,24.857906957722506,0.07076471595098655,21.63269126859033,28.563969718181752,1,Temperature,Microstomus kitt
-2,24.346772032606964,0.05185610035450313,21.989442338607596,26.956814060127158,1,Temperature,Microstomus kitt
-1,23.846147200401383,0.034577059657373926,22.280659548806543,25.521629422934637,1,Temperature,Microstomus kitt
0,23.35581634976696,0.022960809117792302,22.326064421031056,24.433063843092224,1,Temperature,Microstomus kitt
1,22.87556781310399,0.026152098316551887,21.730374410607304,24.08111304867732,1,Temperature,Microstomus kitt
2,22.405194275178495,0.04081388890554662,20.67946276864216,24.274940607727054,1,Temperature,Microstomus kitt
-2,21.3314422609365,0.03974324823003644,19.729854791642808,23.063039932985724,1,Chlorophyll,Microstomus kitt
-1,22.481261060110757,0.02601108259974682,21.361722303098894,23.65947331782017,1,Chlorophyll,Microstomus kitt
0,23.693058006602115,0.022526244869890993,22.667773890059696,24.764716660173736,1,Chlorophyll,Microstomus kitt
1,24.970173879625182,0.03274281065602968,23.415087661228984,26.628539367423816,1,Chlorophyll,Microstomus kitt
2,26.316129534860963,0.04868835839464925,23.916441075049597,28.956593981621296,1,Chlorophyll,Microstomus kitt
3,27.734635611034715,0.06635379030971703,24.34615938613742,31.59471686178393,1,Chlorophyll,Microstomus kitt
-14,70.7045111174367,0.02547777080549162,67.25694105486274,74.32880255850243,1,Year,Syngnathus rostellatus
-12,69.98320266923281,0.022734946588677668,66.93002770536461,73.17565558769901,1,Year,Syngnathus rostellatus
-10,69.2692528162477,0.020029631835278446,66.5998017011804,72.0457007852652,1,Year,Syngnathus rostellatus
-8,68.56258648806757,0.01737935184112115,66.26404928717841,70.94085430187134,1,Year,Syngnathus rostellatus
-6,67.86312938012706,0.014813674536456855,65.91904628756109,69.86454732936427,1,Year,Syngnathus rostellatus
-4,67.17080794589587,0.012385289662360239,65.55817728102795,68.82310685306597,1,Year,Syngnathus rostellatus
-2,66.48554938914585,0.01019280190443101,65.16911354880354,67.82857763235151,1,Year,Syngnathus rostellatus
0,65.80728165629617,0.008422492813845876,64.72871892139648,66.90381628361857,1,Year,Syngnathus rostellatus
2,65.13593342883756,0.007384505645573464,64.19898868728653,66.08655230243755,1,Year,Syngnathus rostellatus
4,64.47143411583296,0.007393972271630131,63.54286756571842,65.41357002268293,1,Year,Syngnathus rostellatus
6,63.813713846494984,0.008447371909160388,62.76476121842004,64.88019703781251,1,Year,Syngnathus rostellatus
8,63.16270346283946,0.010227058339699484,61.90789988305615,64.44294050146746,1,Year,Syngnathus rostellatus
10,62.518334512413226,0.012424762222653173,61.01267452138161,64.06115091440988,1,Year,Syngnathus rostellatus
12,61.880539241096855,0.01485611235112437,60.10283538872371,63.710823491155125,1,Year,Syngnathus rostellatus
14,61.249250585980086,0.017423570127356177,59.19075488968658,63.379335241386485,1,Year,Syngnathus rostellatus
16,60.62440216831061,0.020074981486180133,58.28291420290476,63.05995828331264,1,Year,Syngnathus rostellatus
-4,61.339588964869186,0.037522288588527505,56.98591476460133,66.0258800779369,1,Temperature,Syngnathus rostellatus
-3,62.16665698676386,0.028784990752050255,58.75290793537221,65.77875677508749,1,Temperature,Syngnathus rostellatus
-2,63.004876722003544,0.02024161596237534,60.551647514402376,65.55749766859243,1,Temperature,Syngnathus rostellatus
-1,63.85439853392873,0.012303012372535036,62.331449512467316,65.41455788404625,1,Temperature,Syngnathus rostellatus
0,64.71537481329334,0.00731429987127987,63.79326640467772,65.65081196278021,1,Temperature,Syngnathus rostellatus
1,65.58796000560125,0.010776252793668667,64.21574231424005,66.98950043504233,1,Temperature,Syngnathus rostellatus
2,66.47231063881146,0.01841874149981185,64.11296673786465,68.9184779067956,1,Temperature,Syngnathus rostellatus
3,67.36858535141661,0.026886171633360583,63.906832789739504,71.01785668495502,1,Temperature,Syngnathus rostellatus
-2,66.68782913176054,0.02015586484854424,64.10198054670637,69.37798982773229,1,Chlorophyll,Syngnathus rostellatus
-1,65.59382604198392,0.010728471311730752,64.2275067062565,66.9892112503089,1,Chlorophyll,Syngnathus rostellatus
0,64.51776989659017,0.007839505927410754,63.53297321553939,65.51783147795842,1,Chlorophyll,Syngnathus rostellatus
1,63.45936627884891,0.015663082624139388,61.53879239907493,65.43987965180875,1,Chlorophyll,Syngnathus rostellatus
2,62.41832560188889,0.025820980016272744,59.33482252578556,65.66207169913223,1,Chlorophyll,Syngnathus rostellatus
3,61.3943630294646,0.036409207740849374,57.16150232466782,65.94067087993726,1,Chlorophyll,Syngnathus rostellatus
-12,27.24838059938464,0.07752387168373602,23.380761966957174,31.75577623767017,1,Year,Argentina spp
-7,26.605048076936473,0.06039232515889433,23.614213623826565,29.974683656706965,1,Year,Argentina spp
-6,26.47821585636053,0.057104433560743954,23.65471666718606,29.638736527695805,1,Year,Argentina spp
-3,26.101335504148558,0.047690883828756116,23.75551914074611,28.67879716977334,1,Year,Argentina spp
0,25.729819516388257,0.0393269029631504,23.807359150607123,27.807519857952474,1,Year,Argentina spp
4,25.242677619538846,0.03128222431162972,23.73060269333775,26.85109947008872,1,Year,Argentina spp
7,24.883383425261037,0.029229284175174182,23.48785277224885,26.36182952492477,1,Year,Argentina spp
8,24.76475876552948,0.029502997255512475,23.363250123378908,26.250340747803953,1,Year,Argentina spp
9,24.64669961610878,0.03025301563435148,23.21746163342708,26.163919706541616,1,Year,Argentina spp
10,24.52920328108471,0.031445275911235096,23.052443265922218,26.100565856037754,1,Year,Argentina spp
11,24.412267077395008,0.03303192567112821,22.870779726923566,26.057650459398175,1,Year,Argentina spp
12,24.29588833476823,0.034959307261443626,22.67528631558001,26.032314730682945,1,Year,Argentina spp
14,24.064792615205704,0.03962915856106138,22.2534526715162,26.02356821483747,1,Year,Argentina spp
15,23.95007036113347,0.042281700553056974,22.031665838173467,26.035519715870866,1,Year,Argentina spp
16,23.835895013730664,0.04509718959432907,21.805072308671928,26.055859070902315,1,Year,Argentina spp
-3,29.52527944586828,0.11382660332572701,23.581960008653688,36.966483109831216,1,Temperature,Argentina spp
-2.5,28.747992934115942,0.09780732921866325,23.699055462241887,34.872575367263174,1,Temperature,Argentina spp
-2,27.991169372509763,0.08204874295197294,23.804475588306104,32.914212284744636,1,Temperature,Argentina spp
-1.5,27.254270050648422,0.06673577255119814,23.889334601647843,31.09317393639063,1,Temperature,Argentina spp
-1,26.536770440293704,0.052261601610617985,23.934819695544423,29.42157886954694,1,Temperature,Argentina spp
-0.5,25.838159822008944,0.039557947554240254,23.896699779531897,27.93735156515218,1,Temperature,Argentina spp
0,25.157940921626643,0.03089226397330684,23.6691606898231,26.740364802550452,1,Temperature,Argentina spp
0.5,24.49562955628649,0.029996287753392026,23.086852689128605,25.990371032313465,1,Temperature,Argentina spp
1,23.85075428979184,0.037432167068812555,22.151414722246997,25.68045821564213,1,Temperature,Argentina spp
1.5,23.222856097039305,0.04958327874239531,21.056906525898743,25.6115989611526,1,Temperature,Argentina spp
2,22.61148803728263,0.06381050444182386,19.93458781585342,25.647853669368033,1,Temperature,Argentina spp
-2,23.836244333309228,0.08842244618977722,20.01748525062014,28.383512554336196,1,Chlorophyll,Argentina spp
-1.5,24.15934285911996,0.06425057828436265,21.2806966099011,27.427384454743336,1,Chlorophyll,Argentina spp
-1,24.486820961508318,0.0425511731168002,22.51343987804043,26.633175740763466,1,Chlorophyll,Argentina spp
-0.5,24.818738005310326,0.029426613148758832,23.41770634818007,26.30359041222267,1,Chlorophyll,Argentina spp
0,25.155154160047957,0.03597369168222013,23.43025825878194,27.00703397405378,1,Chlorophyll,Argentina spp
0.5,25.49613041083656,0.05563402851796806,22.84358581409693,28.45668237975288,1,Chlorophyll,Argentina spp
1,25.841728569440242,0.07917727874257016,22.101493109403577,30.214924039339937,1,Chlorophyll,Argentina spp
1.5,26.192011285476994,0.1039990168851088,21.329592594977196,32.16289538226352,1,Chlorophyll,Argentina spp
-12,8.834647894305839,0.028799918790390774,8.348657081541692,9.348929133636114,1,Year,Myoxocephalus scorpius
-10,8.793187038548337,0.026076282479515253,8.354059140554462,9.255397525203865,1,Year,Myoxocephalus scorpius
-8,8.75192075789793,0.023458610797338245,8.357724611395932,9.164709357387087,1,Year,Myoxocephalus scorpius
-6,8.710848139216866,0.02098659238899124,8.358999407173693,9.077506960866476,1,Year,Myoxocephalus scorpius
-4,8.669968273652751,0.018718024111360834,8.356933465308902,8.994728769611756,1,Year,Myoxocephalus scorpius
-2,8.629280256618397,0.01673584536665107,8.350168546552071,8.917721520484967,1,Year,Myoxocephalus scorpius
0,8.588783187771853,0.015152865755710258,8.33686818497625,8.848310301881373,1,Year,Myoxocephalus scorpius
2,8.54847617099644,0.014104144357452074,8.314857086135246,8.788659154220044,1,Year,Myoxocephalus scorpius
4,8.508358314380947,0.013712810159564954,8.28220066066507,8.740691535005894,1,Year,Myoxocephalus scorpius
6,8.468428730199896,0.014033964652222779,8.238133000438479,8.70516234135307,1,Year,Myoxocephalus scorpius
8,8.428686534893869,0.015021980302828222,8.18357132034771,8.6811434668944365,1,Year,Myoxocephalus scorpius
10,8.389130849049993,0.01655790891231226,8.120624980513961,8.666514778278556,1,Year,Myoxocephalus scorpius
12,8.349760797382462,0.018505824214269693,8.05164323400082,8.658916366176626,1,Year,Myoxocephalus scorpius
14,8.310575508713173,0.020750022629424318,7.9786019240839625,8.656361846747075,1,Year,Myoxocephalus scorpius
16,8.271574115952449,0.023204699424145575,7.902954608917561,8.657387235717101,1,Year,Myoxocephalus scorpius
-4,9.467318397943519,0.03830398099067853,8.781027140327781,10.20724753672656,1,Temperature,Myoxocephalus scorpius
-3,9.190069982316626,0.02902824818002043,8.680632715562668,9.729404416392553,1,Temperature,Myoxocephalus scorpius
-2,8.920940727864698,0.02062198469678448,8.566740187187898,9.289786048268024,1,Temperature,Myoxocephalus scorpius
-1,8.659692866671062,0.014665474456522826,8.413750620635861,8.912824247625057,1,Temperature,Myoxocephalus scorpius
0,8.40609559380216,0.014562584145761703,8.169006823516394,8.650065382332862,1,Temperature,Myoxocephalus scorpius
1,8.159924863398068,0.020402068540636094,7.83932623803554,8.493634753104418,1,Temperature,Myoxocephalus scorpius
2,7.920963190734453,0.02876808600234281,7.485701979218143,8.381532960189165,1,Temperature,Myoxocephalus scorpius
-2,8.149821825582675,0.045108868901263206,7.4586528538742325,8.905039165919021,1,Chlorophyll,Myoxocephalus scorpius
-1,8.265273054221895,0.03137712056974035,7.771156713781002,8.790806977254803,1,Chlorophyll,Myoxocephalus scorpius
0,8.382359777044861,0.019172548447523446,8.072497604771224,8.704115983916834,1,Chlorophyll,Myoxocephalus scorpius
1,8.501105162633287,0.013564616092067766,8.277549904508222,8.730698071272322,1,Chlorophyll,Myoxocephalus scorpius
2,8.62153270777745,0.020826912457339253,8.275887415172726,8.981613995255756,1,Chlorophyll,Myoxocephalus scorpius
3,8.743666242125597,0.0334196204693306,8.188028288886416,9.337009675144188,1,Chlorophyll,Myoxocephalus scorpius
-12,7.967223614824127,0.06292102180699786,7.009892013130197,9.055296716370725,1,Year,Taurulus bubalis
-3,8.443697450625246,0.020546340577593598,8.0980108304445,8.804140687199085,1,Year,Taurulus bubalis
-2,8.498367631015796,0.017555781615834667,8.200184019227178,8.807394105126871,1,Year,Taurulus bubalis
-1,8.553391782950374,0.015813517578469844,8.282584526926868,8.833053348842565,1,Year,Taurulus bubalis
0,8.608772198279008,0.01573968618859849,8.337463839304029,8.888909168336257,1,Year,Taurulus bubalis
1,8.66451118369069,0.017355593261995636,8.363903875539643,8.975922627692475,1,Year,Taurulus bubalis
3,8.777074166291184,0.023991664155373422,8.35894067801699,9.216123655856803,1,Year,Taurulus bubalis
9,9.123613366188481,0.05232737578488264,8.202221904602425,10.148508760654884,1,Year,Taurulus bubalis
-3,12.65403841184373,0.058038220235171724,11.244698345149224,14.240016336008846,1,Temperature,Taurulus bubalis
-2.5,11.611163712029471,0.04626436029200699,10.568115279756613,12.757158601950351,1,Temperature,Taurulus bubalis
-2,10.65423688151318,0.03488722323242977,9.92422812671115,11.4379437955356,1,Temperature,Taurulus bubalis
-1.5,9.776174580140792,0.024466649606935578,9.301451724645265,10.275126104042206,1,Temperature,Taurulus bubalis
-1,8.970477236828343,0.01687859080569677,8.667662331180551,9.283871334832604,1,Temperature,Taurulus bubalis
-0.5,8.231180938597417,0.01661108059887015,7.957652137450923,8.51411175980766,1,Temperature,Taurulus bubalis
0,7.552813284645753,0.02391109483517196,7.194181872688457,7.929322544552758,1,Temperature,Taurulus bubalis
0.5,6.930352878677183,0.034239220205043115,6.46401418106685,7.43033503293801,1,Temperature,Taurulus bubalis
1,6.359192159645961,0.0455815667870324,5.795982212059774,6.977130612851095,1,Temperature,Taurulus bubalis
1.5,5.835103295782165,0.05733938914699367,5.192597761354474,6.557109184510847,1,Temperature,Taurulus bubalis
-1.4,9.802590398855884,0.05457737219107652,8.772380256804178,10.953786283170983,1,Chlorophyll,Taurulus bubalis
-1.2,9.680869465822676,0.04996003099496448,8.745220047199302,10.716623836619394,1,Chlorophyll,Taurulus bubalis
-1,9.560659968536102,0.04538842726825492,8.717332711683033,10.48557191254906,1,Chlorophyll,Taurulus bubalis
-0.8,9.441943139164215,0.040877909118335054,8.688454440918777,10.26077662597294,1,Chlorophyll,Taurulus bubalis
-0.6,9.324700442919383,0.03645116005042076,8.658196098804144,10.04251201496699,1,Chlorophyll,Taurulus bubalis
-0.4,9.208913575164527,0.03214280907589219,8.625965037845608,9.83125816795913,1,Chlorophyll,Taurulus bubalis
-0.2,9.094564458555308,0.028007548494833705,8.59082812417161,9.62783814264623,1,Chlorophyll,Taurulus bubalis
0,8.98163524021775,0.02413451597246158,8.55127095674928,9.433658691945782,1,Chlorophyll,Taurulus bubalis
0.2,8.870108288960981,0.020671633725781853,8.504796084964232,9.251111992795673,1,Chlorophyll,Taurulus bubalis
0.4,8.75996619252452,0.017859101648573978,8.447389258486204,9.084109343852353,1,Chlorophyll,Taurulus bubalis
0.6,8.651191754859765,0.01604269533553046,8.37338294194355,8.938217599538294,1,Chlorophyll,Taurulus bubalis
0.8,8.54376799344527,0.015574919797435265,8.277282507408069,8.818832927411778,1,Chlorophyll,Taurulus bubalis
1,8.437678136635295,0.016570385357551842,8.157962677855018,8.726984315668933,1,Chlorophyll,Taurulus bubalis
1.2,8.332905621041352,0.01879805059659998,8.02023150888931,8.657769543462797,1,Chlorophyll,Taurulus bubalis
1.4,8.229434088946203,0.021884817401573962,7.8710561629662,8.60412935978699,1,Chlorophyll,Taurulus bubalis
1.6,8.127247385749998,0.025520839529715192,7.71602822380113,8.560382123206006,1,Chlorophyll,Taurulus bubalis
1.8,8.026329557448136,0.02950374144131641,7.5587173941483154,8.522870059229724,1,Chlorophyll,Taurulus bubalis
1,7.358742948280057,0.11814598588549924,5.830825110834142,9.28703858365506,1,Year,Limanda limanda
3,7.580516077230931,0.11021880573648792,6.101081692994357,9.418694403508916,1,Year,Limanda limanda
4,7.6938965643635395,0.10705360865905997,6.231064247578032,9.500149892714417,1,Year,Limanda limanda
7,8.044314736793575,0.10132661415112745,6.588770349201333,9.821407661057474,1,Year,Limanda limanda
9,8.286749193599993,0.10097657736110975,6.792020166270963,10.110425251480413,1,Year,Limanda limanda
10,8.410692689101333,0.10187392603639804,6.881432547771295,10.279800175243055,1,Year,Limanda limanda
11,8.536489986343044,0.10346632645536157,6.962482757197615,10.466332747697278,1,Year,Limanda limanda
14,8.92528403822007,0.11205342504366891,7.157487536762564,11.12970085574716,1,Year,Limanda limanda
15,9.058777990576402,0.11602921641761453,7.207869091089723,11.384981836586737,1,Year,Limanda limanda
16,9.194268589228741,0.1204763227134144,7.251869355168763,11.656935715565028,1,Year,Limanda limanda
-3,5.653854949805233,0.1782407717068063,3.979789438587546,8.032102272421254,1,Temperature,Limanda limanda
-2.5,5.916802220339952,0.16174800759315483,4.302412103984699,8.13695844761046,1,Temperature,Limanda limanda
-2,6.19197853949645,0.14629475489894075,4.641673821730254,8.26008024391782,1,Temperature,Limanda limanda
-1.5,6.479952651076062,0.13224592526953508,4.993852949163081,8.408294514804396,1,Temperature,Limanda limanda
-1,6.781319749793966,0.12009540490259484,5.352699734610698,8.591234298385372,1,Temperature,Limanda limanda
-0.5,7.096702711447932,0.11047135328178691,5.70884991681894,8.821950149065328,1,Temperature,Limanda limanda
0,7.426753380299254,0.1040770176454388,6.050083311890272,9.116678718024694,1,Temperature,Limanda limanda
0.5,7.772153916326706,0.10152449653604304,6.363373587721829,9.492822583232746,1,Temperature,Limanda limanda
1,8.133618205138049,0.10309953094313032,6.638689746586933,9.965181027018911,1,Temperature,Limanda limanda
1.5,8.511893333453152,0.10862271978439128,6.872261671006827,10.542719644356835,1,Temperature,Limanda limanda
2,8.907761133208302,0.11753879918942395,7.066663185339591,11.228525589122635,1,Temperature,Limanda limanda
2.5,9.322039797473128,0.1291469529849369,7.228131310354946,12.022530064054068,1,Temperature,Limanda limanda
-1.5,6.718876215800306,0.14586679191152904,5.040898321031345,8.955407296136642,1,Chlorophyll,Limanda limanda
-1,6.967067186952905,0.1275903165458055,5.418720849038848,8.957838305349448,1,Chlorophyll,Limanda limanda
-0.5,7.224426173140046,0.1128104677743396,5.784878788192724,9.022200022181714,1,Chlorophyll,Limanda limanda
0,7.491291834947494,0.1030429972010749,6.1151015094923045,9.17719080692909,1,Chlorophyll,Limanda limanda
0.5,7.768015342865508,0.09977104677412724,6.381990822326552,9.455053140455044,1,Chlorophyll,Limanda limanda
1,8.054960839396648,0.10361181952913662,6.567858109203297,9.878775248401945,1,Chlorophyll,Limanda limanda
1.5,8.352505918233597,0.11384771138402656,6.67452460981824,10.452333191116523,1,Chlorophyll,Limanda limanda
2,8.661042121137477,0.1289648731171856,6.7180154846150435,11.166043126263503,1,Chlorophyll,Limanda limanda
2.5,8.980975453170538,0.1474697273286687,6.716816740281986,12.008355030252853,1,Chlorophyll,Limanda limanda
8,26.6565917150213,0.053542955082564625,23.99443916758789,29.614106706073713,1,Year,Sardina pilchardus
11,24.518987661275766,0.030052976266986622,23.112933384442666,26.01057797096618,1,Year,Sardina pilchardus
12,23.845247804108645,0.02326123564705518,22.779831231540676,24.960494090582955,1,Year,Sardina pilchardus
13,23.190021166223104,0.018033813015880203,22.38262066464706,24.02654674567597,1,Year,Sardina pilchardus
14,22.552799036008096,0.015986912356542097,21.855315585984037,23.272541746537613,1,Year,Sardina pilchardus
15,21.933086680377798,0.018225639858175578,21.161470227433107,22.73283879422204,1,Year,Sardina pilchardus
16,21.330402960665737,0.02355835640540757,20.365456841091124,22.341069685525444,1,Year,Sardina pilchardus
-1,25.12071150854533,0.06279034017361321,22.20476194915328,28.41958621941566,1,Temperature,Sardina pilchardus
-0.5,24.407503515325004,0.04818186113305293,22.20263642679507,26.831328334127704,1,Temperature,Sardina pilchardus
0,23.71454437697569,0.03415385983641977,22.17520219064582,25.36074350856554,1,Temperature,Sardina pilchardus
0.5,23.04125920352494,0.02185429059844082,22.072705592745415,24.052313091083512,1,Temperature,Sardina pilchardus
1,22.38708942683587,0.015964440790415108,21.695688836364376,23.10052364712709,1,Temperature,Sardina pilchardus
1.5,21.751492337210195,0.02232142912751156,20.81803621457903,22.726803528393287,1,Temperature,Sardina pilchardus
2,21.133940633147514,0.034752820075393216,19.738862811600224,22.627617960996112,1,Temperature,Sardina pilchardus
-1.5,21.36009783469026,0.041129842673854396,19.701653527433784,23.158146541975476,1,Chlorophyll,Sardina pilchardus
-1,21.839722255010855,0.027276083767290522,20.699958144680227,23.042243121568628,1,Chlorophyll,Sardina pilchardus
-0.5,22.330116269476026,0.017149417217044986,21.590143293761134,23.09545081863386,1,Chlorophyll,Sardina pilchardus
0,22.83152170096451,0.018493708497435077,22.01669714701396,23.676502415454827,1,Chlorophyll,Sardina pilchardus
0.5,23.34418580230013,0.029794781002580283,22.016668823203425,24.751746740087484,1,Chlorophyll,Sardina pilchardus
1,23.868361378176974,0.043945849336372265,21.893683735065196,26.021142982293735,1,Chlorophyll,Sardina pilchardus
1.5,24.404306909822374,0.05892828990135665,21.735847102334308,27.40036737214825,1,Chlorophyll,Sardina pilchardus
