term,estimate,std.error,conf.low,conf.high,species
(Intercept),3.5227946402065666,0.04004684745481168,3.444304261500766,3.601285018912367,Aphia minuta
temp_sc,-0.046988488766222934,0.01153714096319372,-0.06960086953864437,-0.024376107993801497,Aphia minuta
chl_sc,0.012682890649476024,0.011039624756467852,-0.008954376276037724,0.03432015757498977,Aphia minuta
year_f1994,-0.11465832856404742,0.055219651661749504,-0.22288685705992378,-0.006429800068171079,Aphia minuta
year_f1995,0.05642660407683423,0.0633315857594222,-0.06770102309544301,0.1805542312491115,Aphia minuta
year_f1996,-0.024689274633955136,0.07554985846800806,-0.17276427626834934,0.12338572700043905,Aphia minuta
year_f1997,-0.05125578225571142,0.06371270054588979,-0.1761303806834408,0.07361881617201799,Aphia minuta
year_f1998,0.04803888501903342,0.05015175530530685,-0.05025674914083357,0.1463345191789004,Aphia minuta
year_f1999,-0.08215553622490067,0.04632758313818395,-0.1729559306665263,0.008644858216724949,Aphia minuta
year_f2000,0.03479715028244602,0.048534095849567346,-0.06032792960492087,0.1299222301698129,Aphia minuta
year_f2001,-0.015483113237116763,0.04976530342533448,-0.11302131563048011,0.08205508915624658,Aphia minuta
year_f2002,0.09973640730939097,0.05110847565788801,-4.34364284811542e-4,0.1999071789035935,Aphia minuta
year_f2003,-0.05420614943522176,0.05089123260811576,-0.15395113247597902,0.04553883360553551,Aphia minuta
year_f2004,0.12075832155715903,0.04914615147321322,0.02443363469091102,0.21708300842340705,Aphia minuta
year_f2005,-0.03282194241187045,0.045737472491439946,-0.12246574123898418,0.05682185641524329,Aphia minuta
year_f2006,-0.15117902068863076,0.047080496346961626,-0.24345509790294512,-0.05890294347431642,Aphia minuta
year_f2007,0.021370749739927718,0.04564392622206663,-0.06808970176832624,0.11083120124818166,Aphia minuta
year_f2008,0.1029811071004358,0.04982591064856795,0.005324116732331879,0.20063809746853972,Aphia minuta
year_f2009,-0.009253685471963749,0.05040078786820569,-0.10803741448609017,0.08953004354216268,Aphia minuta
year_f2010,-0.06707703286428425,0.05234605261233243,-0.1696734107172946,0.03551934498872611,Aphia minuta
year_f2012,-0.02842277429064339,0.05501761065917017,-0.13625530969806388,0.07940976111677711,Aphia minuta
year_f2013,-0.06861274620243518,0.050359318409159,-0.16731519657037172,0.030089704165501358,Aphia minuta
year_f2014,-0.05841903153641738,0.05653888692036201,-0.1692332136263096,0.052395150553474865,Aphia minuta
year_f2015,-0.06217208509713288,0.050367915054846654,-0.16089138458100508,0.03654721438673932,Aphia minuta
year_f2016,-0.055002581138699665,0.05127487056271687,-0.15549948075357772,0.0454943184761784,Aphia minuta
year_f2017,-0.07817214313322328,0.05970735627341683,-0.19519641104122187,0.03885212477477533,Aphia minuta
year_f2018,-0.11501720058145973,0.051512037890054284,-0.21597893961622874,-0.014055461546690712,Aphia minuta
year_f2019,-0.02609574807255011,0.05860113290390897,-0.14095185801745677,0.08876036187235656,Aphia minuta
year_f2020,-0.11423489374889234,0.055164510810686386,-0.2223553481626081,-0.006114439335176594,Aphia minuta
year_f2021,-0.11894617441716814,0.05366654999705332,-0.22413067958591076,-0.013761669248425507,Aphia minuta
year_f2022,-0.03116863433108163,0.06164974967528585,-0.15199992335055176,0.0896626546883885,Aphia minuta
year_f2023,-0.009684541335264986,0.05509022211871042,-0.11765939258824926,0.09829030991771928,Aphia minuta
year_f2024,-0.012137674861517844,0.053710902357308465,-0.11740910905898991,0.09313375933595422,Aphia minuta
yday_ct,0.0016510057790874613,0.0011443103582599143,-5.918013102380964e-4,0.003893812868413019,Aphia minuta
(Intercept),3.3110557138495946,0.02205716183248823,3.267824471056746,3.354286956642443,Clupea harengus
temp_sc,-0.01702638222089071,0.007409432390304939,-0.03154860285177291,-0.0025041615900085103,Clupea harengus
chl_sc,0.03666796326334761,0.0071427191293655205,0.022668491018105905,0.05066743550858932,Clupea harengus
year_f1994,-0.03319656279277346,0.02752914160124421,-0.08715268885651542,0.0207595632709685,Clupea harengus
year_f1995,-0.037783714446637105,0.0273883374621091,-0.09146386946880009,0.015896440575525868,Clupea harengus
year_f1996,0.017773232191086338,0.047738485022757154,-0.07579247913002245,0.11133894351219513,Clupea harengus
year_f1997,0.032471866370937956,0.03249246813658725,-0.03121220094558832,0.09615593368746422,Clupea harengus
year_f1998,0.03986776260275304,0.031150425092075957,-0.02118594868082862,0.10092147388633471,Clupea harengus
year_f1999,0.06406229910141698,0.02769602375625887,0.009779090024183854,0.1183455081786501,Clupea harengus
year_f2000,0.028078975319274165,0.029291753459317824,-0.029331806505015292,0.08548975714356362,Clupea harengus
year_f2001,0.17213072908351587,0.031120894869755278,0.1111348959721382,0.23312656219489353,Clupea harengus
year_f2002,0.06712794947221948,0.028916287647466857,0.010453067116584003,0.12380283182785495,Clupea harengus
year_f2003,-0.021271408246192593,0.043801432798652236,-0.10712063900280241,0.06457782251041724,Clupea harengus
year_f2004,0.11576524273318974,0.030319793315407687,0.0563395398162924,0.17519094565008708,Clupea harengus
year_f2005,0.005899158102004532,0.030519534118855628,-0.05391802959589386,0.06571634579990293,Clupea harengus
year_f2006,0.04920594965636334,0.03243559410903082,-0.01436664661449659,0.11277854592722326,Clupea harengus
year_f2007,-0.017470710432395935,0.029285278637980514,-0.07486880184005794,0.03992738097526606,Clupea harengus
year_f2008,0.007305048552872023,0.03311881163859284,-0.05760662946953592,0.07221672657527996,Clupea harengus
year_f2009,0.011340400042430214,0.03062474739969036,-0.048683001896599555,0.07136380198145999,Clupea harengus
year_f2012,-0.16376477058244415,0.0336806928820932,-0.22977771560570137,-0.09775182555918693,Clupea harengus
year_f2013,0.1057839590743771,0.036143695538818646,0.03494361755011155,0.17662430059864265,Clupea harengus
year_f2014,-0.029961840732660252,0.03632732675920702,-0.10116209283532415,0.04123841137000364,Clupea harengus
year_f2015,-0.11564878158424814,0.0318254584052243,-0.1780255338499653,-0.053272029318530985,Clupea harengus
year_f2016,0.08629890529604771,0.038194166635365255,0.011439714271210447,0.16115809632088496,Clupea harengus
year_f2017,-0.07520312156901655,0.03139791589351956,-0.13674190590993263,-0.013664337228100475,Clupea harengus
year_f2018,-0.03058515786217534,0.03554263957166084,-0.10024745133811869,0.039077135613768015,Clupea harengus
year_f2019,-0.16393199053533997,0.029221190883880376,-0.22120447225311562,-0.1066595088175643,Clupea harengus
year_f2020,-0.09465169391564321,0.02959555075630087,-0.15265790750062005,-0.036645480330666357,Clupea harengus
year_f2021,-0.06083947225876028,0.03940075559757645,-0.13806353419367504,0.01638458967615447,Clupea harengus
year_f2022,-0.1140422250669021,0.03128591311592817,-0.17536148799757062,-0.052722962136233606,Clupea harengus
year_f2023,-0.1689694585039494,0.034204239066187525,-0.23600853519227488,-0.10193038181562393,Clupea harengus
year_f2024,-0.10377842016896596,0.030928622334205257,-0.1643974060354494,-0.043159434302482536,Clupea harengus
yday_ct,0.003004545836277745,6.918721558907711e-4,0.0016485013288257521,0.0043605903437297375,Clupea harengus
(Intercept),3.0821707982747313,0.030791339109030792,3.0218208825852715,3.142520713964191,Crystallogobius linearis
temp_sc,-0.06817193001108819,0.009017749032603968,-0.08584639333661288,-0.0504974666855635,Crystallogobius linearis
chl_sc,-0.0010441343099663828,0.008166765418636916,-0.017050700400681913,0.014962431780749146,Crystallogobius linearis
year_f1994,0.030838876678978458,0.03767846208057925,-0.04300955199181496,0.10468730534977187,Crystallogobius linearis
year_f1995,0.1437391538241517,0.04003846486612067,0.06526520469028288,0.22221310295802052,Crystallogobius linearis
year_f1996,0.14939096143365693,0.04302921023531148,0.06505525908924419,0.23372666377806967,Crystallogobius linearis
year_f1997,0.17171414145625272,0.043226875936708396,0.08699102145612317,0.25643726145638224,Crystallogobius linearis
year_f1998,0.1136684351512608,0.03693180656393052,0.041283424401957036,0.18605344590056455,Crystallogobius linearis
year_f1999,0.02394103623565447,0.036390333083654865,-0.04738270599372546,0.0952647784650344,Crystallogobius linearis
year_f2000,0.10064914073330897,0.03899202276668244,0.024226180426245567,0.17707210104037235,Crystallogobius linearis
year_f2001,0.009258769693615361,0.03947757474926403,-0.06811585501192997,0.086633394399160693,Crystallogobius linearis
year_f2002,0.11433540323714311,0.04018975731891539,0.03556492634466393,0.1931058801296223,Crystallogobius linearis
year_f2003,0.059698496924602315,0.03971414096921043,-0.018139789051996744,0.13753678290120136,Crystallogobius linearis
year_f2004,0.07655317339649005,0.03632639346896552,0.0053547505090866115,0.1477515962838935,Crystallogobius linearis
year_f2005,0.06924054018871183,0.03629483377205737,-0.0018960268293886362,0.1403771072068123,Crystallogobius linearis
year_f2006,0.08865857510001444,0.03613727902746531,0.017830809706907827,0.15948634049312105,Crystallogobius linearis
year_f2007,0.018602725829433085,0.03699197381559064,-0.05390021056617327,0.09110566222503944,Crystallogobius linearis
year_f2008,0.08857181845871823,0.03910360808634922,0.01193015494390455,0.16521348197353192,Crystallogobius linearis
year_f2009,0.07542922691212837,0.03959534482458337,-0.0021762228994994387,0.1530346767237562,Crystallogobius linearis
year_f2010,0.05315985267934777,0.04515643804113332,-0.03534513955138794,0.1416648449100835,Crystallogobius linearis
year_f2012,0.013254912366992628,0.04355227934290029,-0.0721059865897197,0.09861581132370495,Crystallogobius linearis
year_f2013,-0.005254779763950227,0.04047477589667995,-0.08458388280377278,0.07407432327587234,Crystallogobius linearis
year_f2014,0.09158407919892876,0.045011063289559644,0.003364016245538906,0.1798041421523186,Crystallogobius linearis
year_f2015,-0.06218537509931389,0.04059085260795402,-0.14174198431267748,0.017371234114049686,Crystallogobius linearis
year_f2016,0.04035823863632334,0.03948124099629662,-0.037023571781364305,0.11774004905401098,Crystallogobius linearis
year_f2017,-0.08057445362466349,0.03965465589382318,-0.1582961509958859,-0.0028527562534410994,Crystallogobius linearis
year_f2018,-0.03349640416301232,0.039211224598792595,-0.11034899216635682,0.043356183840332185,Crystallogobius linearis
year_f2019,-0.04738482858934046,0.037530605563418806,-0.12094346381161988,0.026173806632938966,Crystallogobius linearis
year_f2020,-0.1630292346320889,0.03871316729568058,-0.23890564825909671,-0.08715282100508111,Crystallogobius linearis
year_f2021,-0.14566755445227983,0.038645594570573455,-0.22141152797174043,-0.06992358093281922,Crystallogobius linearis
year_f2022,0.0069379465977690725,0.04006624758627037,-0.07159045566698571,0.08546634886252386,Crystallogobius linearis
year_f2023,-0.06589987283441918,0.03798935786351166,-0.1403576460427055,0.008557900373867139,Crystallogobius linearis
year_f2024,-0.03865885233430547,0.04063258082803746,-0.11829724735617156,0.04097954268756062,Crystallogobius linearis
yday_ct,0.003358107177314729,8.161233636233723e-4,0.001758534777671233,0.004957679576958225,Crystallogobius linearis
(Intercept),2.4782434252524363,0.06371778920858098,2.3533588532291025,2.60312799727577,Pholis gunnellus
temp_sc,-0.0031465140684530527,0.021290579209763048,-0.044875282529585864,0.03858225439267976,Pholis gunnellus
chl_sc,0.09962747338722154,0.017008477040093235,0.06629147095676238,0.1329634758176807,Pholis gunnellus
year_f1994,-0.04594501136626978,0.0800126858040409,-0.20276699384850916,0.11087697111596961,Pholis gunnellus
year_f1995,-0.026240075948674484,0.08130029303377277,-0.18558572222742173,0.13310557033007278,Pholis gunnellus
year_f1996,-0.022316273555131775,0.08815669454923322,-0.19510021986772735,0.1504676727574638,Pholis gunnellus
year_f1997,-0.013839998549663236,0.09634580869678301,-0.2026743136567438,0.17499431655741735,Pholis gunnellus
year_f1998,0.14950621461291738,0.07670546938060965,-8.337427903173933e-4,0.29984617201615216,Pholis gunnellus
year_f1999,0.08349558692752376,0.08311056979151452,-0.07939813659844724,0.24638931045349477,Pholis gunnellus
year_f2001,0.2265374470162625,0.0832304593406661,0.06340874429183163,0.38966614974069336,Pholis gunnellus
year_f2002,-0.05611170061744544,0.08305287534021497,-0.21889234509676153,0.10666894386187065,Pholis gunnellus
year_f2003,-0.06698132238676334,0.07516402502953348,-0.21430010437771613,0.08033745960418943,Pholis gunnellus
year_f2004,0.11302779381923096,0.0733892179903212,-0.030812430295357587,0.2568680179338195,Pholis gunnellus
year_f2005,0.03605913217827737,0.07553606347048275,-0.11198883175780038,0.1841070961143551,Pholis gunnellus
year_f2006,0.23238579022996547,0.07001127542522076,0.09516621188481866,0.3696053685751123,Pholis gunnellus
year_f2007,-0.16005352100853779,0.0775609994153281,-0.312070286467513,-0.008036755549562569,Pholis gunnellus
year_f2008,-0.04750932058949208,0.08045010445767153,-0.2051886278790135,0.11016998670002934,Pholis gunnellus
year_f2009,0.07974053366685643,0.0729837570739489,-0.06330500165450378,0.22278606898821665,Pholis gunnellus
year_f2010,0.1120165636770734,0.07513510749702136,-0.035245540991633836,0.2592786683457806,Pholis gunnellus
year_f2012,0.0021020569374317916,0.08820277846311102,-0.1707722121866309,0.1749763260614945,Pholis gunnellus
year_f2013,0.1732404474715734,0.07994779115403243,0.016545656166139955,0.32993523877700687,Pholis gunnellus
year_f2014,-0.03162160392895312,0.09174370917202734,-0.21143596971424372,0.14819276185633745,Pholis gunnellus
year_f2015,-0.12683381619175396,0.07545512415434662,-0.27472314198327163,0.021055509599763683,Pholis gunnellus
year_f2016,0.1482185807222959,0.07975932555126758,-0.008106824789393813,0.3045439862339856,Pholis gunnellus
year_f2017,-0.06602767824059848,0.08209533889580332,-0.22693158577498318,0.09487622929378624,Pholis gunnellus
year_f2018,0.15529995761824134,0.08359925163399787,-0.008551564718895704,0.3191514799553784,Pholis gunnellus
year_f2019,0.12218446836471622,0.0754275742030118,-0.025650860514409346,0.2700197972438418,Pholis gunnellus
year_f2020,-0.08595261526150981,0.07943306342457389,-0.24163855875536044,0.06973332823234081,Pholis gunnellus
year_f2021,0.012732301773165646,0.08178675264994606,-0.14756678783321442,0.1730313913795457,Pholis gunnellus
year_f2022,-0.1887661185665644,0.08253290329626135,-0.3505276365667637,-0.027004600566365056,Pholis gunnellus
year_f2023,0.029441884969770647,0.07752483106640122,-0.12250399182792762,0.18138776176746893,Pholis gunnellus
year_f2024,-0.1432237661776504,0.09086930324427096,-0.32132432783667014,0.03487679548136935,Pholis gunnellus
yday_ct,0.004235585104015932,0.0018640688081735335,5.820773752913048e-4,0.007889092832740559,Pholis gunnellus
(Intercept),3.6617515764199977,0.042762753623349525,3.577938119438473,3.7455650334015225,Pomatoschistus sp
temp_sc,0.016175099953448017,0.01750295530597782,-0.018130062069282745,0.050480261976178775,Pomatoschistus sp
chl_sc,0.006456102491861068,0.014646438641658483,-0.022250389747565304,0.03516259473128744,Pomatoschistus sp
year_f1994,-0.010556008948392788,0.049577514434637704,-0.10772615168329733,0.08661413378651175,Pomatoschistus sp
year_f1995,-0.0737005590272635,0.05427052310820521,-0.18006882974149443,0.03266771168696744,Pomatoschistus sp
year_f1996,-0.013354683960246548,0.06547740752790093,-0.14168804451598416,0.11497867659549105,Pomatoschistus sp
year_f1997,-0.047881067420182596,0.0562251229738827,-0.15808028347532824,0.062318148634963044,Pomatoschistus sp
year_f1998,0.07246628577305492,0.053670137498686925,-0.03272525076968405,0.17765782231579388,Pomatoschistus sp
year_f1999,0.049817588784453616,0.05083182243312859,-0.04981095245301357,0.1494461300219208,Pomatoschistus sp
year_f2000,0.10155122815422886,0.05771600494529574,-0.011570062870086412,0.21467251917854413,Pomatoschistus sp
year_f2001,0.1474984337202417,0.06248321913719292,0.02503357457321974,0.26996329286726367,Pomatoschistus sp
year_f2002,-0.0016722204804413075,0.0544047749610665,-0.10830361999113815,0.10495917903025552,Pomatoschistus sp
year_f2003,0.06516968017066,0.05447141256463203,-0.04159232664304134,0.17193168698436134,Pomatoschistus sp
year_f2004,0.0785442643231332,0.05564751692616499,-0.030522864681233206,0.1876113933274996,Pomatoschistus sp
year_f2005,0.07120445743605666,0.05803202432761373,-0.042536220196018465,0.1849451350681318,Pomatoschistus sp
year_f2006,0.059145473493637093,0.0547263190231145,-0.04811614079811653,0.1664070877853907,Pomatoschistus sp
year_f2007,0.019784761375116398,0.052979368036999826,-0.08405289190109574,0.12362241465132853,Pomatoschistus sp
year_f2008,0.12333959963760233,0.06188711627554481,0.0020430806304919252,0.24463611864471274,Pomatoschistus sp
year_f2009,0.0899859276933395,0.06085284382038932,-0.029283454551464333,0.20925530993814334,Pomatoschistus sp
year_f2010,0.11580312207962697,0.06851026087671915,-0.018474521810186037,0.25008076596943996,Pomatoschistus sp
year_f2012,0.022226249806398042,0.0637507530912542,-0.1027229302397657,0.14717542985256177,Pomatoschistus sp
year_f2013,0.08772770605783119,0.06341266284236627,-0.036558829276988,0.21201424139265038,Pomatoschistus sp
year_f2014,0.0921386019648068,0.06579118261054753,-0.03680974645216423,0.22108695038177784,Pomatoschistus sp
year_f2015,0.049496986313950636,0.056022886496132226,-0.06030585352844385,0.15929982615634514,Pomatoschistus sp
year_f2016,0.10180008301320197,0.06617474100463785,-0.027900026042154122,0.23150019206855804,Pomatoschistus sp
year_f2017,0.014089068517716482,0.06066994346397615,-0.104821835615758,0.13299997265119096,Pomatoschistus sp
year_f2019,0.04399310047021329,0.059486593426384876,-0.07259848020847817,0.16058468114890476,Pomatoschistus sp
year_f2022,-0.06232336143380862,0.06457451680230783,-0.18888708868540852,0.06424036581779127,Pomatoschistus sp
yday_ct,0.0017950865933280252,0.0014347170427373493,-0.0010169071384429924,0.004607080325099043,Pomatoschistus sp
(Intercept),3.6450006791685734,0.12505066034910872,3.3999058886413693,3.8900954696957775,Ammodytidae
temp_sc,-0.012533341989987718,0.032806100636943364,-0.07683211771159322,0.05176543373161778,Ammodytidae
chl_sc,0.03718408744504691,0.0281981137785305,-0.018083199992835523,0.09245137488292934,Ammodytidae
year_f1994,-0.10552571986250361,0.15866057120005464,-0.4164947251811636,0.20544328545615634,Ammodytidae
year_f1995,0.036422095537139335,0.1703517355335966,-0.2974611708126021,0.37030536188688074,Ammodytidae
year_f1997,-0.2414189973603609,0.201054455024019,-0.6354784881387662,0.1526404934180444,Ammodytidae
year_f1998,-0.1316028563753758,0.16749005913628903,-0.459877340050986,0.19667162730023444,Ammodytidae
year_f1999,-0.04092080880982738,0.17031539624946843,-0.37473285147145363,0.2928912338517988,Ammodytidae
year_f2000,-0.48080115010772406,0.18147518966684156,-0.8364859859423088,-0.1251163142731393,Ammodytidae
year_f2001,-0.0748942451810932,0.18250110658105595,-0.4325898412186686,0.28280135085648217,Ammodytidae
year_f2002,-0.14881287008893768,0.16650089606795104,-0.4751486297757683,0.17752288959789297,Ammodytidae
year_f2003,-0.27625377534915735,0.16509059866333567,-0.5998254029154515,0.04731785221713686,Ammodytidae
year_f2004,-0.221473331885846,0.1593828284461766,-0.5338579353944781,0.09091127162278606,Ammodytidae
year_f2005,-0.37154058817320307,0.19613376424815882,-0.7559557022518639,0.01287452590545779,Ammodytidae
year_f2006,-0.10554339235203555,0.16825950788209815,-0.4353259678573812,0.22423918315331007,Ammodytidae
year_f2007,-0.06858544706049428,0.17761966388458075,-0.41671359122038226,0.27954269709939367,Ammodytidae
year_f2008,-0.08946445993401217,0.1592994370124447,-0.4016856192359106,0.22275669936788625,Ammodytidae
year_f2009,0.012645600329211385,0.17363310553615321,-0.3276690330454911,0.35296023370391383,Ammodytidae
year_f2010,-0.37016428509148785,0.18757345184086366,-0.7378014951554388,-0.0025270750275368514,Ammodytidae
year_f2012,-0.26636292257963873,0.19418876537309127,-0.6469659089131963,0.11424006375391882,Ammodytidae
year_f2013,-0.16085197867926598,0.17062412199982954,-0.49526911269270013,0.17356515533416816,Ammodytidae
year_f2014,-0.13688256215869146,0.18398806686275587,-0.49749254679484023,0.22372742247745733,Ammodytidae
year_f2015,-0.10642946533830731,0.17083380410266086,-0.44125756872149346,0.2283986380448788,Ammodytidae
year_f2016,-0.11920227352832108,0.17050282845729428,-0.4533816765668288,0.21497712951018666,Ammodytidae
year_f2017,-0.20484953215094134,0.16655579279293448,-0.5312928874416087,0.12159382313972608,Ammodytidae
year_f2018,-0.21229619888725426,0.17348268108842885,-0.5523160057620227,0.12772360798751414,Ammodytidae
year_f2019,-0.1584066183396458,0.16254308755386815,-0.47698521588116805,0.16017197920187642,Ammodytidae
year_f2020,-0.19176507698760342,0.15866637407396458,-0.5027454557301336,0.11921530175492684,Ammodytidae
year_f2021,-0.7030275681881885,0.16533976309758508,-1.0270875490718399,-0.3789675873045371,Ammodytidae
year_f2022,-0.2756626581129997,0.16333886353013624,-0.5958009479077696,0.044475631681770156,Ammodytidae
year_f2023,-0.4533325672849525,0.15976034883879228,-0.7664570971665408,-0.1402080374033643,Ammodytidae
year_f2024,-0.19934471223850977,0.16400304993318074,-0.5207847834622681,0.12209535898524851,Ammodytidae
yday_ct,-0.005240566703859771,0.0030313768789010597,-0.011181956210073283,7.00822802353741e-4,Ammodytidae
(Intercept),2.721947635997466,0.0739584426905786,2.576991751971262,2.8669035200236697,Chirolophis ascanii
temp_sc,-0.04825813254887264,0.03289326740443305,-0.11272775199540672,0.016211486897661442,Chirolophis ascanii
chl_sc,0.04264319904048092,0.026026883493975833,-0.00836855523753171,0.09365495331849355,Chirolophis ascanii
year_f1994,-0.06480629708425419,0.08458923578911566,-0.2305981527106874,0.10098555854217904,Chirolophis ascanii
year_f1995,0.1540308495066244,0.09118680395149076,-0.024692002103612137,0.332753701116861,Chirolophis ascanii
year_f1996,-0.19027952473043855,0.09173556061540802,-0.3700779196382293,-0.010481129822647817,Chirolophis ascanii
year_f1997,-0.11686696549433817,0.11414292171268216,-0.3405829811413701,0.10684905015269375,Chirolophis ascanii
year_f1998,0.09877901551508018,0.08585628893636314,-0.06949621864645623,0.2670542496766166,Chirolophis ascanii
year_f1999,0.015579924459837066,0.08013472426363853,-0.1414812490079424,0.17264109792761656,Chirolophis ascanii
year_f2001,0.1462032984027251,0.10208070861955522,-0.05387121400793052,0.3462778108133807,Chirolophis ascanii
year_f2002,-0.18083843451630524,0.09530275048646292,-0.3676283930973796,0.005951524064769148,Chirolophis ascanii
year_f2003,-0.01711600530944539,0.09267973735899863,-0.198764952629714,0.16453294201082325,Chirolophis ascanii
year_f2004,0.058347008245591345,0.08831208663960058,-0.11474150096760664,0.23143551745878932,Chirolophis ascanii
year_f2005,0.07286081637866103,0.1001349234328522,-0.12340002714440516,0.2691216599017272,Chirolophis ascanii
year_f2006,0.0871895543328928,0.08283208026497131,-0.0751583397509819,0.2495374484167675,Chirolophis ascanii
year_f2007,-0.09981490290684027,0.09591007487477543,-0.28779519541594,0.08816538960225946,Chirolophis ascanii
year_f2008,-0.022861143538900328,0.10680442878291374,-0.23219397734278435,0.18647169026498367,Chirolophis ascanii
year_f2009,-0.006442502058993992,0.0806880055779421,-0.16458808697612748,0.1517030828581395,Chirolophis ascanii
year_f2010,0.02134557713421134,0.09037224394562159,-0.15578076620127487,0.19847192046969755,Chirolophis ascanii
year_f2012,-0.04299531706510517,0.10748874899428057,-0.253669393837161,0.16767875970695065,Chirolophis ascanii
year_f2013,0.11566179260833466,0.0950899983813446,-0.07071117950907276,0.3020347647257421,Chirolophis ascanii
year_f2014,-0.1384454747866876,0.11726192829574587,-0.36827463100406777,0.09138368143069256,Chirolophis ascanii
year_f2015,-0.09922284068741094,0.0887166962724187,-0.2731043702087304,0.07465868883390853,Chirolophis ascanii
year_f2016,-0.060722710435705096,0.1078545877246898,-0.27211381794351286,0.15066839707210267,Chirolophis ascanii
year_f2017,-0.17930967110935694,0.0965831221460752,-0.36860911203009716,0.009989769811383303,Chirolophis ascanii
year_f2018,-0.010927549466963282,0.0959745618550445,-0.19903423413486213,0.17717913520093556,Chirolophis ascanii
year_f2019,-0.17916172213132717,0.08217128065166761,-0.34021447277212863,-0.018108971490525705,Chirolophis ascanii
year_f2020,-0.10002402195985738,0.0966806217720595,-0.2895145586360329,0.0894665147163182,Chirolophis ascanii
year_f2021,-0.07117111488284734,0.09055133630284745,-0.24864847278840263,0.10630624302270796,Chirolophis ascanii
year_f2022,-0.18032213531109761,0.08932474878541913,-0.355395425858607,-0.005248844763588223,Chirolophis ascanii
year_f2023,-0.13223176587161803,0.09067765628791448,-0.3099567063984323,0.04549317465519628,Chirolophis ascanii
year_f2024,-0.2656058542001927,0.1018048424881198,-0.4651396789286806,-0.0660720294717049,Chirolophis ascanii
yday_ct,0.004010637199394194,0.0028931062880701514,-0.0016597469286696639,0.009681021327458052,Chirolophis ascanii
(Intercept),3.235362010629701,0.09624784227502342,3.0467197061809634,3.4240043150784385,Microstomus kitt
temp_sc,-0.05271430938135745,0.027951654988446716,-0.10749854646700235,0.00206992770428744,Microstomus kitt
chl_sc,0.07381099723511675,0.028116410286358095,0.01870384569930339,0.1289181487709301,Microstomus kitt
year_f1994,0.09061097862177021,0.10251739910742069,-0.110319431417493,0.2915413886610334,Microstomus kitt
year_f1995,-0.10859114336097064,0.09090665903809167,-0.2867649210304929,0.06958263430855158,Microstomus kitt
year_f1998,0.06345785647511792,0.11420462277852506,-0.16037909103877382,0.28729480398900964,Microstomus kitt
year_f1999,-0.0631319887054144,0.10255392367224263,-0.26413398557627954,0.13787000816545078,Microstomus kitt
year_f2000,0.15045217418770931,0.12184506800010896,-0.08835977078633803,0.38926411916175663,Microstomus kitt
year_f2001,0.06794505865809067,0.12489336300334816,-0.17684143473655892,0.3127315520527403,Microstomus kitt
year_f2002,0.1922141259402144,0.11143407001291213,-0.026192637935808172,0.41062088981623696,Microstomus kitt
year_f2003,0.12487809119124092,0.11789385330305717,-0.10618961528139957,0.3559457976638814,Microstomus kitt
year_f2006,0.2565833479838868,0.11127940309921842,0.03847972568830388,0.47468697027946977,Microstomus kitt
year_f2008,0.13454791779419692,0.11445078585730983,-0.08977150048843649,0.3588673360768303,Microstomus kitt
year_f2009,0.021152217471185224,0.12312733248725466,-0.2201729197163224,0.2624773546586929,Microstomus kitt
year_f2012,-0.2236166490746858,0.14027154872840822,-0.4985438326380211,0.05131053448864947,Microstomus kitt
year_f2014,-0.1263859187383644,0.148175297090373,-0.4168041644340181,0.16403232695728925,Microstomus kitt
year_f2015,-0.1731890569928051,0.11944050986456468,-0.4072881546224529,0.06091004063684269,Microstomus kitt
year_f2016,0.15284985832204653,0.13092644371260412,-0.10376125597856808,0.4094609726226611,Microstomus kitt
year_f2017,-0.08616381296175424,0.11509293224865848,-0.3117418150442334,0.13941418912072487,Microstomus kitt
year_f2018,-0.252983482438996,0.12349070779112734,-0.49502082213496534,-0.010946142743026605,Microstomus kitt
year_f2019,-0.2885094835223434,0.10806098224317763,-0.5003051168529938,-0.076713850191693,Microstomus kitt
year_f2020,-0.26653246088122023,0.11919133455886177,-0.5001431838858535,-0.03292173787658692,Microstomus kitt
year_f2021,-0.5461065609904412,0.10804565581955274,-0.757872155082775,-0.3343409668981074,Microstomus kitt
year_f2022,-0.0884887773399567,0.11968493128575078,-0.3230669321521793,0.1460893774722659,Microstomus kitt
year_f2023,-0.32513187939764165,0.11613003614404702,-0.5527425677633084,-0.09752119103197482,Microstomus kitt
yday_ct,0.0027780542256856736,0.0031157384456823715,-0.0033286809130985808,0.008884789364469927,Microstomus kitt
(Intercept),4.259910980950735,0.08712554447385776,4.0891480516485315,4.430673910252939,Syngnathus rostellatus
temp_sc,-0.019971543888769726,0.021901088616197262,-0.06289688879873652,0.022953801021197068,Syngnathus rostellatus
chl_sc,-0.047836619822845525,0.022183980356085858,-0.09131642235451784,-0.0043568172911732095,Syngnathus rostellatus
year_f1998,-0.04301175298370496,0.10439593254550691,-0.24762402090537136,0.16160051493796143,Syngnathus rostellatus
year_f1999,-0.012929449482938105,0.1002473875536088,-0.2094107186322402,0.18355181966636397,Syngnathus rostellatus
year_f2000,-0.14412197521689285,0.10788006637381123,-0.35556301995935335,0.06731906952556765,Syngnathus rostellatus
year_f2001,-0.04879998711732178,0.10929507933584923,-0.2630144063030341,0.16541443206839054,Syngnathus rostellatus
year_f2003,-0.17012543965886132,0.09613860402974014,-0.35855364108110926,0.018302761763386632,Syngnathus rostellatus
year_f2004,-0.13841748216283897,0.09467620971661653,-0.32397944340016843,0.047144479074490486,Syngnathus rostellatus
year_f2005,0.007492862068437263,0.1042488303573113,-0.1968310908623187,0.21181681499919325,Syngnathus rostellatus
year_f2006,-0.10915505184617752,0.10447201512873358,-0.31391643889081894,0.0956063351984639,Syngnathus rostellatus
year_f2007,0.06294376740155931,0.10216501884355118,-0.13729599001165693,0.2631835248147755,Syngnathus rostellatus
year_f2008,-0.1534369540688424,0.10060359508436136,-0.3506163771494414,0.04374246901175663,Syngnathus rostellatus
year_f2009,-0.1646998892585717,0.11169477284975807,-0.3836176213054797,0.0542178427883363,Syngnathus rostellatus
year_f2012,0.002151813812689179,0.10938703219910359,-0.21224282967327704,0.21654645729865538,Syngnathus rostellatus
year_f2013,0.003375255232026355,0.1030288438106207,-0.19855756800559263,0.20530807846964536,Syngnathus rostellatus
year_f2014,0.019132306870961124,0.11065823655090183,-0.19775385136152024,0.2360184651034425,Syngnathus rostellatus
year_f2015,0.019557219231171798,0.09783781966877748,-0.17220138364555657,0.21131582210790015,Syngnathus rostellatus
year_f2016,-0.09579199515246704,0.10147101078536966,-0.2946715217666669,0.10308753146173281,Syngnathus rostellatus
year_f2018,-0.150770312680083,0.10510249807845477,-0.35676742359904456,0.05522679823887855,Syngnathus rostellatus
year_f2019,-0.13588544509594513,0.10650787283734194,-0.34463703992710715,0.0728661497352169,Syngnathus rostellatus
year_f2020,-0.2849065278785519,0.0998389597113697,-0.48058729316678195,-0.08922576259032186,Syngnathus rostellatus
year_f2021,-0.11307505768804964,0.10607532975533325,-0.3209788836567127,0.09482876828061342,Syngnathus rostellatus
year_f2022,-0.4477123239483856,0.10789992695465525,-0.6591922947140124,-0.2362323531827588,Syngnathus rostellatus
year_f2023,-0.08343667194101322,0.11417758570276584,-0.3072206277601696,0.14034728387814316,Syngnathus rostellatus
year_f2024,-0.18599106198081827,0.10492418737735831,-0.3916386903475727,0.01965656638593613,Syngnathus rostellatus
yday_ct,0.006738105629980621,0.0023177820693911612,0.0021953362499612297,0.011280875010000012,Syngnathus rostellatus
(Intercept),1.814938434841906,0.07882137674409531,1.6604513752116161,1.9694254944721958,Myoxocephalus scorpius
temp_sc,-0.12429171316701153,0.02998150458973318,-0.18305438236521088,-0.06552904396881218,Myoxocephalus scorpius
chl_sc,0.01081986747378031,0.023740682102771932,-0.035711014416067305,0.057350749363627926,Myoxocephalus scorpius
year_f1999,0.2480671689294838,0.07016907158322366,0.1105383157977525,0.3855960220612151,Myoxocephalus scorpius
year_f2003,0.2788452196301008,0.07273042663878357,0.1362962028378525,0.4213942364223491,Myoxocephalus scorpius
year_f2004,0.4692375916230947,0.0942128507638725,0.2845837972450577,0.6538913860011317,Myoxocephalus scorpius
year_f2005,0.3423936241623929,0.07614634335808701,0.1931495336261216,0.49163771469866413,Myoxocephalus scorpius
year_f2006,0.25346986478301337,0.06947461474849881,0.11730212203616047,0.38963760752986626,Myoxocephalus scorpius
year_f2007,0.2143783466095277,0.06973089393667434,0.0777083058838636,0.35104838733519184,Myoxocephalus scorpius
year_f2008,0.12922473156937953,0.09708109513792886,-0.06105071848066754,0.3195001816194266,Myoxocephalus scorpius
year_f2009,0.24370320362664605,0.07101577661944697,0.10451483911838838,0.3828915681349037,Myoxocephalus scorpius
year_f2010,0.2767532505968772,0.08761317873392735,0.10503457570730909,0.4484719254864453,Myoxocephalus scorpius
year_f2013,0.3444365866474757,0.08894391368623225,0.1701097191784213,0.51876345411653,Myoxocephalus scorpius
year_f2015,0.10709118700846787,0.09269493999770949,-0.074587556936144,0.28876993095307973,Myoxocephalus scorpius
year_f2016,0.22043602719487038,0.09146259425707601,0.04117263651840147,0.3996994178713393,Myoxocephalus scorpius
year_f2017,0.23673389481766038,0.08876011849557179,0.0627672593028322,0.41070053033248854,Myoxocephalus scorpius
year_f2019,0.18645127989295848,0.06421746647388278,0.06058735842573987,0.3123152013601771,Myoxocephalus scorpius
year_f2020,0.025660099419176623,0.08074655635671112,-0.13260024291561087,0.18392044175396413,Myoxocephalus scorpius
year_f2022,-0.057501903303189404,0.08655393012041405,-0.2271444890595975,0.11214068245321868,Myoxocephalus scorpius
year_f2023,0.10652327342237884,0.08940735339090534,-0.06871191917684068,0.2817584660215984,Myoxocephalus scorpius
yday_ct,0.004621425945102363,0.003809204041420719,-0.002844476785846665,0.01208732867605139,Myoxocephalus scorpius
